blues,classical,country,disco,hiphop,jazz,metal,pop,reggae,rock,label,label_name
0.16095483,0.0009904528,0.1358961,0.0117250495,0.041976146,0.017268842,0.0035551686,0.019934185,0.22681652,0.3808827,0,blues
0.32460648,0.0032112473,0.051993802,0.01216417,0.037986223,0.020795176,0.003117462,0.021462794,0.3824293,0.1422333,0,blues
0.10980309,0.000960205,0.010469132,0.010147184,0.02543196,0.0041484577,0.00046622788,0.006101799,0.78750104,0.044970937,0,blues
0.27437305,0.00012733061,0.024804471,0.008172516,0.029471986,0.0032610581,0.00077325845,0.008590298,0.53946763,0.11095844,0,blues
0.45715302,0.0003336579,0.14454202,0.029767664,0.011444324,0.0038715666,0.0013280953,0.008803837,0.17777865,0.16497715,0,blues
0.403577,0.0005797271,0.15557174,0.03351277,0.041023746,0.0042538936,0.00067034987,0.018623684,0.23954606,0.10264093,0,blues
0.52422804,0.00022955146,0.065902755,0.026320077,0.022524975,0.0014911857,0.00041657136,0.009679668,0.23426987,0.11493734,0,blues
0.631915,0.00090962043,0.05743651,0.007003565,0.030477041,0.025310213,0.0009092167,0.008281347,0.15726018,0.0804973,0,blues
0.3198457,0.003718193,0.44835216,0.02412691,0.0065054684,0.0024618448,0.00085602805,0.008055557,0.090987705,0.09509042,0,blues
0.31656665,0.002475443,0.20966692,0.039170798,0.020840626,0.0042783613,0.00046964193,0.010123764,0.28021848,0.11618934,0,blues
0.093292706,0.016172709,0.053966764,0.008576652,0.21903685,0.16450566,0.00075828354,0.0030915895,0.21459755,0.22600116,0,blues
0.11142133,0.008919362,0.04048293,0.012805777,0.15376966,0.19509697,0.002198337,0.004176958,0.2910741,0.18005459,0,blues
0.30344826,0.004612713,0.030238431,0.007322707,0.0149623575,0.31792727,0.00043334803,0.00061358046,0.23824164,0.082199596,0,blues
0.13966727,0.026639825,0.08508869,0.008109803,0.12594442,0.25295737,0.0026583464,0.0027235798,0.136632,0.21957871,0,blues
0.16900335,0.01036138,0.042586684,0.010358792,0.102364905,0.055663884,0.009215682,0.003228767,0.07961692,0.51759964,0,blues
0.09653095,0.016825406,0.13943616,0.10852831,0.020296223,0.020688996,0.01069507,0.007950154,0.11001053,0.46903813,0,blues
0.18436702,0.02384351,0.32087725,0.023965737,0.010745202,0.055073798,0.0013457633,0.0023636548,0.20042068,0.17699732,0,blues
0.13835263,0.01604271,0.09754358,0.016321342,0.13466835,0.08444082,0.009365516,0.031875502,0.21297833,0.2584112,0,blues
0.1564065,0.009606261,0.065011285,0.023872217,0.05281949,0.067524254,0.00911447,0.025931148,0.2916385,0.2980759,0,blues
0.13912028,0.029517895,0.42251766,0.009977852,0.004315534,0.044686873,0.0024760035,0.0058318605,0.036048476,0.30550766,0,blues
0.45846093,0.02939833,0.044037394,0.005624986,0.10416575,0.08065612,0.04028869,0.027806794,0.08203378,0.12752715,0,blues
0.27805293,0.018062556,0.049590286,0.015364619,0.09088446,0.01547815,0.026757736,0.032524124,0.28550786,0.18777733,0,blues
0.50906354,0.002699563,0.024896143,0.006414768,0.026542768,0.005824404,0.0021409176,0.009894161,0.34684813,0.06567559,0,blues
0.5996272,0.007723343,0.03346754,0.008858941,0.019785715,0.008834137,0.0008508683,0.0048733796,0.2845685,0.031410452,0,blues
0.6300439,0.012705396,0.09811227,0.00920579,0.034237668,0.018859526,0.0010953733,0.010966454,0.1410081,0.043765437,0,blues
0.58374137,0.0076784533,0.06337735,0.005974035,0.028205013,0.024385715,0.0004569328,0.006178775,0.25151742,0.028484914,0,blues
0.30848482,0.0014498429,0.07061049,0.006593986,0.030197546,0.006713885,0.0010528124,0.0063380613,0.52250403,0.04605453,0,blues
0.34857866,0.061010644,0.27417895,0.0028862928,0.10914914,0.101812325,0.00096903095,0.0038420192,0.059033338,0.038539678,0,blues
0.14545706,0.02993043,0.21596864,0.012439757,0.18591878,0.12597238,0.0023442637,0.020902634,0.19099216,0.0700739,0,blues
0.30537942,0.03390111,0.19775455,0.013071623,0.07693236,0.21606551,0.0023428143,0.015275693,0.04479277,0.09448415,0,blues
0.030367343,0.15325518,0.3000066,0.001406692,0.00791009,0.4775864,0.0057639396,0.0042495965,0.0016907791,0.017763412,0,blues
0.04330804,0.19133738,0.33615816,0.0017247658,0.012810717,0.38349813,0.002988916,0.0044902093,0.005111153,0.018572474,0,blues
0.011939819,0.08017694,0.08297572,0.00017348734,0.0018571641,0.82031256,0.00049983105,0.0002426846,0.0004834278,0.0013383823,0,blues
0.01595587,0.09649842,0.16122971,0.0009268616,0.005896949,0.70556957,0.0031418933,0.0018708126,0.0014507939,0.007459047,0,blues
0.028933395,0.09686887,0.63502705,0.0018055559,0.0086259255,0.20349245,0.0035544655,0.0029689057,0.0025546588,0.01616873,0,blues
0.064274244,0.2343046,0.13749,0.0034901032,0.03167435,0.42746246,0.0073020714,0.011474091,0.010350325,0.072177656,0,blues
0.054179963,0.21170807,0.3184656,0.0035269978,0.027489513,0.29876402,0.0031221597,0.019507516,0.021454213,0.04178194,0,blues
0.015715538,0.37621143,0.32843667,0.00202516,0.0066492613,0.23454909,0.0010137013,0.007628326,0.004196457,0.023574378,0,blues
0.10917135,0.2039716,0.16358659,0.001796759,0.014723113,0.41597322,0.012557764,0.020007819,0.0053733224,0.052838486,0,blues
0.02560344,0.4699115,0.31698146,0.001778711,0.0043810275,0.14567558,0.0017353313,0.0054615224,0.0024872152,0.025984254,0,blues
0.2715082,0.007840086,0.46440852,0.023067756,0.0040546814,0.14426903,0.004633273,0.008784301,0.02861517,0.042818993,0,blues
0.71439266,0.0039964584,0.09816706,0.008205234,0.0026212551,0.048564833,0.0007635577,0.0032018644,0.07559135,0.04449564,0,blues
0.86548626,0.0020995925,0.012768503,0.0028370542,0.0023029996,0.0061943824,0.00021979053,0.0014344936,0.089140095,0.017516764,0,blues
0.9397499,0.00022470574,0.0067236223,0.0025528814,0.0015612091,0.0013669465,0.00020092573,0.0012571021,0.038308997,0.008053668,0,blues
0.8656326,0.0010881757,0.027785406,0.0061899284,0.000944615,0.0035007116,0.0002098639,0.0010394175,0.073729396,0.019879948,0,blues
0.33136672,0.00200696,0.1804048,0.0039188205,0.074257955,0.010400633,0.00054283533,0.007824694,0.3368101,0.052466456,0,blues
0.25580284,0.06554662,0.3557254,0.011794401,0.07005558,0.0772225,0.001566762,0.017055849,0.08303635,0.062193703,0,blues
0.7063807,0.00016771491,0.034495294,0.004215408,0.020832041,0.0024764154,0.00022558805,0.0058387755,0.19899763,0.026370429,0,blues
0.19057167,0.005428791,0.5152172,0.0034425466,0.037197404,0.021889778,0.00021918822,0.0049235513,0.14971368,0.07139623,0,blues
0.3477679,0.0074381744,0.47755963,0.005866453,0.0064601493,0.019717462,0.000314876,0.0042050984,0.06512819,0.06554198,0,blues
0.19584176,0.0018194427,0.45639697,0.028828742,0.004078842,0.0038321305,0.0012061928,0.007567367,0.12467936,0.17574918,0,blues
0.33307302,0.003257967,0.13972645,0.012370684,0.006140261,0.012902651,0.00037176773,0.0074326554,0.38053006,0.1041945,0,blues
0.65106684,0.00021556225,0.011517762,0.006878981,0.003123202,0.0027209595,0.0001871857,0.0005984216,0.27004918,0.053641938,0,blues
0.65295285,0.0005143317,0.039279226,0.0138175385,0.0038323172,0.01292143,0.00030551493,0.0008756739,0.16997702,0.105524056,0,blues
0.7292867,0.0022374664,0.09930882,0.014418446,0.003377367,0.027815465,0.0014191393,0.0030538489,0.04063908,0.078443706,0,blues
0.815755,0.0013266954,0.014382346,0.017954383,0.008432554,0.0014341057,0.0007484157,0.0031181758,0.096941575,0.03990675,0,blues
0.56642723,0.009220054,0.06874871,0.031726316,0.011820069,0.008460774,0.0012599322,0.0060053137,0.19349205,0.102839544,0,blues
0.25170317,0.0032666398,0.1200976,0.05461967,0.011887688,0.008437663,0.0011828458,0.004071485,0.44195193,0.102781355,0,blues
0.5708135,0.02284168,0.20779024,0.04245925,0.0069975783,0.014090434,0.0010028818,0.014519463,0.04594848,0.07353649,0,blues
0.23571026,0.0014916282,0.026947886,0.027488722,0.0056510447,0.004424702,0.0005762749,0.008487095,0.63383293,0.055389486,0,blues
0.14815156,0.047832288,0.5014734,0.007947763,0.0037026438,0.23936744,0.0017240269,0.00814761,0.003174538,0.038478754,0,blues
0.049794886,0.054025125,0.58438706,0.010090501,0.010391852,0.23074816,0.0037623784,0.021411505,0.0027005165,0.03268796,0,blues
0.14015676,0.038163524,0.50564057,0.014120479,0.039380252,0.024523212,0.0072812233,0.06904519,0.015505306,0.14618352,0,blues
0.11174308,0.0024803663,0.66105205,0.005156123,0.005082734,0.0049682725,0.001537635,0.014432122,0.0095281815,0.18401937,0,blues
0.05543615,0.0028112167,0.78357095,0.005119584,0.006070717,0.0074406257,0.0037150588,0.018243657,0.009898107,0.107693985,0,blues
0.20927648,0.0023808014,0.57365745,0.011523071,0.008238626,0.0040631234,0.0012584155,0.05023913,0.019397762,0.119965166,0,blues
0.7907273,0.0050765914,0.06701005,0.0070368024,0.013546448,0.0034707808,0.00027083428,0.052242294,0.023214025,0.037404817,0,blues
0.5424835,0.035992876,0.21533464,0.006414802,0.009654342,0.06166502,0.0022704392,0.044604585,0.01086353,0.070716254,0,blues
0.15806633,0.006018734,0.49465787,0.012969523,0.007718864,0.019530635,0.0025975762,0.020665383,0.13645072,0.14132439,0,blues
0.13292462,0.0028649808,0.73681986,0.009293038,0.003955649,0.011944844,0.0006370957,0.027839746,0.01866785,0.055052288,0,blues
0.7204897,0.002438186,0.009891067,0.011441893,0.012742643,0.1444086,0.00035874112,0.00049315754,0.09200021,0.0057358136,0,blues
0.4713127,0.0045032133,0.024845565,0.053497154,0.02888745,0.039737012,0.00088563276,0.0022306906,0.36492738,0.00917328,0,blues
0.51765484,0.0038353484,0.004494097,0.043149073,0.08933643,0.053354323,0.001271295,0.0017516504,0.27415186,0.011001079,0,blues
0.66920894,0.018528782,0.016678462,0.014778996,0.019376025,0.06355472,0.002390821,0.0007512445,0.15206483,0.042667136,0,blues
0.83116776,0.0989962,0.0033983449,0.002794464,0.00036494798,0.026506677,0.00014303949,8.564893e-05,0.033465337,0.0030776283,0,blues
0.09016936,0.00064503326,0.006611291,0.014636728,0.73751265,0.0069638817,0.0033192497,0.002418424,0.122154064,0.01556936,0,blues
0.06979098,0.00034975947,0.019322459,0.023240393,0.039970692,0.015071645,0.0008318048,0.001307389,0.79058355,0.039531272,0,blues
0.6079203,0.069682285,0.06460634,0.01072535,0.004510744,0.14921632,0.00023789215,0.0010349803,0.07472362,0.01734213,0,blues
0.6948285,0.045929935,0.024991361,0.010695,0.004284283,0.059171278,0.00031999926,0.0021296886,0.1277669,0.029883038,0,blues
0.60911113,0.15197495,0.04381769,0.028473351,0.0014439882,0.056467798,0.00011679333,0.0006700292,0.09269771,0.015226552,0,blues
0.3111369,0.00654663,0.078158215,0.07696683,0.0033799245,0.14468361,0.0341119,0.003921323,0.0015215637,0.33957303,0,blues
0.24446416,0.0036037362,0.040216606,0.23750782,0.0044142827,0.042630486,0.03762878,0.0043568215,0.0037096308,0.3814677,0,blues
0.30708382,0.0010238198,0.038479544,0.31608498,0.009277641,0.037210744,0.088309616,0.007456312,0.00348441,0.19158915,0,blues
0.638095,0.0004086796,0.0037108143,0.027464364,0.008315973,0.12675472,0.07017948,0.0025611299,0.0021837899,0.120325945,0,blues
0.53637934,0.0007572959,0.0041739573,0.012946017,0.007518983,0.058518652,0.069382675,0.0016199413,0.0036178455,0.30508524,0,blues
0.1419161,0.002198312,0.091047004,0.3558823,0.006149176,0.014465166,0.06326739,0.0031256503,0.0037288994,0.31822005,0,blues
0.28026,0.00082419993,0.01676699,0.6094522,0.004742111,0.009406907,0.02833,0.0010770281,0.0035826084,0.04555797,0,blues
0.6258207,0.00013236397,0.04710484,0.04243526,0.018197179,0.007950739,0.030351875,0.001723145,0.0073192017,0.21896476,0,blues
0.43511507,0.0001562956,0.0073626773,0.021025134,0.05093656,0.005547968,0.30358326,0.0034895935,0.0036992203,0.16908422,0,blues
0.659498,0.0001517154,0.008053634,0.050237317,0.021322755,0.002126847,0.14389892,0.0030841029,0.0045223436,0.107104376,0,blues
0.14490832,0.008284556,0.3118951,0.013027681,0.012440099,0.092277005,0.09919137,0.0065385243,0.0035305659,0.30790678,0,blues
0.11429982,0.0035905887,0.34760845,0.007297616,0.014328808,0.21546184,0.048874844,0.0052085132,0.0079687,0.23536079,0,blues
0.2801498,0.0055618957,0.24069639,0.005944135,0.008836301,0.1153267,0.053921957,0.0043644225,0.011824293,0.27337414,0,blues
0.057515293,0.017821385,0.2157372,0.008303781,0.0043985727,0.020835217,0.04584539,0.0032935576,0.0029880244,0.62326163,0,blues
0.15589899,0.03326261,0.42116153,0.01422906,0.0024598367,0.092242554,0.008503603,0.0023270063,0.022259597,0.24765524,0,blues
0.014245283,0.016350143,0.5218765,0.0033929076,0.007209132,0.03393838,0.06660319,0.018065613,0.0018248706,0.3164939,0,blues
0.26558024,0.047643844,0.10373287,0.026523778,0.0079019405,0.13765126,0.045228068,0.0067116073,0.018263843,0.34076253,0,blues
0.07899596,0.022518983,0.2082143,0.0049848175,0.006805075,0.08815067,0.064588875,0.021580838,0.016359786,0.48780063,0,blues
0.16983052,0.07150369,0.11201905,0.07005044,0.0614352,0.058057282,0.07196703,0.07256936,0.087217376,0.22534998,0,blues
0.16502863,0.074248895,0.37508115,0.015605861,0.008240492,0.16567066,0.018064735,0.0076211975,0.037220817,0.13321751,0,blues
0.00039803062,0.9944027,0.0005843403,0.0007429107,0.0010246029,0.0014638604,0.000101206766,0.0005942548,0.00011460664,0.0005734908,1,classical
0.0003082327,0.99511033,0.0008839669,0.0005583503,0.0004197767,0.0013514641,0.00012306067,0.00039770466,7.4528325e-05,0.0007726761,1,classical
2.8591563e-05,0.99960774,7.873992e-05,2.8542143e-05,2.2059678e-05,0.00012402516,3.100737e-06,2.007618e-05,3.7708787e-06,8.350768e-05,1,classical
3.784673e-05,0.9991743,0.00014777882,4.6619938e-05,2.777381e-05,0.00037780288,1.0337252e-05,2.5367086e-05,3.3938227e-06,0.00014872466,1,classical
1.0808918e-05,0.9998623,3.0315343e-05,1.07391e-05,1.169637e-05,3.6796486e-05,6.8267894e-07,1.0264849e-05,9.850847e-07,2.5386707e-05,1,classical
4.3816784e-05,0.9993375,0.00022183346,3.627654e-05,5.717617e-06,0.00015464998,8.272462e-06,2.1065425e-05,2.8237716e-06,0.00016805451,1,classical
7.95655e-05,0.9974727,0.000120378994,4.9728274e-05,1.1912475e-05,0.002007534,2.0596186e-05,2.3586252e-05,3.0107249e-06,0.0002109184,1,classical
9.857998e-05,0.9980844,0.00066383195,6.28433e-05,9.617372e-06,0.00056071614,2.8552238e-05,8.4508465e-05,7.860699e-06,0.00039902396,1,classical
0.0005985226,0.9962914,0.0010410906,0.00018081826,4.2826097e-05,0.0008566008,4.7385678e-05,0.00020764492,2.2875724e-05,0.0007109645,1,classical
3.9687635e-05,0.999408,7.9573205e-05,3.1386073e-05,2.8597915e-06,0.00032932925,4.199794e-06,1.8347937e-05,4.9414175e-06,8.169307e-05,1,classical
4.1834545e-07,0.99994755,2.3266697e-05,9.915292e-07,4.4172456e-08,1.6761458e-05,2.7121894e-07,2.4044405e-06,3.3621173e-08,8.198071e-06,1,classical
1.1536293e-05,0.99116313,0.0003937584,5.408904e-05,3.1553782e-06,0.0081270365,3.4711677e-06,0.00010826576,6.793877e-06,0.00012875073,1,classical
1.6773767e-05,0.9986331,0.00020691368,9.306428e-05,1.1090975e-06,0.00090709096,1.7314684e-06,3.164653e-05,1.8640441e-05,8.994518e-05,1,classical
3.4097773e-06,0.9996928,3.5591263e-05,1.758523e-05,1.139123e-07,0.000184329,7.8894703e-07,7.84401e-06,4.4433555e-06,5.3085125e-05,1,classical
1.0770816e-06,0.9997534,2.9910505e-05,1.2895203e-05,5.335733e-08,0.00014349363,4.9477734e-07,8.759756e-06,2.0383648e-06,4.7939924e-05,1,classical
0.0014532555,0.94833875,0.023179578,0.0010817097,0.00010221346,0.019712996,7.811124e-05,0.0013719008,0.0008814049,0.0038001528,1,classical
4.5754834e-05,0.9957188,0.0019618613,0.00016453772,3.1502414e-06,0.0013297683,6.071994e-06,0.00015136777,4.895295e-05,0.000569872,1,classical
0.00010369354,0.9925962,0.0024640125,0.00034833085,1.968239e-05,0.003866366,1.2920564e-05,0.00010463608,7.998082e-05,0.00040421516,1,classical
0.0003328703,0.9849871,0.0044989437,0.0012829261,4.009027e-05,0.004122772,3.5682915e-05,0.0013569933,0.00018739424,0.003155235,1,classical
0.00033819696,0.9790218,0.0082914,0.0007133308,5.0389757e-05,0.010338064,2.4563675e-05,0.000167054,0.00012447868,0.0009307143,1,classical
9.925616e-05,0.9991509,0.00013539773,0.00013534582,6.0386105e-06,0.00020266492,6.966019e-06,1.995719e-05,2.2500057e-05,0.00022108394,1,classical
7.564014e-05,0.9993636,6.556586e-05,6.931736e-05,1.0943476e-05,0.00034035175,5.308685e-06,2.2353513e-05,1.2149465e-05,3.476473e-05,1,classical
0.0018611291,0.9904241,0.00015119757,0.00019058397,7.149455e-05,0.007003788,2.7018055e-05,0.00010881767,7.2833354e-05,8.9066234e-05,1,classical
0.0041142716,0.9851087,0.00021777442,0.00015067741,8.990223e-05,0.009761256,2.5876265e-05,0.0002940587,0.00012589965,0.0001115723,1,classical
0.0014663335,0.95105594,0.00055843586,0.00013937656,0.00016392543,0.045438852,0.000106413696,0.00070470455,7.508096e-05,0.0002908508,1,classical
0.33798224,0.300944,0.0068969326,0.0028139155,0.0012804486,0.33135757,0.0013968536,0.0005893365,0.012427051,0.004311604,1,classical
0.020327153,0.59298265,0.0053414823,0.0012350836,0.00041513192,0.36875212,0.0022474178,0.0010323881,0.0012053539,0.006461274,1,classical
0.053504065,0.51317495,0.010937836,0.0025227733,0.0010101718,0.37280318,0.0043887272,0.011374472,0.004082028,0.026201751,1,classical
0.115433864,0.3467504,0.013729199,0.0034257525,0.002679512,0.47575343,0.004236433,0.009820918,0.009083412,0.019086972,1,classical
0.023332497,0.51041657,0.0066408,0.00084898574,0.0005896581,0.43095917,0.0036407567,0.0058853226,0.0013563932,0.016329855,1,classical
0.00012140274,0.9965911,0.00029761877,0.0001296394,2.2274803e-06,0.0022588188,2.6229718e-06,1.5090188e-05,0.0003637318,0.0002177633,1,classical
0.00014497244,0.9985947,0.00018693658,0.00021060239,1.2318455e-06,0.00074418,4.75378e-06,2.2806746e-05,2.7408814e-05,6.241243e-05,1,classical
0.00050245284,0.99760866,0.00011213976,0.00012678241,4.693431e-06,0.0014011364,2.1620937e-05,3.8425234e-05,4.903983e-05,0.0001350354,1,classical
0.0003498766,0.99552923,0.0002972736,8.979509e-05,5.9570016e-06,0.0034961062,1.1103975e-05,1.6304082e-05,1.871566e-05,0.00018562678,1,classical
0.00074752036,0.9976063,0.000188717,0.00020572214,3.2294615e-06,0.0010806757,1.2054268e-05,3.2330317e-05,3.9419665e-05,8.401135e-05,1,classical
0.018692996,0.9574514,0.0008650434,0.00038107813,2.1710528e-05,0.021903353,3.942179e-05,1.7246857e-05,0.00010587312,0.00052181375,1,classical
0.003157106,0.98529667,0.0010740246,0.00023527165,2.2221084e-05,0.009372144,1.679953e-05,2.7611632e-05,0.00012450517,0.0006735644,1,classical
0.0015844702,0.90328234,0.00081854995,0.0001212807,2.3856775e-05,0.0934439,3.0783816e-05,2.2629636e-05,6.235676e-05,0.0006097955,1,classical
0.00035120433,0.94159955,0.0009206004,8.604339e-05,2.2801967e-05,0.05660834,1.1446299e-05,2.4933182e-05,3.8283833e-05,0.00033674645,1,classical
0.014929027,0.95853573,0.0041455743,0.0018265079,7.9408805e-05,0.017102052,6.140978e-05,0.00014991954,0.0019485314,0.0012218305,1,classical
1.3059426e-05,0.9996176,6.788196e-05,1.0669706e-05,4.832675e-06,1.48460895e-05,2.435223e-06,6.108019e-06,1.0305828e-06,0.00026152105,1,classical
6.8230984e-05,0.99912447,0.00014372045,6.192083e-05,1.6984037e-05,4.3524557e-05,7.182048e-06,2.0393112e-05,5.2311634e-06,0.0005082532,1,classical
0.00016682876,0.9984876,0.00023394353,0.00013537858,1.8174464e-05,0.0004489422,2.5145664e-05,2.897844e-05,5.462199e-05,0.00040027447,1,classical
0.00012580457,0.99892443,1.8143235e-05,3.978592e-05,6.783098e-06,0.00073131634,8.270462e-06,1.091216e-05,3.5696838e-05,9.898085e-05,1,classical
3.3235934e-05,0.9994597,8.47187e-06,1.43030375e-05,3.0084911e-06,0.00042127905,4.138285e-06,4.311306e-06,8.049588e-06,4.348082e-05,1,classical
0.012399869,0.9150312,0.017432762,0.0065308507,0.006050998,0.008745464,0.0016518357,0.007905179,0.009544705,0.0147071155,1,classical
0.00027261407,0.996552,0.0007120959,0.00032710787,5.3472835e-05,0.00042021993,3.3702287e-05,0.00029540827,0.00030170477,0.0010315374,1,classical
0.001367479,0.9787861,0.0025906574,0.0009864387,0.0005520896,0.0037839764,0.00047940487,0.0013633928,0.00064882217,0.009441736,1,classical
0.0002093226,0.9962543,0.00037878242,0.00018050744,7.467721e-05,0.0011766221,2.5594565e-05,0.00011114824,0.00011835145,0.0014705425,1,classical
0.00018097428,0.99688965,0.00041335315,8.6142056e-05,6.9064175e-05,0.0015928231,2.1983902e-05,4.023947e-05,3.7899703e-05,0.00066793937,1,classical
0.0011195014,0.9873016,0.0005011067,0.0009195744,0.00013214476,0.009178568,6.0343897e-05,0.00015292995,0.00011944617,0.0005147308,1,classical
0.0056111575,0.9711623,0.0032980493,0.0023460712,0.0037792365,0.008270076,0.0008534776,0.0029938805,0.0004347925,0.0012509439,1,classical
0.005944175,0.969824,0.0010572881,0.0014449286,0.0020819814,0.014892197,0.001050978,0.0014699193,0.00016277282,0.002071791,1,classical
0.0033136103,0.9848846,0.0017466962,0.0014674135,0.0015139336,0.003962935,0.00049476506,0.0011688931,0.00023859188,0.0012085767,1,classical
0.0011456133,0.9889819,0.0005110563,0.00054308143,0.0002553795,0.007866611,7.696705e-05,0.00016043271,8.399785e-05,0.00037501217,1,classical
1.9712268e-06,0.9996259,3.2865737e-06,6.251741e-07,2.394399e-06,0.00034368088,8.4060525e-07,1.2376004e-06,3.469407e-08,1.9839601e-05,1,classical
0.0019633449,0.9809744,0.0005050769,0.00013733604,0.00012059701,0.015677182,8.026325e-05,5.3237432e-05,4.249233e-05,0.00044616748,1,classical
0.022502478,0.8531221,0.0009444744,0.00040897168,0.0003431429,0.12093923,0.00032452348,0.00014949274,0.00061922136,0.0006463992,1,classical
0.0042658,0.93267536,0.00025831387,0.00015320114,0.00023415677,0.061452135,0.00025465543,6.916903e-05,0.000111589994,0.0005257084,1,classical
0.015063587,0.8929537,0.00070499675,0.00023029017,0.0002987985,0.08938967,0.00033750662,0.00013688671,0.00034440105,0.00054016616,1,classical
0.002273435,0.94779366,0.004580563,0.004007673,3.4464836e-05,0.03742298,0.00012797953,0.00018498377,7.216721e-05,0.0035021142,1,classical
0.0019726846,0.97652096,0.0010022701,0.0006992507,0.00010143709,0.013819389,0.0005236214,7.5179756e-05,4.5454206e-05,0.005239729,1,classical
0.0004009037,0.9942274,0.00014305081,6.338411e-05,0.00010304428,0.002810264,0.00020665962,1.88382e-05,8.3178575e-06,0.002018049,1,classical
0.0012593417,0.979076,0.00073261984,0.00080081087,0.00055035244,0.013184328,0.0004196819,0.00072465517,0.00031551564,0.0029366831,1,classical
0.0005717374,0.9927731,0.00020569225,0.00032012284,5.125126e-05,0.0056254803,2.261716e-05,0.00013203063,9.158963e-05,0.00020636222,1,classical
0.00042528342,0.98887455,0.0006038976,0.00025148428,1.789322e-05,0.0042304085,0.00019560101,4.989478e-05,1.1328676e-05,0.005339576,1,classical
0.0001361126,0.9904501,0.000545781,0.0001884395,2.511281e-05,0.0024293049,0.00016385934,4.526453e-05,1.2196081e-05,0.0060038804,1,classical
0.0013262115,0.9734501,0.000952885,8.412625e-05,1.4159204e-05,0.023613214,1.4462074e-05,6.109835e-05,3.3720804e-05,0.00045008372,1,classical
0.0007788518,0.978049,0.0011118544,0.00087623304,3.3925025e-05,0.01683364,4.767825e-05,0.00028367635,0.00030461032,0.0016805402,1,classical
0.058838796,0.82897013,0.007378908,0.002057755,0.00058844534,0.097650215,0.0006305918,0.0004451179,0.0014849028,0.0019551804,1,classical
8.515041e-07,0.99997485,4.1811438e-07,1.2073211e-07,1.0042619e-08,2.3470606e-05,5.1017524e-09,5.0135963e-08,3.1968625e-08,2.467242e-07,1,classical
1.7635732e-06,0.99994695,1.7672874e-06,4.0916663e-07,1.1533885e-08,4.775803e-05,2.1014552e-08,7.1123864e-08,6.5895605e-08,1.0774236e-06,1,classical
6.8639083e-06,0.99994564,4.10644e-06,1.2064625e-06,5.0688712e-08,3.5551584e-05,6.643363e-08,3.5272154e-07,9.548746e-07,5.1442626e-06,1,classical
1.1618902e-05,0.99995196,1.8249289e-06,1.1396634e-06,2.7704926e-08,3.060423e-05,1.7715738e-08,1.4405107e-07,8.7563797e-07,1.8254736e-06,1,classical
1.4579691e-06,0.9999255,1.9866554e-06,1.0764331e-06,7.443907e-09,6.884437e-05,3.2177663e-08,6.201627e-08,1.13510524e-07,9.5142764e-07,1,classical
0.00201447,0.98735124,0.00052770553,0.00015319967,1.3199366e-05,0.009588435,8.0084e-06,1.0509189e-05,7.397275e-05,0.0002592937,1,classical
0.0001002526,0.9994436,2.6202431e-05,2.6764063e-05,2.1777264e-06,0.00034669472,6.33491e-07,2.566816e-06,2.363006e-05,2.7498487e-05,1,classical
1.5886828e-05,0.9998474,1.5259604e-05,1.3351756e-05,3.3028522e-07,7.9418e-05,3.0972197e-07,1.0149467e-06,2.9234996e-06,2.4169301e-05,1,classical
1.5598764e-05,0.99876153,0.00056548027,5.6648503e-05,2.86852e-06,0.00023276507,3.5171022e-06,7.267918e-05,3.6043969e-06,0.00028538753,1,classical
1.0039851e-05,0.9994137,0.00016127295,1.2350618e-05,3.74789e-07,0.00037239108,8.713108e-07,3.8463145e-06,7.564119e-07,2.4552957e-05,1,classical
0.00061113975,0.99205923,0.0003520353,0.00084044755,1.2951476e-05,0.0055040494,1.455399e-05,2.957027e-05,0.0001900387,0.00038588772,1,classical
0.0005846942,0.99382484,0.0003908783,0.00037046173,8.969159e-06,0.004310472,1.1581159e-05,1.8020733e-05,0.00023212316,0.0002480278,1,classical
0.0030409575,0.98951995,0.00016427004,0.0008990686,2.6504864e-05,0.0055430518,2.6761547e-05,5.0532595e-05,0.00020046771,0.00052836485,1,classical
0.000408711,0.9946385,4.9027643e-05,0.00024378905,8.35404e-06,0.004284448,7.525849e-06,2.5304893e-05,0.0001962393,0.00013797575,1,classical
0.00010796971,0.99835676,1.511283e-05,6.771925e-05,1.7826899e-06,0.00138355,3.8939793e-06,7.803895e-06,1.474535e-05,4.0660372e-05,1,classical
0.04804765,0.89852494,0.005100707,0.0036052547,0.00012592146,0.03976146,0.00010825283,0.00012615573,0.0022537485,0.0023459292,1,classical
0.15919258,0.59627014,0.013931182,0.027037838,0.0028607962,0.072517745,0.0062143877,0.003908399,0.08976678,0.028300162,1,classical
0.04634794,0.8950476,0.0048756218,0.014681893,0.0005275035,0.014871855,0.00075074745,0.0006116038,0.015940305,0.0063449494,1,classical
0.012130968,0.8880405,0.023634583,0.004760483,0.00030452505,0.058076594,0.0005211569,0.00087038387,0.0021514704,0.00950926,1,classical
0.0019798512,0.9927335,0.00077282905,0.00058442965,7.523089e-05,0.0024759541,5.461974e-05,2.6092619e-05,0.00015565769,0.001141717,1,classical
0.0019100059,0.97766477,0.0033218306,0.0015087425,0.0003708297,0.0036094096,0.0017218604,0.0003585738,0.0001579157,0.009376103,1,classical
0.00013842351,0.9981413,0.0003254627,0.00013120081,1.0918568e-05,0.000520201,6.85499e-05,2.4869332e-05,2.6305781e-05,0.00061277207,1,classical
0.00013469646,0.9985441,0.00025107246,9.041471e-05,4.5673946e-06,0.00031833415,5.2279236e-05,2.7328862e-05,2.0491127e-05,0.000556728,1,classical
5.8182595e-05,0.9991032,0.00013015185,4.6387828e-05,3.9131687e-06,0.00016496508,2.7261704e-05,2.5171774e-05,9.354281e-06,0.00043147133,1,classical
0.00076038274,0.9856464,0.0040292526,0.0006502766,0.00011401293,0.001943624,0.00080544106,0.0003075576,5.104277e-05,0.0056920527,1,classical
9.285099e-05,0.9807357,0.013196851,0.00045156496,2.7588569e-05,0.00046102513,4.2207954e-05,0.00049692986,3.7537095e-05,0.004457785,1,classical
2.023757e-05,0.9963887,0.001455445,0.0003828566,9.021451e-06,0.000331126,1.1136754e-05,0.00020298043,2.5932997e-05,0.001172715,1,classical
6.4976257e-06,0.99854666,0.00048512963,9.00318e-05,2.5300756e-06,0.00014864048,8.955913e-06,9.792731e-05,5.150428e-06,0.00060832314,1,classical
2.6258696e-05,0.9957638,0.0029404,0.00020974176,1.3291203e-05,0.00028672948,5.9548765e-06,0.00011922267,1.595667e-05,0.00061868154,1,classical
0.0002565043,0.97196275,0.013019242,0.0010256093,8.8361754e-05,0.0009347015,0.0002186311,0.00084873167,3.2343785e-05,0.01161314,1,classical
0.019213643,0.00044566867,0.644989,0.12190527,0.007931129,0.0013100172,0.03814381,0.007988791,0.0021953625,0.15587734,2,country
0.021146955,0.00047357735,0.5884895,0.21204567,0.008879861,0.0025109455,0.013156556,0.021011913,0.00939974,0.12288534,2,country
0.021124393,0.0008155311,0.7242801,0.114034496,0.0054091197,0.0063359477,0.0039605983,0.010860244,0.011317546,0.10186198,2,country
0.016368115,0.0006824483,0.7837068,0.048309788,0.009330939,0.010258685,0.0048681046,0.0074246544,0.0076047387,0.11144576,2,country
0.009865872,0.0013492167,0.7182662,0.05191765,0.00826618,0.002830049,0.018251434,0.009516992,0.0027825288,0.17695384,2,country
0.01853588,0.0005268956,0.64234644,0.00947237,0.007842554,0.0040716385,0.0034245278,0.0054525035,0.010621351,0.29770583,2,country
0.08331313,0.0009081764,0.7134708,0.04026822,0.0030362671,0.0021864031,0.0021317748,0.00555836,0.0141007565,0.13502614,2,country
0.053537145,0.00047931835,0.6641144,0.055606782,0.005325968,0.00425035,0.0023525406,0.0052878098,0.027673347,0.18137242,2,country
0.105795644,0.0017645378,0.18838508,0.01485253,0.0065704933,0.017458873,0.020393604,0.008211483,0.0048359954,0.63173175,2,country
0.035418864,0.0007043433,0.5967868,0.014298776,0.004535769,0.0040188134,0.006427741,0.006894506,0.0025760492,0.32833838,2,country
0.053834654,0.00062286406,0.83078015,0.0058160885,0.0065853843,0.018608615,0.0023414586,0.008753632,0.011308122,0.061349016,2,country
0.06445295,0.0006163773,0.7888929,0.005668043,0.0077494616,0.011343149,0.0020625892,0.011429846,0.018498259,0.08928629,2,country
0.00480547,0.0016363111,0.8707917,0.0027860522,0.00578819,0.025621127,0.0020867384,0.010534831,0.001213935,0.074735634,2,country
0.0005602654,0.00052338274,0.93569857,0.00067114556,0.0021712612,0.021094041,0.0005327127,0.0031131452,0.0002948812,0.035340503,2,country
0.0026143552,0.0009324025,0.8519802,0.0027875195,0.010918583,0.0066032764,0.0015459768,0.005467127,0.004877088,0.11227348,2,country
0.0038501725,0.020675708,0.90165097,0.0012638493,0.0010229273,0.0056278743,0.0008628663,0.00386192,0.0001821291,0.061001703,2,country
0.0040352456,0.0035658514,0.89197826,0.001673628,0.0020087769,0.0075844834,0.0018318933,0.011384045,0.0015613465,0.07437643,2,country
0.044005208,0.0027889942,0.8773517,0.0018236139,0.0009078026,0.029973406,0.00065338635,0.0007868937,0.0016622832,0.040046703,2,country
0.033625636,0.0015304099,0.814987,0.0028098095,0.004785499,0.010524309,0.0020301454,0.0040456625,0.0049465173,0.12071504,2,country
0.019292537,9.671452e-05,0.7028084,0.0029464168,0.0030066264,0.002542988,0.00045691436,0.0026736748,0.013823979,0.25235173,2,country
0.03355791,0.0032609573,0.15308455,0.04926197,0.008454796,0.014161109,0.53922564,0.0049477685,0.0013412893,0.19270404,2,country
0.15989965,0.012195101,0.20153213,0.056581743,0.0069108317,0.0495844,0.2964871,0.0021375539,0.0011971559,0.2134743,2,country
0.048142914,0.0014293144,0.12797913,0.044380624,0.004767924,0.0054676803,0.55566126,0.0013533733,0.0009429557,0.20987488,2,country
0.03613552,0.0029241696,0.13325135,0.062804386,0.012967952,0.009595664,0.52339077,0.0025465784,0.0023504263,0.21403316,2,country
0.13176058,0.002213619,0.07246303,0.1543099,0.019806268,0.03614585,0.52116585,0.0043501365,0.0034389168,0.05434589,2,country
0.09658616,3.674579e-05,0.028737988,0.118578866,0.00308373,0.0011035665,0.6842585,0.0015698057,0.0005792464,0.06546533,2,country
0.24560997,0.0008714053,0.16466016,0.28034917,0.0076231332,0.0133747775,0.09956086,0.010156313,0.002112827,0.17568141,2,country
0.32403815,0.00023577578,0.07282995,0.5166707,0.009694981,0.0029165237,0.041677352,0.0028346688,0.0029909124,0.026110953,2,country
0.1477506,0.00023862037,0.033330917,0.31723958,0.010040103,0.0062121674,0.4496579,0.0050151167,0.0023901735,0.028124845,2,country
0.07026923,0.00018394717,0.009583923,0.64991826,0.025541928,0.0016897584,0.2069636,0.018479608,0.0055461642,0.011823599,2,country
0.02539971,0.0010927522,0.75967324,0.0022478758,0.003815744,0.16214126,0.002722756,0.0015573342,0.0025226243,0.038826756,2,country
0.036322054,0.00019907982,0.8116734,0.0012794641,0.001188629,0.10594167,0.00093817164,0.00068654114,0.0010283921,0.04074263,2,country
0.017974358,0.0003675903,0.9208692,0.0013524685,0.0032867277,0.016806802,0.0012496039,0.0019123206,0.0019962748,0.034184743,2,country
0.08904287,0.0004045217,0.8335543,0.0027827187,0.008792518,0.010687642,0.0008281981,0.0035524573,0.009370705,0.040984154,2,country
0.035321638,0.00049049035,0.9068381,0.0031439138,0.0061526,0.011299977,0.00057749427,0.0031612392,0.0051036063,0.027910944,2,country
0.08095974,0.0014238867,0.78372055,0.0028731036,0.0050998884,0.022141539,0.0023660904,0.0024709296,0.0031337508,0.095810495,2,country
0.04594109,0.21099359,0.522972,0.004306616,0.036625,0.026709609,0.010384212,0.03256078,0.0042041256,0.10530298,2,country
0.15754104,0.0037978608,0.33534724,0.009053978,0.078410916,0.09158675,0.015703693,0.021493182,0.040639415,0.24642599,2,country
0.0481849,0.0007558105,0.8759621,0.004601127,0.002684086,0.0008288535,0.00051747623,0.010419419,0.001031922,0.05501439,2,country
0.05574153,0.0049413214,0.85151225,0.009361222,0.0051206313,0.0060201255,0.0019937712,0.006739184,0.0040188693,0.054551106,2,country
0.52763194,0.00011785534,0.14002346,0.009954326,0.011667527,0.025626294,0.00117565,0.0033672417,0.027238049,0.25319767,2,country
0.15558015,0.0011225267,0.36696306,0.013093932,0.016106142,0.06584795,0.0032321832,0.005272408,0.038210012,0.33457166,2,country
0.052159194,0.00097196765,0.40489218,0.021947913,0.013151102,0.033049423,0.0028642027,0.008811784,0.039356902,0.42279541,2,country
0.14220852,0.0011987435,0.20767541,0.01472516,0.011631254,0.017474018,0.0026907758,0.0076709604,0.042664796,0.5520603,2,country
0.085152164,0.0013930227,0.5523311,0.009918033,0.004674725,0.019691924,0.0019521842,0.0049430104,0.063327685,0.2566161,2,country
0.15605408,0.0029341755,0.4306157,0.0044104294,0.009037504,0.0979346,0.005026527,0.0073258714,0.036165792,0.25049534,2,country
0.27573225,0.0015393461,0.28975955,0.03833188,0.03753893,0.024144521,0.0067243343,0.008395542,0.120106205,0.19772746,2,country
0.2709788,0.0015030898,0.40967074,0.01584724,0.0057919156,0.0073711937,0.0027677838,0.008103424,0.05357086,0.22439499,2,country
0.022892268,0.0005653196,0.8709575,0.0029676107,0.0008402811,0.0017933202,0.00023921848,0.001656142,0.005092046,0.092996374,2,country
0.01146586,0.0022447968,0.8290568,0.00059540936,0.0010087758,0.061164796,0.00075752975,0.0014593416,0.0011249876,0.09112167,2,country
0.045700144,0.00019215808,0.82824254,0.005974745,0.0026252575,0.030981202,0.00066036236,0.0022295886,0.006183664,0.077210285,2,country
0.027580267,0.0002476769,0.82969517,0.010589004,0.0050778305,0.011098148,0.0017334641,0.0050439998,0.012766754,0.0961676,2,country
0.08316926,0.0010825671,0.5765425,0.02407059,0.005808488,0.00945893,0.0033961453,0.007342463,0.047492076,0.24163689,2,country
0.11364726,0.00026773047,0.75795,0.013102435,0.0018019878,0.0060751354,0.001535339,0.0038753038,0.0042864154,0.09745838,2,country
0.113057,0.0006587724,0.70407575,0.020314805,0.0083049415,0.0140282875,0.0017451021,0.005980011,0.01711516,0.11472007,2,country
0.025139099,0.00030584112,0.7783876,0.0037034336,0.005879981,0.008898125,0.0010721091,0.002667506,0.0038031882,0.17014295,2,country
0.054837152,0.00018857622,0.7806647,0.004504594,0.0041820547,0.0021848236,0.000496475,0.0015453636,0.004831404,0.1465649,2,country
0.25484943,0.002148518,0.52518654,0.0035424677,0.008980429,0.051959295,0.0019948923,0.0024938758,0.007461691,0.14138278,2,country
0.17928135,0.00013713012,0.60615396,0.004978462,0.005578291,0.01380043,0.001695747,0.0020719403,0.011440429,0.17486231,2,country
0.047103938,1.7410182e-05,0.83252215,0.0018292087,0.0014320967,0.00032245892,0.000118408665,0.0007441863,0.003311217,0.11259897,2,country
0.05217108,0.0017272047,0.68228024,0.013804315,0.012274176,0.050019458,0.017780766,0.01008215,0.0072055524,0.15265507,2,country
0.07683502,0.00030995518,0.7032019,0.0054037967,0.0023600203,0.035381407,0.0024628367,0.0017814199,0.0048188004,0.16744481,2,country
0.021405183,0.0007576372,0.84499955,0.007916184,0.0034069866,0.010029709,0.0041309237,0.0039306018,0.004790406,0.098632835,2,country
0.038156588,0.0037417733,0.6765146,0.014559171,0.004339358,0.019445278,0.0127716055,0.006954022,0.0054280083,0.21808954,2,country
0.02553673,0.0006161854,0.6007339,0.018686233,0.0018709858,0.0067713177,0.01113659,0.0025164434,0.0014557295,0.33067587,2,country
0.038501624,0.0007266541,0.8338781,0.0067899344,0.002133406,0.0051599257,0.004404651,0.0039181304,0.00452569,0.09996191,2,country
0.014176518,0.0004735266,0.91749626,0.004173853,0.00011921312,0.0035005265,0.0010860924,0.00097785,0.0003686292,0.057627514,2,country
0.019248314,0.00017351154,0.8675019,0.010581588,0.00021489825,0.005385979,0.0008606039,0.0004283937,0.0014855197,0.094119295,2,country
0.022660108,0.00030125145,0.79776067,0.0071694553,0.000592376,0.005119781,0.002913721,0.0013477459,0.00069152215,0.16144338,2,country
0.05462598,0.0005440123,0.3718187,0.0578373,0.0031558264,0.0036564295,0.025329016,0.009986249,0.002680428,0.47036612,2,country
0.1692494,0.00036466616,0.44632587,0.0054075625,0.012011859,0.067293726,0.0028599673,0.010142774,0.05871935,0.22762483,2,country
0.013394337,0.0016115649,0.83802396,0.0028194475,0.0065095914,0.036859896,0.0047291983,0.008024769,0.005615971,0.08241119,2,country
0.025800725,0.00051619776,0.7194387,0.0027701987,0.004907893,0.011361157,0.0043830513,0.0029440522,0.0042680344,0.22360997,2,country
0.031121692,0.00034296673,0.7422314,0.003957369,0.004419659,0.011297193,0.002437513,0.0024678654,0.0046651703,0.19705911,2,country
0.019159302,0.0006891605,0.8009646,0.009885537,0.0073512276,0.015187385,0.0059481007,0.005833866,0.0054557184,0.12952505,2,country
0.028385254,0.0019503623,0.8424088,0.003995778,0.005544354,0.0123969335,0.0009509238,0.006632481,0.010116398,0.08761871,2,country
0.021782262,6.851384e-05,0.9171681,0.0013026892,0.0004625683,0.0029202183,0.00085792714,0.00073047244,0.0005919804,0.054115277,2,country
0.012216688,0.00039017826,0.93374103,0.0008589585,0.0011121586,0.001528003,0.00016767456,0.00091280695,0.001361384,0.04771116,2,country
0.08451881,0.00050233456,0.58228815,0.0068038404,0.011897042,0.007046449,0.01362212,0.008947212,0.014303451,0.27007067,2,country
0.025902256,0.0012446662,0.5313542,0.0037174183,0.0069516846,0.020301975,0.0045994744,0.0066504627,0.012368392,0.3869094,2,country
0.0058407537,0.23227057,0.6787853,0.004115135,0.0010849213,0.013302815,0.0015289901,0.004736055,0.0031279107,0.05520756,2,country
0.012776583,0.0030886,0.7839567,0.004103471,0.0026727554,0.14566617,0.0006306184,0.003353232,0.0034316718,0.040320225,2,country
0.004354577,0.002404833,0.87184626,0.004481144,0.0011398301,0.07970576,0.00032162853,0.0018624126,0.00089528644,0.032988306,2,country
0.022527032,0.0010781079,0.8391191,0.004464265,0.0016347078,0.08504108,0.00040900093,0.0027556887,0.0023937868,0.040577244,2,country
0.034771975,0.0008381682,0.81174827,0.006819187,0.003951292,0.031637605,0.0011545573,0.0029640244,0.010536417,0.09557866,2,country
0.028914656,0.0054943566,0.83962345,0.0017095138,0.00077403337,0.06158316,0.00095717283,0.007598347,0.00229287,0.05105237,2,country
0.003944604,0.0007703311,0.9632354,0.00066810916,0.00050314306,0.012158044,0.00010011726,0.0006521636,0.00075737666,0.01721079,2,country
0.031814974,0.00045090765,0.8656326,0.0024638758,0.0031292643,0.01506823,0.00077939546,0.0012571022,0.003621188,0.07578246,2,country
0.022146083,0.0033928338,0.90472895,0.0032246555,0.0014017347,0.012615131,0.0005643476,0.0032307133,0.001903801,0.04679169,2,country
0.019019255,0.00015990985,0.87621546,0.0050663357,0.005258125,0.0012065485,0.00015801172,0.002097085,0.0149696125,0.075849764,2,country
0.30473685,0.0001943952,0.19950517,0.30281937,0.0013221538,0.0049574934,0.0050550904,0.0020841744,0.005751448,0.17357378,2,country
0.1452207,0.00020263766,0.29163662,0.3587989,0.0017812875,0.006927592,0.0023349067,0.0051878234,0.009459792,0.17844976,2,country
0.19536625,0.0009989826,0.15319975,0.13766214,0.0025687935,0.018183857,0.0053832955,0.002060235,0.006414926,0.4781618,2,country
0.06885214,0.0005209659,0.2535408,0.1360721,0.0019460344,0.009813635,0.0057835113,0.0034236994,0.006152574,0.5138945,2,country
0.16923456,0.0056158896,0.2421212,0.28356048,0.010965494,0.0915221,0.007812573,0.021387247,0.01892565,0.1488549,2,country
0.091420285,0.001520363,0.37532142,0.06200133,0.0058938735,0.022125995,0.011107892,0.011227365,0.0131962495,0.40618524,2,country
0.16840263,0.001660832,0.47512332,0.06338613,0.0062002903,0.01665218,0.0020465513,0.004062532,0.031340748,0.23112474,2,country
0.03069255,0.0007503629,0.088508174,0.7345066,0.002126898,0.0018722193,0.0077882204,0.013000184,0.005994113,0.1147607,2,country
0.50115675,0.0018454803,0.09462524,0.29484063,0.0014807822,0.0087575335,0.0036089667,0.001406224,0.009363217,0.082915135,2,country
0.18453412,0.023577623,0.057396982,0.07066122,0.029563775,0.39285472,0.029753214,0.022869242,0.05860109,0.13018796,2,country
0.019087255,0.00025550497,0.0024745634,0.933838,0.002677811,0.0015808708,0.009516326,0.0051034736,0.016248532,0.00921763,3,disco
0.022851536,0.00019317218,0.0021381225,0.9247614,0.004158538,0.001857345,0.012532622,0.0049384777,0.019443382,0.007125372,3,disco
0.00656046,5.201479e-05,0.000896756,0.97654325,0.00077381544,0.00036993483,0.002981693,0.002309087,0.006763323,0.0027497462,3,disco
0.022024622,9.810909e-05,0.004666606,0.93726236,0.0015107545,0.0008727081,0.009551294,0.0048508854,0.008233649,0.010929059,3,disco
0.072382025,9.4501134e-05,0.040614124,0.7948026,0.0018965935,0.0011246207,0.046935074,0.014036311,0.0015599523,0.02655417,3,disco
0.0046905964,2.3358882e-06,0.0012894215,0.9893322,0.00017730045,1.9585104e-05,0.0006482131,0.00014085644,0.0017415009,0.0019579427,3,disco
0.0016336598,1.0877908e-06,0.00045350732,0.98221534,0.0006873837,9.048361e-06,0.00012339553,0.0012094434,0.012453507,0.0012136406,3,disco
0.0014785613,9.874168e-06,0.0023006243,0.9748394,0.0014938158,5.2353345e-05,0.0024351398,0.010353653,0.0025386454,0.004497939,3,disco
0.0604743,0.00034701204,0.037149213,0.77145386,0.0038793131,0.0009805044,0.10053783,0.009843369,0.0062239426,0.009110624,3,disco
0.0056559434,8.225778e-06,0.0030327966,0.981887,0.0012733617,7.663376e-05,0.0020539407,0.0018344272,0.0023865802,0.001791199,3,disco
0.3313618,8.71353e-05,0.008205699,0.64358765,0.0018642878,0.0017141416,0.0022801522,0.001929364,0.005236306,0.0037334717,3,disco
0.20909026,0.00016871498,0.016091673,0.73409873,0.0017253502,0.0014608473,0.0013042624,0.0020820359,0.02525742,0.0087207435,3,disco
0.15145244,0.0004543352,0.02686935,0.7219413,0.0023089983,0.0017466883,0.0034814249,0.0014283393,0.07873021,0.011586933,3,disco
0.34177718,0.0004914451,0.009037896,0.45806482,0.004210659,0.0024717106,0.0009891746,0.00072323123,0.1741424,0.0080913985,3,disco
0.32138282,0.00040996683,0.0041984026,0.49526742,0.0012312547,0.003923573,0.0010693048,0.0006831881,0.16038388,0.011450163,3,disco
0.038304526,0.001155329,0.060688443,0.67032444,0.00878812,0.0026597516,0.008170133,0.0068129874,0.16408391,0.03901243,3,disco
0.024614502,0.001397401,0.020696932,0.37921318,0.0076529174,0.0025159842,0.0014253225,0.0015411777,0.52105117,0.039891385,3,disco
0.107790925,0.0054638656,0.0286159,0.5700348,0.00465236,0.0055835154,0.0013746396,0.0012877187,0.24722292,0.027973315,3,disco
0.021601817,0.0015819871,0.0123599535,0.1991496,0.024941381,0.0031656537,0.0029242157,0.008106586,0.68578947,0.040379304,3,disco
0.058776475,0.0019786404,0.05190843,0.4175668,0.016025666,0.0052912473,0.018165741,0.06866144,0.27750137,0.08412424,3,disco
0.10376021,0.00014281308,0.0212964,0.8057475,0.0069595305,0.004903155,0.024911596,0.0044732634,0.0032594341,0.024546018,3,disco
0.06058548,0.00012873538,0.01931037,0.8662575,0.006313749,0.0050272257,0.008525386,0.004479487,0.003725201,0.025646895,3,disco
0.116474606,0.00029969207,0.032055918,0.801732,0.0022523827,0.016246302,0.0055080797,0.007904529,0.004419333,0.0131071815,3,disco
0.07571135,0.0003219188,0.038025115,0.81739366,0.003054045,0.009784815,0.012405013,0.0166769,0.0034302904,0.023196898,3,disco
0.07260358,0.00043938175,0.10093924,0.68596995,0.0048564887,0.007832413,0.018761555,0.016256616,0.007936511,0.084404245,3,disco
0.020179488,3.8379485e-06,0.002788059,0.961963,0.00048744818,8.215042e-05,0.0023264391,0.0004335363,0.0017530262,0.00998289,3,disco
0.0061669867,5.719751e-06,0.000953071,0.9847569,0.00020342188,0.00012447481,0.0013219448,0.0012731509,0.0016864185,0.003507915,3,disco
0.034255773,1.753165e-05,0.012445867,0.73631316,0.041923642,0.00070538477,0.106614046,0.019268863,0.0061480026,0.04230773,3,disco
0.011730447,1.7644063e-05,0.004461531,0.9691871,0.0003690561,0.00011807807,0.0037103463,0.00045886298,0.0009898136,0.008957114,3,disco
0.10679502,0.0007474614,0.027760241,0.4718761,0.059753045,0.003015415,0.15409495,0.0034909293,0.00445078,0.16801603,3,disco
0.07312004,0.00095403806,0.040977117,0.7639721,0.018854417,0.002918791,0.043251876,0.0066475295,0.017393025,0.031911075,3,disco
0.003456126,6.0288985e-05,0.0022309967,0.94817686,0.0039127464,0.00028667678,0.0037392376,0.0065270886,0.026015023,0.0055948994,3,disco
0.008685031,3.236967e-05,0.0013819946,0.92214113,0.0025541752,0.00087076606,0.0013299121,0.0020201008,0.05978817,0.00119638,3,disco
0.018887447,0.00016595417,0.0051907767,0.72416955,0.010065044,0.004980727,0.0024357538,0.0029521652,0.2298936,0.0012589089,3,disco
0.025692347,0.00030139383,0.008952704,0.88486344,0.010922046,0.0025942319,0.0066425796,0.018607797,0.037244283,0.004179119,3,disco
0.009777876,0.00014066088,0.0015053338,0.27907455,0.01056945,0.0008321116,0.00072042545,0.007739053,0.67861134,0.011029165,3,disco
0.006719523,7.554987e-05,0.00068640546,0.4573932,0.022969617,0.000462798,0.0014411604,0.011112455,0.4868823,0.0122569725,3,disco
0.019721337,0.00014803169,0.01988407,0.612503,0.017632013,0.0008203025,0.009984486,0.019040098,0.251454,0.04881258,3,disco
0.0069224825,2.752603e-05,0.0015948495,0.95652014,0.0012065577,5.5050044e-05,0.002580268,0.010465889,0.018589191,0.0020380642,3,disco
0.0031648427,5.3241984e-05,0.002803779,0.9785325,0.00040894112,5.3091393e-05,0.0017279357,0.0068222405,0.004083014,0.002350462,3,disco
0.18967256,0.0014699331,0.09625902,0.4772545,0.013528272,0.023536896,0.10598872,0.0022629474,0.0037005811,0.08632653,3,disco
0.17459866,0.0002354981,0.039233837,0.6265649,0.015695103,0.012398823,0.073903434,0.0017009942,0.0036659574,0.052002702,3,disco
0.17385976,0.00017040921,0.053447902,0.6647133,0.013685247,0.007961418,0.043822546,0.0014954138,0.0033380545,0.037505854,3,disco
0.20977081,0.00093015743,0.089399,0.58365774,0.006082624,0.022586135,0.038129214,0.002476144,0.001813374,0.04515477,3,disco
0.11499866,0.0012002384,0.04901634,0.7222081,0.00238564,0.0136298435,0.046959337,0.0019420779,0.0009690731,0.046690676,3,disco
0.066710204,0.010589801,0.078836724,0.1165728,0.038897283,0.043312836,0.40067378,0.02150112,0.006528804,0.21637663,3,disco
0.113114975,0.004833573,0.07307444,0.46236873,0.012803197,0.030384025,0.19056857,0.01640309,0.0054064575,0.09104288,3,disco
0.13992344,0.0010100454,0.05634304,0.7031508,0.0033469633,0.0035630718,0.008666381,0.0042097066,0.007217044,0.07256956,3,disco
0.26261494,0.00024191772,0.024914766,0.64345133,0.0010419677,0.0015358974,0.021239415,0.0019324628,0.002173483,0.04085388,3,disco
0.1560357,0.0013873169,0.0345275,0.6683438,0.0027635992,0.0054839677,0.088336,0.004023376,0.0021063858,0.036992367,3,disco
0.11268403,0.00017296162,0.022389954,0.7988362,0.002311607,0.013377796,0.0034710832,0.0049849967,0.015805786,0.025965625,3,disco
0.12954883,0.00015852839,0.0191106,0.7629299,0.0069896597,0.0124850925,0.0047393665,0.025223022,0.020608716,0.018206304,3,disco
0.21668755,2.1645837e-05,0.0033249448,0.7364967,0.0073748836,0.0011135773,0.004872862,0.0025973471,0.023154782,0.004355763,3,disco
0.14433663,9.046477e-05,0.014145155,0.7780218,0.008670636,0.004390245,0.0037845229,0.0030768756,0.03206245,0.011421134,3,disco
0.048978817,0.0014075816,0.011298949,0.8217093,0.010078911,0.0060968925,0.0021135747,0.0065866536,0.08436957,0.0073597287,3,disco
0.074136645,7.7955985e-05,0.010403067,0.6108225,0.13632569,0.00059489184,0.00830368,0.020305302,0.12020489,0.018825458,3,disco
0.041085657,0.00016052053,0.01691698,0.39904782,0.0631869,0.0015185704,0.002832505,0.020523328,0.38734397,0.06738374,3,disco
0.018750742,0.00012769339,0.016563078,0.5774302,0.008060534,0.0011551687,0.0020162377,0.007099418,0.32066667,0.0481303,3,disco
0.0074176244,0.00026728734,0.0029341427,0.9000836,0.02479816,0.00068562466,0.018651448,0.02156954,0.011839671,0.011752917,3,disco
0.015111367,0.0004967409,0.0020654525,0.2596278,0.2057541,0.0014273541,0.022765646,0.19289377,0.2898349,0.010022892,3,disco
0.30373058,0.0016449589,0.07472663,0.53064287,0.018968841,0.004316345,0.010327431,0.0076127728,0.015087036,0.03294252,3,disco
0.18019101,0.001205561,0.04288269,0.6117725,0.011055499,0.0030007213,0.012013146,0.014450627,0.03951503,0.08391328,3,disco
0.123592846,0.00021699617,0.0046041557,0.77488977,0.0021832113,0.00061647437,0.0016347747,0.0094579635,0.055188835,0.027614858,3,disco
0.034842137,0.00021423948,0.011109168,0.88687366,0.0047645066,0.0009505835,0.0032598793,0.0077468986,0.023413101,0.02682594,3,disco
0.022950824,6.656703e-05,0.0050390097,0.91740024,0.006525247,0.00018195454,0.002074621,0.0021144338,0.016462987,0.027184093,3,disco
0.15700676,0.00022048333,0.010331186,0.48730332,0.23795766,0.0025116287,0.003916014,0.03586399,0.0361815,0.028707394,3,disco
0.031252913,4.9416234e-05,0.0028355515,0.8642198,0.02613813,0.0003847691,0.0019092454,0.025064131,0.022620305,0.025525866,3,disco
0.03430848,1.4589396e-05,0.0017452972,0.8981297,0.03365672,0.00017372417,0.00047647886,0.0056445883,0.02135121,0.0044992412,3,disco
0.23126882,0.00035072715,0.017929748,0.17971502,0.056270026,0.004574663,0.0011218346,0.004767144,0.45769432,0.04630771,3,disco
0.0815171,3.308158e-05,0.0029769859,0.8360335,0.015362658,9.078744e-05,0.0016005333,0.0013503664,0.04680753,0.014227364,3,disco
0.017239064,0.000100946876,0.0014506341,0.9754528,0.0002619222,0.00019403559,0.0011419107,0.0010284217,0.0020157837,0.001114606,3,disco
0.006392107,6.882791e-05,0.0017882166,0.98430413,0.00017718165,0.00016479557,0.0011856233,0.0013356904,0.003167029,0.0014162953,3,disco
0.0027379077,2.3861809e-05,0.00090230664,0.9909423,0.00018046303,6.783453e-05,0.00064017787,0.0019594345,0.0017094519,0.0008363576,3,disco
0.003943029,9.581998e-05,0.0020023903,0.98638165,0.00044577284,0.00018702353,0.0004504274,0.0021749882,0.0031114367,0.0012074455,3,disco
0.010477011,0.00021475216,0.004832456,0.9739885,0.0002994036,0.00036496168,0.0004864557,0.003052062,0.0040777703,0.0022067123,3,disco
0.0025922814,3.6382633e-05,0.0014672385,0.9737558,0.00030889898,7.915618e-05,0.000106854895,0.0012632487,0.019710662,0.00067949353,3,disco
0.007361136,9.1888054e-05,0.0039433916,0.95015436,0.0020936935,0.0005970947,0.00026720212,0.0032704351,0.030388458,0.0018323141,3,disco
0.0057791336,0.00010747429,0.0019476669,0.8984543,0.00038663927,0.00023100557,0.000117448806,0.0023833632,0.08840819,0.002184779,3,disco
0.004921829,0.0001942868,0.003070374,0.95578223,0.00040918117,0.0005888114,0.00019783179,0.0008733778,0.03209096,0.0018710495,3,disco
0.006148467,5.7793136e-06,0.0010885647,0.9624698,0.00013537887,2.4873938e-05,4.2064516e-05,0.001045206,0.027648425,0.0013912993,3,disco
0.006250682,4.6254496e-05,0.0033916552,0.94828993,0.012591701,5.41483e-05,0.017175702,0.0028606737,0.0010716878,0.008267476,3,disco
0.0049577765,2.4887433e-05,0.0027810964,0.9741493,0.0020978146,2.8540766e-05,0.012004624,0.0023371442,0.00025241327,0.0013662782,3,disco
0.0030651535,1.599099e-05,0.002657825,0.9848407,0.00042615828,1.9023268e-05,0.0060687293,0.0018130417,0.000193774,0.000899628,3,disco
0.00433068,1.0856797e-05,0.0034675898,0.9844356,0.00028316252,2.3723536e-05,0.0044046966,0.0016699014,0.0002102179,0.0011636136,3,disco
0.0047975066,1.1390947e-05,0.0046792985,0.9849319,0.00020789295,3.333324e-05,0.0025575696,0.0012966369,0.00024171863,0.0012426985,3,disco
0.029110545,9.497109e-05,0.010374024,0.864462,0.044818185,0.000557601,0.005771211,0.0046055987,0.02060497,0.01960082,3,disco
0.008041672,5.3659405e-06,0.0011663565,0.98161733,0.0014876478,5.9071328e-05,0.0005963472,0.0013898156,0.0033152672,0.002321098,3,disco
0.02114194,2.871031e-06,0.0036084694,0.961753,0.0018545869,2.599705e-05,0.0015282836,0.001200166,0.0067136507,0.0021710333,3,disco
0.007717881,6.790261e-06,0.002274354,0.977539,0.0021574663,4.4240416e-05,0.00021304833,0.0006419532,0.0068987054,0.0025065336,3,disco
0.004616236,4.506345e-06,0.0010428729,0.9859999,0.0014318173,3.0646795e-05,0.0005229222,0.00058829505,0.004616066,0.0011467916,3,disco
0.006250682,4.6254496e-05,0.0033916552,0.94828993,0.012591701,5.41483e-05,0.017175702,0.0028606737,0.0010716878,0.008267476,3,disco
0.0049577765,2.4887433e-05,0.0027810964,0.9741493,0.0020978146,2.8540766e-05,0.012004624,0.0023371442,0.00025241327,0.0013662782,3,disco
0.0030651535,1.599099e-05,0.002657825,0.9848407,0.00042615828,1.9023268e-05,0.0060687293,0.0018130417,0.000193774,0.000899628,3,disco
0.00433068,1.0856797e-05,0.0034675898,0.9844356,0.00028316252,2.3723536e-05,0.0044046966,0.0016699014,0.0002102179,0.0011636136,3,disco
0.0047975066,1.1390947e-05,0.0046792985,0.9849319,0.00020789295,3.333324e-05,0.0025575696,0.0012966369,0.00024171863,0.0012426985,3,disco
0.029110545,9.497109e-05,0.010374024,0.864462,0.044818185,0.000557601,0.005771211,0.0046055987,0.02060497,0.01960082,3,disco
0.008041672,5.3659405e-06,0.0011663565,0.98161733,0.0014876478,5.9071328e-05,0.0005963472,0.0013898156,0.0033152672,0.002321098,3,disco
0.02114194,2.871031e-06,0.0036084694,0.961753,0.0018545869,2.599705e-05,0.0015282836,0.001200166,0.0067136507,0.0021710333,3,disco
0.007717881,6.790261e-06,0.002274354,0.977539,0.0021574663,4.4240416e-05,0.00021304833,0.0006419532,0.0068987054,0.0025065336,3,disco
0.004616236,4.506345e-06,0.0010428729,0.9859999,0.0014318173,3.0646795e-05,0.0005229222,0.00058829505,0.004616066,0.0011467916,3,disco
0.001040199,8.7837594e-05,6.836513e-05,0.0021394454,0.9802058,7.714397e-05,0.009164132,0.006039097,0.0004488434,0.00072925485,4,hiphop
0.0034858112,0.00030987972,0.00024361924,0.01292193,0.95235145,0.00076994277,0.015339348,0.012335508,0.0010121696,0.001230219,4,hiphop
0.005537828,0.0009498516,0.0003224731,0.010175475,0.9554312,0.0010577297,0.0072347266,0.016739134,0.0014194088,0.0011320442,4,hiphop
0.0016318558,0.00036773735,0.00013394034,0.0021562336,0.9810844,0.00013125804,0.006207995,0.0061416067,0.0004944737,0.0016505815,4,hiphop
0.0013609965,0.00022719646,6.108294e-05,0.0010550256,0.98528415,5.0545554e-05,0.0074764704,0.003042912,0.00030152538,0.0011401316,4,hiphop
0.021944102,0.000938106,0.0046665077,0.063091636,0.7372491,0.009501069,0.034281284,0.06994614,0.01697234,0.041409753,4,hiphop
0.012766321,0.00018995936,0.0009166574,0.0065417094,0.9533066,0.0021587394,0.009071183,0.0038004594,0.0046490342,0.006599301,4,hiphop
0.017104879,1.6943328e-05,0.00024871054,0.0032188531,0.9637042,0.00034489922,0.0052363817,0.0019631612,0.005189452,0.0029724701,4,hiphop
0.0030624736,7.8816765e-06,5.933624e-05,0.0004727764,0.98871624,9.198366e-05,0.004971611,0.0005763993,0.0007245591,0.0013167183,4,hiphop
0.0065471656,2.1109397e-05,0.00012165381,0.0003254489,0.9879809,0.0012662036,0.0014763864,0.0006940874,0.00059808424,0.0009689663,4,hiphop
0.0006057318,5.560978e-05,1.8139608e-05,0.0011786696,0.98047787,0.00011494441,0.013120162,0.003921242,0.00031826762,0.00018939709,4,hiphop
0.0017419152,0.00013059014,6.030994e-05,0.003245352,0.94351554,0.0004021773,0.04304892,0.005974133,0.0011038985,0.0007771286,4,hiphop
0.00038780688,1.6653577e-05,1.22280535e-05,0.00061677856,0.96861535,4.027628e-05,0.028768465,0.0008166653,0.00043651104,0.00028935634,4,hiphop
0.051053226,0.0007496054,0.00067664526,0.028941695,0.72839946,0.0029353658,0.14658651,0.006258847,0.01826445,0.016134256,4,hiphop
0.22627012,0.0036675192,0.0036761914,0.1618988,0.24634834,0.053848077,0.21151291,0.01729223,0.04852375,0.026962094,4,hiphop
0.009250153,5.856868e-06,0.00046863346,0.0049544927,0.9668678,0.00010397697,0.010110538,0.0011446328,0.0057545323,0.0013393215,4,hiphop
0.03731898,7.101269e-05,0.0009032549,0.029792352,0.7368325,0.0016105054,0.15755367,0.008596443,0.017295554,0.010025748,4,hiphop
0.042419806,0.00012675565,0.0017236804,0.051872745,0.7450288,0.0023095175,0.099031515,0.023698837,0.019108502,0.014679878,4,hiphop
0.072473615,4.6310044e-05,0.0010855619,0.020481788,0.40640563,0.0007220559,0.38196188,0.008696256,0.01897884,0.08914813,4,hiphop
0.052294597,0.00013853905,0.0013135134,0.03345179,0.77875334,0.0014025589,0.07468567,0.02163394,0.016279636,0.020046407,4,hiphop
0.002967038,0.00042604908,6.31272e-05,0.0031097361,0.98424745,0.0002538706,0.0011817542,0.004360367,0.0031878424,0.00020265671,4,hiphop
3.5529632e-05,8.89873e-06,1.5598443e-06,2.0974823e-05,0.9995504,6.682757e-06,0.00015825541,0.00014354278,5.411911e-05,1.995845e-05,4,hiphop
0.0003387081,8.023707e-05,8.808104e-06,0.00032560911,0.9959274,7.138822e-05,0.0023952,0.00067616015,9.961363e-05,7.677691e-05,4,hiphop
0.00051642465,9.313111e-05,1.8083876e-05,0.00097486516,0.9951475,0.00010601334,0.0013194322,0.0013070098,0.0004566788,6.0765986e-05,4,hiphop
0.00036521617,2.9151606e-05,9.06924e-06,0.0006504848,0.995119,6.750195e-05,0.0023725578,0.0009827944,0.00034473347,5.954964e-05,4,hiphop
0.0033923052,4.96947e-07,1.8561479e-05,0.0004724581,0.9900169,2.972816e-05,0.0041288207,0.00050840585,0.0009874469,0.0004450031,4,hiphop
0.020777974,5.150615e-07,2.795901e-05,0.00024093247,0.976926,4.7792215e-05,0.0006799047,5.866787e-05,0.0009917985,0.0002484731,4,hiphop
0.0051974393,6.931673e-07,3.9150473e-05,0.0002735917,0.9916664,7.07153e-05,0.0015340659,0.00012668614,0.0006175626,0.00047379534,4,hiphop
0.0064202384,1.3896964e-07,2.5306168e-05,8.456331e-05,0.9920351,3.4656427e-05,0.0009152277,1.7890625e-05,0.00023510451,0.0002318937,4,hiphop
0.00056453433,7.490634e-08,2.0962302e-06,3.9227052e-05,0.9980782,1.0435173e-05,0.0012205658,1.3389704e-05,4.0564602e-05,3.080741e-05,4,hiphop
0.00037608566,1.4476512e-06,1.3451117e-06,2.0135802e-05,0.9993383,5.6931044e-06,2.4036324e-05,1.2203619e-05,0.0001937567,2.7004413e-05,4,hiphop
0.005620606,7.3470173e-06,5.9030044e-06,0.00010629398,0.99327785,3.1547865e-05,2.6558191e-05,4.58726e-05,0.0008232933,5.475632e-05,4,hiphop
0.13232774,0.0008155307,0.00021069714,0.0016504964,0.8375496,0.0016564347,0.000707548,0.0052369717,0.018263746,0.0015812876,4,hiphop
0.028258378,0.0001622227,8.766846e-05,0.0021414605,0.9584331,0.00033157622,0.00095170294,0.0016573998,0.0076843854,0.00029216078,4,hiphop
0.0026416879,5.3828917e-06,5.486883e-06,0.00010533087,0.99674124,2.226288e-05,0.00022579431,3.1404918e-05,0.00014102116,8.043224e-05,4,hiphop
0.15163173,5.7485868e-05,0.00036393324,0.009373967,0.8022009,0.0010426966,0.0056586214,0.010139595,0.016663224,0.0028678644,4,hiphop
0.37016392,3.5288875e-05,0.00051895704,0.07731969,0.42783558,0.0007590486,0.00203328,0.026988052,0.08735204,0.0069940616,4,hiphop
0.034591362,6.673925e-06,0.00013831009,0.0049782684,0.9344172,0.00014245075,0.0033815796,0.0011143028,0.020228822,0.0010010134,4,hiphop
0.008730871,1.8068222e-06,2.2396498e-05,0.0010419581,0.9843349,6.8053276e-05,0.0024411278,0.00030928644,0.0027599665,0.00028973204,4,hiphop
0.10364895,1.4664937e-05,0.0009012784,0.017876588,0.8274261,0.0006056185,0.0072746337,0.0010525679,0.031071868,0.010127699,4,hiphop
0.00045800584,6.88604e-05,4.8662125e-05,0.0002354088,0.9969273,0.00010692683,0.00024041884,0.0008734341,0.00075399637,0.00028700728,4,hiphop
0.0013740455,0.00020562868,0.00026374077,0.0006927857,0.99363214,0.00017568638,0.00022861591,0.001222207,0.0016762074,0.0005289809,4,hiphop
0.00018370853,5.419012e-05,3.7228023e-05,6.339329e-05,0.99889475,1.3203686e-05,4.8203572e-05,0.0004092988,0.00020107419,9.498771e-05,4,hiphop
0.004071131,0.00032063833,0.0011198893,0.0028784282,0.97768843,0.0010761087,0.00084795774,0.0057197725,0.0047779297,0.0014998271,4,hiphop
0.008279124,0.001214609,0.0009952203,0.0031201253,0.9749119,0.0008330068,0.00044873107,0.0057901843,0.0035893454,0.0008177157,4,hiphop
0.0078373905,5.4682473e-06,0.00028221266,0.00046092932,0.9873519,7.5278134e-05,0.00045533892,0.00026703943,0.0014729181,0.0017914772,4,hiphop
0.003565116,1.7078002e-06,4.9516777e-05,0.000106505424,0.994381,1.18180005e-05,0.00035732632,0.00026334717,0.00091738725,0.00034624868,4,hiphop
0.022253143,4.875737e-06,0.0006619399,0.0018634842,0.9628598,7.730408e-05,0.0014236334,0.0019088484,0.0065164887,0.0024305112,4,hiphop
0.015844058,2.7025788e-05,0.00059672305,0.0016353371,0.97240204,0.00019213188,0.0010591119,0.000883834,0.005837061,0.0015227173,4,hiphop
0.0038924215,9.125964e-07,4.1481042e-05,0.00012039555,0.99399734,1.6429642e-05,5.930223e-05,7.344585e-05,0.0014497726,0.00034847477,4,hiphop
0.020052033,0.00033436902,0.00013551253,0.010584,0.6233134,0.0024905005,0.33070123,0.0018938337,0.003597165,0.0068978975,4,hiphop
0.004836956,5.3545453e-05,1.9086685e-05,0.0012678674,0.48927313,0.00029998732,0.4998297,0.00064280257,0.0007364673,0.0030404208,4,hiphop
0.0036934032,4.246109e-05,2.4090823e-05,0.00063153094,0.24891631,0.0002009466,0.7394641,0.0008292755,0.00040908274,0.0057887966,4,hiphop
0.0014533461,3.84119e-05,5.7276375e-05,0.00046623196,0.06546845,0.00016199182,0.9190587,0.00058354356,0.00022415307,0.012487955,4,hiphop
0.009511513,0.0003903694,0.00062356755,0.0026803517,0.103210755,0.0017470216,0.8289501,0.003326063,0.0022660354,0.04729422,4,hiphop
0.008105187,1.7170423e-05,0.00016001504,0.0037286277,0.7102366,0.00058007665,0.25455895,0.00076822017,0.0024240601,0.01942107,4,hiphop
0.0076869903,2.36821e-05,0.00015751348,0.005107751,0.21373858,0.00042939364,0.7552184,0.0020013487,0.0015930055,0.01404333,4,hiphop
0.018595595,3.0389929e-05,0.00020265083,0.005714528,0.029319564,0.0009638173,0.9193959,0.0012515336,0.0006494439,0.023876524,4,hiphop
0.012921351,6.4824926e-05,0.00035910564,0.011480252,0.15328386,0.0012569295,0.79931545,0.0028763104,0.00057645293,0.0178655,4,hiphop
0.039048415,0.00042198226,0.0026057032,0.012914334,0.14659046,0.004687963,0.68729097,0.0067562023,0.0036403951,0.09604359,4,hiphop
0.0009295268,3.4472832e-05,4.950984e-06,0.000109493325,0.9952478,0.000116283474,0.0027828275,4.700047e-05,3.3392367e-05,0.0006942547,4,hiphop
0.00025000618,1.8659735e-05,2.5946247e-06,3.6495992e-05,0.9988728,2.5175163e-05,0.00038468555,1.1731982e-05,1.2527398e-05,0.0003853334,4,hiphop
0.00034199952,3.7148457e-05,5.020645e-06,0.00013168386,0.9967188,0.00011104789,0.0017324655,3.4366138e-05,4.366976e-05,0.00084362796,4,hiphop
0.000655424,4.7325597e-05,1.328431e-05,0.00010668059,0.9934058,9.261044e-05,0.0041167573,4.5186487e-05,3.9787283e-05,0.001477073,4,hiphop
0.00026495312,1.4509603e-05,5.191767e-06,3.516386e-05,0.99891293,1.6596803e-05,0.00039226678,8.991107e-06,1.0568017e-05,0.00033876856,4,hiphop
0.008246658,4.8287347e-06,5.7785033e-05,1.367053e-05,0.9891556,0.00063503947,0.0005752213,2.773499e-06,5.422767e-05,0.0012541986,4,hiphop
0.0011609901,4.0625108e-07,6.236637e-06,6.153037e-06,0.9978259,8.339628e-05,0.0007623655,1.683111e-06,1.6865455e-05,0.00013596726,4,hiphop
0.012983574,6.2381355e-06,0.00029891252,4.6652665e-05,0.98338795,0.00066583307,0.0011818866,1.01183405e-05,6.930092e-05,0.0013494737,4,hiphop
0.09815564,3.280945e-05,0.00034479453,7.888772e-05,0.89384085,0.005388815,0.00038223225,1.1485327e-05,0.0003116666,0.0014528482,4,hiphop
0.028668815,6.130276e-05,0.0002988187,0.00010358627,0.95862156,0.007480376,0.0012252644,2.2528466e-05,0.00030785406,0.0032097918,4,hiphop
0.071839586,0.0031953063,0.007915945,0.07514702,0.64257807,0.039992962,0.012078235,0.12697035,0.0096410895,0.010641448,4,hiphop
0.056146163,0.0024118996,0.003998439,0.044269852,0.6709009,0.0424255,0.031564184,0.12658028,0.007142237,0.014560553,4,hiphop
0.052546542,0.0016387674,0.00305816,0.025481282,0.76150817,0.01763315,0.023174398,0.102805175,0.0039990703,0.008155287,4,hiphop
0.059094053,0.0013548682,0.0054409327,0.038244817,0.59568685,0.010722255,0.19707553,0.0475462,0.0049115,0.039923064,4,hiphop
0.2173055,0.0007905151,0.0011162017,0.02543994,0.109580025,0.006812018,0.40475473,0.011810627,0.0065892315,0.21580125,4,hiphop
0.06778735,2.3211427e-05,0.0012307033,0.008592882,0.8617531,0.00080360344,0.048575316,0.0033485345,0.000831308,0.0070540053,4,hiphop
0.039607704,0.00028740635,0.0015301926,0.021859359,0.8961857,0.0032006009,0.019777628,0.007836935,0.0013639336,0.00835053,4,hiphop
0.06827288,0.00013626502,0.0025105327,0.051861048,0.6204001,0.0021407157,0.1950453,0.011855804,0.0103486525,0.037428755,4,hiphop
0.02553971,0.00014890943,0.0033749777,0.013557959,0.29051018,0.00092357385,0.5579814,0.020565132,0.0026747333,0.08472343,4,hiphop
0.010068701,3.3211156e-05,0.0006153147,0.002403924,0.18116464,0.00065939483,0.7320519,0.0015230268,0.0007570976,0.07072273,4,hiphop
0.007293252,0.0002766902,0.00018275369,0.012216087,0.76561826,0.00027290807,0.1931521,0.011116443,0.0059729307,0.0038986227,4,hiphop
0.0034635223,0.00031956448,0.00019319347,0.012780317,0.8919739,0.0003187039,0.06644504,0.01860368,0.0037147081,0.0021874085,4,hiphop
0.0013096743,0.00011968504,0.00016410915,0.0028734712,0.97740936,0.00016585685,0.011483997,0.0044032983,0.00062797463,0.0014426684,4,hiphop
0.00031975386,3.654743e-05,6.2779196e-05,0.0004838333,0.9946635,5.2525367e-05,0.0015697809,0.0022896773,9.9089324e-05,0.0004225157,4,hiphop
7.862211e-05,9.381103e-06,1.4159574e-05,0.0002054264,0.9979551,1.769503e-05,0.0005926881,0.000976556,6.284325e-05,8.73907e-05,4,hiphop
0.062292304,3.971503e-06,0.00029056307,0.0017866056,0.920711,0.00020783753,0.0029751412,0.0012438515,0.0029736732,0.0075150398,4,hiphop
0.027505293,7.693414e-06,0.0002703183,0.0027703543,0.9585806,5.8931593e-05,0.0031834138,0.00073385314,0.002944891,0.0039446913,4,hiphop
0.016736679,4.0569616e-06,0.0002072959,0.0056221145,0.9648931,7.427968e-05,0.004924499,0.0019679407,0.0026340308,0.0029358913,4,hiphop
0.0019535152,5.8554804e-07,1.5189417e-05,0.00030209564,0.9962704,3.1934032e-05,0.0005864171,0.00027330694,0.0002976601,0.0002688609,4,hiphop
0.0036326298,7.8690055e-06,5.7327044e-05,0.0014657393,0.98926616,0.00017042298,0.0013442027,0.0015619851,0.0014011274,0.0010925935,4,hiphop
0.06939916,0.0006831127,0.013639829,0.15505435,0.59116316,0.0019036002,0.025775004,0.053193267,0.07280066,0.016387891,4,hiphop
0.008764318,0.0006413351,0.0013683798,0.02018462,0.9022483,0.0009319497,0.003848831,0.02627583,0.033937998,0.0017983943,4,hiphop
0.0050611314,0.000493979,0.001125184,0.013327282,0.9150714,0.00042414886,0.0031095592,0.023097955,0.03628645,0.0020027915,4,hiphop
0.010042234,0.0003948631,0.00140495,0.023640638,0.8766961,0.00027959107,0.0035541968,0.036586292,0.04395831,0.0034427287,4,hiphop
0.005269881,0.0003312625,0.00068328506,0.0112792635,0.9313415,0.00024137263,0.002306439,0.028414648,0.018314488,0.0018179668,4,hiphop
0.043276954,0.0076236385,0.0018787767,0.12732194,0.29238167,0.0038149778,0.017298995,0.34130254,0.14677459,0.018325893,4,hiphop
0.018912844,0.0006177167,0.00082899217,0.023882113,0.7327684,0.0010833648,0.004625189,0.11295466,0.095430486,0.008896266,4,hiphop
0.020828372,0.0051321206,0.0032595075,0.07243177,0.46579975,0.010763467,0.009706863,0.17238882,0.19546017,0.044229187,4,hiphop
0.0024636132,0.00058993313,0.00023763673,0.014059521,0.7528217,0.0006290192,0.015272632,0.18303043,0.025447067,0.0054484545,4,hiphop
0.056774545,0.0012708126,0.00304067,0.046375245,0.578002,0.0017282836,0.009456887,0.06897698,0.20969272,0.024681868,4,hiphop
0.0038678776,0.032639377,0.16032843,0.021939158,0.023385225,0.54474705,0.0022493908,0.026900249,0.0078920275,0.17605124,5,jazz
0.008709001,0.02014982,0.051711686,0.017678304,0.019587452,0.7753337,0.0027122118,0.030347096,0.005908761,0.06786206,5,jazz
0.002001739,0.013857644,0.13492757,0.012511437,0.02018808,0.7441472,0.0011515495,0.029493876,0.0022682298,0.039452672,5,jazz
0.0041193534,0.027691113,0.3145863,0.036853913,0.032371018,0.20196971,0.0040394333,0.03029094,0.0045039547,0.34357423,5,jazz
0.00456232,0.02482331,0.13890323,0.025682589,0.0132115055,0.45674768,0.0011740412,0.026750019,0.010230553,0.29791474,5,jazz
0.007092901,0.00880854,0.2913159,0.028754022,0.059364974,0.12830143,0.0071162116,0.2334667,0.009330897,0.22644843,5,jazz
0.0024668342,0.017206242,0.7844923,0.012534011,0.0023274182,0.024523603,0.0004173406,0.04583081,0.0009037902,0.109297626,5,jazz
0.0055347956,0.012641971,0.350377,0.032764934,0.05096145,0.19619344,0.0021040037,0.092357524,0.021599164,0.23546578,5,jazz
0.00936304,0.03649827,0.20302737,0.06148664,0.01772754,0.39644843,0.00065341074,0.05935456,0.021265453,0.19417529,5,jazz
0.0070953486,0.01705617,0.32314402,0.018523982,0.0041940967,0.41839373,0.0003673575,0.025124079,0.010370074,0.17573115,5,jazz
0.0038392423,0.09048005,0.012153972,0.0009661897,0.0014703467,0.88560265,0.0016915081,0.0015244859,0.00019329654,0.002078333,5,jazz
0.0024405154,0.0489447,0.06117609,0.0014183987,0.0022221643,0.8592623,0.001641774,0.0074452427,0.0003211197,0.015127675,5,jazz
0.0004138214,0.07546962,0.03767716,0.0009230579,0.0020847605,0.8740467,0.0002296146,0.0051354896,0.00033818354,0.003681627,5,jazz
0.00018463373,0.017605664,0.014408268,0.0002422809,0.0007064032,0.96333,9.5758034e-05,0.00213085,5.3096832e-05,0.0012431066,5,jazz
0.000521698,0.01497392,0.003458109,0.00047283675,0.00044304697,0.976935,0.00012160645,0.0022427242,4.799916e-05,0.00078308186,5,jazz
0.0074777775,0.07053304,0.008980824,0.00041401316,0.00038564755,0.9078489,0.00012156193,0.0011125037,0.00022198186,0.0029038044,5,jazz
0.007515132,0.50438094,0.009640698,0.0031275253,0.0017617212,0.45630613,0.00039298105,0.005980856,0.0020918443,0.008802132,5,jazz
0.013188627,0.37685484,0.005087882,0.0035904841,0.008791399,0.5585841,0.004639646,0.009513827,0.0033417973,0.016407315,5,jazz
0.0018707532,0.5385121,0.008535647,0.0023038508,0.0010263725,0.40177694,0.0012614988,0.027282666,0.0006592192,0.016770955,5,jazz
0.0034707107,0.069207504,0.00089614326,0.0011755929,0.0007474455,0.9192269,0.00018000642,0.0011818993,0.0021607643,0.0017531567,5,jazz
0.00031514108,0.0046475334,0.0012839908,2.5280542e-05,0.000165114,0.9930589,6.268461e-05,0.00025035758,1.4301593e-05,0.00017660187,5,jazz
3.6159545e-05,0.0019701365,0.00059150194,3.792371e-06,1.101051e-05,0.99735034,5.7556986e-06,1.0511803e-05,7.373922e-07,1.995193e-05,5,jazz
0.00093777484,0.013791985,0.0030123575,0.0003168673,0.00042393606,0.9791018,0.0009219092,0.00055189565,4.332672e-05,0.00089824246,5,jazz
0.0018032,0.090204954,0.01633357,0.00050556555,0.0012787267,0.8856632,0.0009831621,0.0017349228,0.00010613108,0.0013865113,5,jazz
0.0054227216,0.48720556,0.10971429,0.0075292485,0.011720255,0.33749762,0.0060960664,0.014165732,0.00075519085,0.019893294,5,jazz
0.0070181657,0.038049437,0.0006937473,0.00010406448,0.00023215641,0.95267355,4.791878e-05,0.0003127091,0.000374471,0.00049386005,5,jazz
0.02277821,0.45599476,0.116868384,0.008145743,0.013892439,0.21628544,0.0096221715,0.08291762,0.0016883595,0.07180695,5,jazz
0.011635574,0.60462624,0.008397106,0.003749479,0.009021126,0.31582072,0.0033687004,0.023884933,0.00067671115,0.018819505,5,jazz
0.014168941,0.5925171,0.1925014,0.0067688352,0.006636734,0.09172392,0.0018031705,0.046538424,0.002363271,0.04497825,5,jazz
0.00556835,0.36876467,0.052773703,0.008507205,0.006850821,0.41010502,0.0028964756,0.09496885,0.0019956562,0.047569294,5,jazz
0.0013415797,0.031221638,0.48874688,0.062481117,0.001023638,0.26984546,0.00064077973,0.03939497,0.0020532042,0.103250675,5,jazz
0.0012430915,0.033100337,0.31043085,0.04011416,0.001035791,0.4525343,0.00077011273,0.07114849,0.001524661,0.08809827,5,jazz
0.00180476,0.10772468,0.28785977,0.10440034,0.0012759448,0.24059491,0.0010632209,0.05183058,0.005236272,0.19820954,5,jazz
0.0022970885,0.021393228,0.7188827,0.035986796,0.0016391805,0.12869555,0.0005523754,0.013800572,0.0019025326,0.074850015,5,jazz
0.00064031075,0.016147181,0.7559026,0.016085329,0.00078345666,0.13249257,0.00039719997,0.018384513,0.0005519771,0.058614876,5,jazz
0.0044411793,0.024010066,0.71707433,0.013884545,0.00093094714,0.0925376,0.00031704313,0.05229343,0.0076793875,0.08683143,5,jazz
0.0023535814,0.058911346,0.74265885,0.019271418,0.0015131822,0.03193625,0.000121889854,0.059684236,0.003602441,0.079946816,5,jazz
0.014648028,0.0059487857,0.55952656,0.016853109,0.0027509243,0.030558053,0.0014070715,0.18081684,0.014821712,0.17266896,5,jazz
0.0011143053,0.0037241478,0.8713162,0.0055243066,0.00025277876,0.018530028,0.00023314492,0.02607609,0.00047602714,0.07275303,5,jazz
0.0020822908,0.008734597,0.67273545,0.01694327,0.0006177062,0.02585974,0.00043381308,0.124194086,0.0035927498,0.14480634,5,jazz
0.026841909,0.005898533,0.010012093,0.00093242805,0.0033276423,0.9441997,0.0001870985,0.0013788353,0.0024057257,0.0048161205,5,jazz
0.10074204,0.05145657,0.02085678,0.0021446114,0.0009182664,0.806206,0.00011484292,0.0016396986,0.011126554,0.004794626,5,jazz
0.06444614,0.04896283,0.0153766945,0.0009108444,0.00024275255,0.8628848,3.6994323e-05,0.0007467834,0.0033164425,0.0030756705,5,jazz
0.030935002,0.004081562,0.009886429,0.00067874236,0.000454561,0.9521578,0.00018248791,0.00047866194,0.00012102157,0.0010236963,5,jazz
0.088023074,0.003191506,0.013758948,0.001031987,0.0024248261,0.8846989,0.0003833918,0.0014730364,0.0015861647,0.003428098,5,jazz
0.14456621,0.016386919,0.0015658753,0.00031937318,0.005788829,0.8224381,0.0003073697,0.0006785173,0.0036743751,0.004274385,5,jazz
0.14701621,0.017927183,0.033230495,0.005053987,0.009938423,0.7432076,0.0027147927,0.005384019,0.011365709,0.024161644,5,jazz
0.11393815,0.0076035904,0.0058094943,0.0009056475,0.013189213,0.837981,0.0010476375,0.0017872384,0.012129218,0.0056087924,5,jazz
0.12386445,0.04317184,0.04670026,0.004304018,0.025628546,0.5765708,0.0010267306,0.0028429772,0.11985874,0.056031656,5,jazz
0.064756185,0.016977567,0.048395876,0.0014751836,0.012825286,0.73605436,0.0017147937,0.0018494814,0.023887279,0.09206403,5,jazz
0.3397536,0.0066021676,0.10089444,0.006747846,0.001098912,0.53014857,0.0005504139,0.00084149535,0.0038865719,0.009475991,5,jazz
0.05347991,0.0025435777,0.010203497,0.00024846438,0.00019348635,0.92702985,5.075123e-05,0.00010821757,0.0015227484,0.0046194852,5,jazz
0.0047073807,0.0005262128,0.002854075,6.1725696e-05,3.523063e-05,0.99108475,6.779626e-06,1.0328628e-05,0.00017139078,0.0005420552,5,jazz
0.060542963,0.0033943292,0.01794653,0.0033414182,0.0017310772,0.901323,0.00046911818,0.00039781586,0.0031127415,0.007740941,5,jazz
0.85534555,0.00088203215,0.011769916,0.01357006,0.0020608262,0.09495883,0.0022260754,0.0002713149,0.0061700856,0.012745365,5,jazz
0.20373955,0.0029283804,0.014999492,0.0016951066,0.00027830157,0.7613293,0.00031100423,0.00026130443,0.0068610725,0.007596507,5,jazz
0.2758838,0.0037458641,0.046798773,0.0074998923,0.0032419825,0.57464886,0.010564139,0.0030903826,0.00620413,0.06832221,5,jazz
0.0829245,0.0049056164,0.0063105277,0.0029916263,0.003508359,0.8697909,0.0056194346,0.0014724871,0.0040676086,0.01840893,5,jazz
0.40134352,0.00084860914,0.017538471,0.0046729534,0.0006428967,0.5293156,0.0009907786,7.748867e-05,0.021290123,0.023279512,5,jazz
0.76543826,0.0007343082,0.012784055,0.008518677,0.0022754318,0.106272176,0.005648099,0.0004072085,0.015021213,0.08290056,5,jazz
0.8040271,0.005830143,0.032929983,0.05155358,0.005189196,0.045660157,0.0013846409,0.0034063694,0.017544828,0.032474175,5,jazz
0.03765003,0.008623665,0.030216757,0.0109683145,0.0052017225,0.88140583,0.0022341541,0.007966108,0.003744244,0.0119892275,5,jazz
0.017935721,0.004236434,0.0093785785,0.0011176993,0.00080670026,0.9603591,0.0010358247,0.0007647604,0.00065509754,0.003710131,5,jazz
0.26648316,0.024675108,0.09158872,0.016796505,0.002853535,0.5140661,0.0049558897,0.005167779,0.010122554,0.06329069,5,jazz
0.100577876,0.015786223,0.04082696,0.0146940965,0.0022897455,0.771079,0.00027839685,0.0017058821,0.04448932,0.008272505,5,jazz
0.23299173,0.016596593,0.34104797,0.0116075445,0.013925523,0.12985988,0.08915779,0.015366966,0.015909936,0.13353606,5,jazz
0.016611699,0.006042486,0.018232157,0.00046356264,0.0004409935,0.9273642,0.00025403997,0.0003229822,0.022872126,0.007395647,5,jazz
0.57852376,0.0009397771,0.059990693,0.0018930334,0.002087839,0.27811134,0.0011362057,0.000683207,0.025924867,0.050709266,5,jazz
0.042632166,0.004792656,0.08150304,0.0005627942,0.0007718782,0.8237177,0.00018601574,0.0005266338,0.023071503,0.022235533,5,jazz
0.38057995,0.0139942095,0.03408131,0.017000223,0.0051205205,0.3726851,0.00042986794,0.005056947,0.14514709,0.02590472,5,jazz
0.030908268,0.16682687,0.035870943,0.0017736941,0.004420083,0.75102437,0.0011414186,0.0037110283,0.0010027931,0.003320601,5,jazz
0.11310559,0.013900533,0.02055219,0.001523298,0.018163972,0.8051563,0.0020655594,0.0027803942,0.0105773285,0.012174808,5,jazz
0.011566042,0.0068742395,0.015688676,0.00039747215,0.0037028135,0.9533444,0.0015281347,0.0010564714,0.0013828594,0.004458815,5,jazz
0.0012996086,0.014042442,0.0030195953,0.00010867769,0.0004023163,0.9799223,0.00027781373,0.0004346339,0.00010545514,0.00038710132,5,jazz
0.0018297228,0.0071688998,0.00051478064,0.0001084429,0.000423811,0.98918414,0.00017530119,0.0003226762,9.295396e-05,0.00017929736,5,jazz
0.04987111,0.042208806,0.0497485,0.0016986819,0.006926981,0.8139786,0.0007207459,0.0007885684,0.0073347413,0.026723215,5,jazz
0.05299241,0.032043386,0.02088122,0.0012397211,0.0036156971,0.8614451,0.0016246589,0.0027414523,0.0054984144,0.01791799,5,jazz
0.0071910624,0.04791857,0.00068185653,8.001128e-05,0.00013843816,0.9433409,3.1232303e-05,6.765384e-05,0.00021330891,0.00033701723,5,jazz
0.3317311,0.11122749,0.07563273,0.0055139023,0.004700525,0.38634175,0.0075381207,0.0060704253,0.02705054,0.044193495,5,jazz
0.012359853,0.011203107,0.0020235109,0.00014918299,0.00015456595,0.96860045,0.0003230565,0.00018404292,0.00015827664,0.0048437994,5,jazz
0.1188255,0.0004651481,0.0011354233,0.00045673898,0.00010713648,0.87566024,2.600377e-05,1.9903133e-05,0.0009589875,0.0023449417,5,jazz
0.097297065,0.0006762052,0.0011996848,0.00040625685,6.771767e-05,0.8985965,2.1010252e-05,2.2038952e-05,0.00057209365,0.0011413667,5,jazz
0.27339357,0.0012402299,0.0019781478,0.0007919442,5.0908842e-05,0.71997297,2.8163207e-05,2.1064481e-05,0.0013533846,0.0011695684,5,jazz
0.07568309,9.799355e-05,0.0006104668,0.00022622425,3.0370447e-05,0.92171335,9.353816e-06,1.4715856e-05,0.00038558798,0.0012288995,5,jazz
0.33032683,0.00047789037,0.0017152285,0.0011601882,0.00022461341,0.6573193,8.579226e-05,7.75751e-05,0.0018548615,0.00675767,5,jazz
0.33139217,0.003650163,0.026065014,0.0059593553,0.00097326306,0.5670487,0.00088882586,0.0011620118,0.03382358,0.029036956,5,jazz
0.24594265,0.0010587493,0.029305004,0.0015283758,0.00025950503,0.69770676,0.00043854438,0.00015939093,0.004493556,0.019107519,5,jazz
0.48938084,0.0010056949,0.03597993,0.0031346395,0.0004292675,0.43233863,7.2103896e-05,9.580642e-05,0.019865435,0.017697748,5,jazz
0.04640927,0.0006098729,0.012691548,0.00041286834,4.7332698e-05,0.92962736,4.9123682e-05,4.7237412e-05,0.0020835656,0.008021776,5,jazz
0.131382,0.02711455,0.026367147,0.026448766,0.005740795,0.6519856,0.013773783,0.005494666,0.0231298,0.08856294,5,jazz
0.5982298,0.0021834162,0.008408656,0.0035171704,0.0012146742,0.37269017,0.0002147337,0.00084370555,0.0089729,0.0037246812,5,jazz
0.9351993,0.0005229396,0.002492362,0.0035388456,0.00076443725,0.03891344,0.00010639493,0.00022069186,0.00834551,0.009895974,5,jazz
0.89047676,0.000937838,0.0076599424,0.007541797,0.0012118447,0.058192737,0.00068109704,0.0010047341,0.010480763,0.021812484,5,jazz
0.35196084,0.002196217,0.0124199595,0.003544227,0.00055236666,0.61977077,0.0003804553,0.00035436504,0.0031530736,0.0056676893,5,jazz
0.2693338,0.005110722,0.008822358,0.0036088713,0.0016067435,0.6921781,0.00038264197,0.00074332167,0.0065503484,0.011663023,5,jazz
0.94287467,0.00032759068,0.01572103,0.00058024423,0.0003119974,0.01739791,6.5093685e-05,0.00024661262,0.013173788,0.009301011,5,jazz
0.06901331,0.001607459,0.0066318694,0.00029403873,0.00019655895,0.91321105,7.80486e-05,0.00013835375,0.0029839443,0.0058452915,5,jazz
0.63648343,0.00193032,0.010108492,0.0011218871,0.00058321696,0.32628843,0.0007071879,0.0001800533,0.005058632,0.017538333,5,jazz
0.19151236,0.0039264187,0.0056482,0.00084845786,0.00096037716,0.7771403,0.0019284106,0.00042813984,0.0054942486,0.012112983,5,jazz
0.8948268,0.0019064149,0.0256612,0.0027307402,0.0007969414,0.012874599,5.6943343e-05,0.0029767784,0.041149728,0.01701984,5,jazz
0.20505297,0.0038332194,0.00810236,0.020494014,0.0082649775,0.0066952193,0.51526546,0.0034628669,0.0067065116,0.22212242,6,metal
0.38777226,0.0016474952,0.003664468,0.023376716,0.00541659,0.016871754,0.3944985,0.0036528176,0.0013509073,0.1617486,6,metal
0.55349654,0.0022613967,0.005433321,0.020016184,0.011259101,0.05741101,0.17304252,0.014886309,0.00057879416,0.1616148,6,metal
0.7486764,0.0014694504,0.0032890954,0.005883578,0.006719174,0.073241025,0.06761867,0.0062141134,0.00040406437,0.0864843,6,metal
0.61939317,0.00041114574,0.0049690814,0.014993176,0.013987661,0.045556936,0.1349907,0.009954098,0.0008013754,0.15494266,6,metal
0.6381799,0.0038981994,0.019844426,0.08677879,0.016718758,0.043698557,0.068578646,0.0073432834,0.004076323,0.11088314,6,metal
0.26497367,0.0016364825,0.020641906,0.07057289,0.010567303,0.01789909,0.25036067,0.009150947,0.0033543336,0.3508427,6,metal
0.27480155,0.00331729,0.07642989,0.06456598,0.010716694,0.021417746,0.042958472,0.011348225,0.010390542,0.48405358,6,metal
0.2893024,0.0026664638,0.01464231,0.022983864,0.017405983,0.041031558,0.095075265,0.005992981,0.003891415,0.5070077,6,metal
0.38852334,0.007925526,0.01679547,0.085342094,0.036153305,0.13757522,0.07438953,0.012418248,0.0148965195,0.22598079,6,metal
0.5822438,0.0012597983,0.010874142,0.016539164,0.0006052596,0.21374641,0.033053894,0.00053653494,0.00028400272,0.14085697,6,metal
0.49647197,0.0016509128,0.013182253,0.020663928,0.00050778466,0.058731597,0.010274226,0.0014717983,0.00054241804,0.39650306,6,metal
0.4363672,0.000396972,0.056224573,0.026618583,0.00072245207,0.035626948,0.011867897,0.0023452025,0.0015430606,0.4282871,6,metal
0.3371394,0.00041011765,0.0757447,0.019246813,0.00079811155,0.018254763,0.015055761,0.0021581033,0.0028400975,0.5283521,6,metal
0.5828933,0.0006605701,0.16669771,0.010543978,0.0009183759,0.014962025,0.008117625,0.0024632874,0.0024789707,0.21026419,6,metal
0.046366394,0.00047292703,0.7471736,0.027127624,0.0011245671,0.0069033923,0.003387345,0.011383045,0.008824055,0.14723702,6,metal
0.26741967,0.00077620515,0.4429007,0.021326384,0.001801068,0.021807477,0.0021578781,0.0018494374,0.0068964832,0.23306468,6,metal
0.10439183,0.0005576654,0.45135438,0.029101545,0.0018369494,0.013911532,0.0038954918,0.008256908,0.025043087,0.36165068,6,metal
0.3753139,0.0017766367,0.3439477,0.058269665,0.001553161,0.02829389,0.004729213,0.0013883596,0.0038963954,0.18083106,6,metal
0.25415218,0.01113951,0.43579218,0.067986414,0.0030947179,0.08373446,0.005439094,0.010316036,0.013599898,0.114745505,6,metal
0.20625581,0.00022617196,0.009107016,0.0052680275,0.04080928,0.001158776,0.65612364,0.002603972,0.000579572,0.077867776,6,metal
0.20342912,0.00032261942,0.011884681,0.0078615,0.034029186,0.0025429414,0.50676936,0.0036477905,0.00046331275,0.22904958,6,metal
0.11151508,0.0002576581,0.020360518,0.0057520717,0.012090467,0.0058331946,0.36870512,0.0025038146,0.00074096944,0.472241,6,metal
0.08980943,6.70477e-05,0.0013232854,0.002121333,0.007726897,0.0041127116,0.81436867,0.00054906926,0.0003095108,0.07961201,6,metal
0.1560408,3.9087237e-05,0.00076189346,0.010652447,0.012236985,0.0023417077,0.79638946,0.00017090049,0.00043885605,0.020927873,6,metal
0.3628173,0.000411098,0.0346496,0.346591,0.01128956,0.005630131,0.09517101,0.008985725,0.0052445843,0.12920994,6,metal
0.012481359,0.0005333084,0.007232604,0.0011028609,0.005694162,0.004842563,0.86835754,0.0007987376,0.00020252685,0.09875437,6,metal
0.004780175,4.0684986e-06,0.00014704764,0.00023996753,0.024314813,7.889433e-05,0.9452038,7.7329125e-05,0.000106749314,0.025047217,6,metal
0.022426173,7.935187e-06,0.00032177608,0.0011973744,0.028223317,0.0002721015,0.9160129,7.096039e-05,0.0003362258,0.031131156,6,metal
0.014301769,7.682761e-06,0.0004020982,0.0024361582,0.009798108,0.00012267508,0.9645559,5.6588193e-05,0.00024331397,0.00807563,6,metal
0.06472276,0.00012720216,0.00066508487,0.004664077,0.0024113543,0.0020421746,0.89799184,0.0006750359,0.00029703998,0.026403373,6,metal
0.0058356994,1.1718688e-05,6.190648e-05,0.00040922585,0.00057457597,0.00011393938,0.989546,0.0001079307,4.4912555e-05,0.003293977,6,metal
0.002219143,4.752155e-06,3.7723705e-05,0.00024521604,0.0007056809,4.194448e-05,0.9946203,5.829054e-05,1.5592981e-05,0.0020513036,6,metal
0.01363677,5.9475456e-06,8.722194e-05,0.0021361858,0.0023699997,9.584207e-05,0.97675186,0.00011623099,3.853997e-05,0.004761416,6,metal
0.0065319194,3.5141466e-06,4.152495e-05,0.00077004946,0.0006346837,6.8733636e-05,0.99118525,7.8552446e-05,1.1267544e-05,0.0006745199,6,metal
0.019132825,1.3245096e-06,0.00023296068,0.0062015266,0.0013767061,4.1179064e-05,0.96782774,3.389886e-05,2.2207574e-05,0.005129658,6,metal
0.030943621,2.5477055e-05,0.00093273213,0.005599553,0.006732366,0.0005533052,0.91168135,0.00020751084,0.0002322139,0.04309193,6,metal
0.04898877,1.7137529e-05,0.00073787913,0.0125911925,0.003405927,0.00023578975,0.91954863,0.00023324392,9.234337e-05,0.014148942,6,metal
0.0024406218,1.2452459e-06,9.5309835e-05,0.00048615434,0.0003339216,3.6348272e-05,0.9945528,1.8581248e-05,1.8052226e-05,0.0020170407,6,metal
0.011425214,4.3192463e-06,0.00012158421,0.0010012148,0.0004364265,0.00010796386,0.9785447,2.0759684e-05,1.647629e-05,0.00832131,6,metal
0.06168517,0.00095277943,0.0029017397,0.01948889,0.018277274,0.0047013746,0.7226026,0.0101652825,0.0056052054,0.15361965,6,metal
0.03648102,0.0002629868,0.00032270316,0.004746196,0.04319336,0.00242789,0.8484135,0.010221979,0.0046047135,0.04932566,6,metal
0.031413086,0.00041358243,0.0012010676,0.004679407,0.055721797,0.0035505758,0.8198651,0.019794095,0.010317922,0.053043365,6,metal
0.0077456883,0.00025878762,0.0011223115,0.0013239719,0.0047832225,0.0016988873,0.9147277,0.003947243,0.00043991418,0.06395223,6,metal
0.002853997,4.1012023e-05,0.0003240285,0.0006571625,0.003725292,0.00026566815,0.9791166,0.0004840901,4.6482113e-05,0.012485676,6,metal
0.33456776,0.00013258304,0.012059268,0.09371122,0.20296006,0.0030715482,0.3025909,0.005352162,0.0068025417,0.038752038,6,metal
0.011773645,1.2590607e-05,0.0017065344,0.019926395,0.0039852806,0.00033054705,0.93941927,0.0010755794,9.992857e-05,0.021670323,6,metal
0.0037029637,4.950082e-06,0.00085824076,0.002753388,0.0019868275,8.908385e-05,0.9681949,0.0005393448,1.2300472e-05,0.021857996,6,metal
0.0028122186,4.8745032e-06,0.00016470502,0.0010830717,0.0015692263,5.7431935e-05,0.95692843,0.00025487662,4.932445e-05,0.037075873,6,metal
0.0067424774,8.7465205e-06,0.00031665296,0.00070539064,0.0009344204,0.00021614418,0.9491721,6.778569e-05,5.3882563e-06,0.041831005,6,metal
0.021800049,0.00044731633,0.006220037,0.0066961646,0.016052641,0.0018026925,0.83275974,0.0019950506,0.002835006,0.10939133,6,metal
0.021809444,0.0004306594,0.0042685713,0.0063768243,0.013239973,0.0014534388,0.8031902,0.0022620347,0.0026940997,0.14427468,6,metal
0.010435502,0.00033183375,0.0032195193,0.0025421127,0.006668808,0.0010279786,0.8151256,0.0016393285,0.002031988,0.15697733,6,metal
0.007551358,0.002018814,0.01189455,0.0031959645,0.1287358,0.004483219,0.5533835,0.016651668,0.009101904,0.26298317,6,metal
0.00834487,0.00055885524,0.004058288,0.0035648416,0.5907968,0.002563644,0.2459073,0.0065115294,0.007707446,0.12998638,6,metal
0.04084908,0.0001564192,0.013966085,0.06686401,0.005411589,0.0012185805,0.5322922,0.0052103926,0.00064968615,0.33338192,6,metal
0.012111905,0.008738013,0.039347116,0.018801656,0.009474994,0.007929616,0.62326217,0.043856863,0.0069233654,0.22955424,6,metal
0.04879207,0.0005327925,0.1007901,0.049370974,0.52743745,0.0041537727,0.1184351,0.026374513,0.011447321,0.112665854,6,metal
0.12736425,0.0005684405,0.071869165,0.08034615,0.5103091,0.004083549,0.072346956,0.0057244287,0.01994884,0.10743908,6,metal
0.08814586,0.0013186819,0.066493064,0.06228286,0.2890473,0.004543655,0.32247517,0.0380506,0.009487798,0.11815494,6,metal
0.48729298,4.8670354e-05,0.0014121732,0.016713127,0.007593478,0.020473894,0.41602668,0.00045117261,0.0013655426,0.04862228,6,metal
0.17521241,0.0007968911,0.005101655,0.017466404,0.058832143,0.015471563,0.52957,0.0039379,0.008199708,0.18541126,6,metal
0.10207758,0.00018453949,0.0032113816,0.0013434166,0.006516268,0.0075375126,0.279843,0.00073357543,0.00071338355,0.5978393,6,metal
0.06027162,0.00022674413,0.012130827,0.006010578,0.007166907,0.016903317,0.15408053,0.0004286988,0.00036714989,0.7424137,6,metal
0.02459321,0.00037434653,0.0043791574,0.0064568897,0.06669268,0.0039029678,0.48210993,0.0012189503,0.010486804,0.39978507,6,metal
0.0485404,0.000300676,0.12189429,0.031450436,0.007392892,0.011628734,0.034477092,0.0064504463,0.002037129,0.7358279,6,metal
0.04194729,0.00025478264,0.01697222,0.008528805,0.0049669524,0.0046010087,0.37049302,0.005342924,0.0012104161,0.54568267,6,metal
0.075384185,0.00021971532,0.014799734,0.021528477,0.02618627,0.002672207,0.49847475,0.0021666768,0.0023394094,0.35622862,6,metal
0.07325575,0.00041195893,0.047741402,0.26139572,0.15800637,0.0025242488,0.08390793,0.007710154,0.014724584,0.35032195,6,metal
0.07691785,0.00010613918,0.032966215,0.054015987,0.18226372,0.00031934917,0.12008082,0.0016034128,0.006171632,0.5255549,6,metal
0.21593487,0.0023366264,0.05604733,0.008087426,0.008468457,0.0055683204,0.50648767,0.021009453,0.00613088,0.16992897,6,metal
0.0055887746,5.185452e-05,0.0007099244,0.00028092452,0.008704296,0.00017906068,0.97005886,0.0017700214,0.00032983895,0.012326546,6,metal
0.00073492073,2.111363e-05,0.00032163126,0.00019555047,0.010435422,5.717722e-05,0.9742225,0.00086299266,0.00022912302,0.012919564,6,metal
0.005209705,0.000107971464,0.0009300411,0.00035888454,0.021062404,0.000295303,0.9276716,0.0010244116,0.0008198783,0.042519856,6,metal
0.009265481,4.7899088e-05,0.000631628,0.00032798114,0.0075123147,0.0003579474,0.95016474,0.00043204334,0.0003631677,0.030896904,6,metal
0.013038315,7.7544624e-05,0.003240744,0.012283861,0.004770459,0.00031368638,0.8945802,0.013974557,0.0010007501,0.05671993,6,metal
0.08582911,0.00082510663,0.0195599,0.117509656,0.052871086,0.0036797223,0.5239505,0.027359558,0.0049566133,0.16345866,6,metal
0.16386136,0.00024871033,0.011422492,0.05740944,0.012084412,0.0017130012,0.619483,0.00798194,0.001789854,0.12400576,6,metal
0.06766129,0.000120545905,0.006942288,0.09356613,0.0063333143,0.00052702293,0.7306168,0.014160145,0.0050404957,0.07503201,6,metal
0.08152815,0.00022749955,0.011140205,0.18288723,0.008362823,0.0014743378,0.61680853,0.026214873,0.004940481,0.06641585,6,metal
0.13703026,2.7648406e-05,0.0020120493,0.008555064,0.010822951,0.0007229665,0.62939036,0.005666893,0.0015266512,0.20424512,6,metal
0.025186349,3.2319214e-05,0.0018041835,0.010300011,0.01439598,0.00045190073,0.869857,0.008447223,0.0019839462,0.06754107,6,metal
0.030742655,1.7801087e-05,0.0011770435,0.00772434,0.0082982415,0.0003643082,0.90151715,0.0031740558,0.0021275885,0.044856805,6,metal
0.022543566,0.00012991413,0.0061186724,0.012197031,0.043693237,0.0012305772,0.71107215,0.0068845344,0.0057658944,0.19036433,6,metal
0.030420596,0.0017876558,0.013712335,0.017572122,0.39903805,0.0072476533,0.21037963,0.02740659,0.02386103,0.26857427,6,metal
0.094293706,0.0003161899,0.0053676465,0.016213868,0.021814486,0.005176891,0.27934948,0.0043362076,0.005186585,0.56794494,6,metal
0.02453596,0.0005994868,0.0015072246,0.006788371,0.08030102,0.005691001,0.58867806,0.0047588428,0.0021282262,0.28501192,6,metal
0.011342606,0.001950442,0.0028852604,0.009963508,0.053621292,0.0048358273,0.53668195,0.008775789,0.0012548021,0.3686885,6,metal
0.077404305,0.007163622,0.16530682,0.05145395,0.10205254,0.029817818,0.11212444,0.04519451,0.058650117,0.35083187,6,metal
0.09206165,0.009637161,0.15561792,0.11758817,0.060763687,0.017497838,0.054835517,0.13241905,0.06796141,0.29161757,6,metal
0.002509589,0.00027337976,0.0014880328,0.04164036,0.5293039,0.00080333697,0.36036268,0.03065559,0.022318752,0.010644288,6,metal
0.027999561,0.000535806,0.009296951,0.024160946,0.32490703,0.008577513,0.40352046,0.024094677,0.018625537,0.15828146,6,metal
0.20485158,0.00040490323,0.026520152,0.011368302,0.011564169,0.087853976,0.32840058,0.0022282766,0.0014485326,0.32535952,6,metal
0.12114463,0.00043145896,0.017348068,0.013293318,0.02291752,0.026136268,0.5455055,0.0033556677,0.0033054962,0.24656214,6,metal
0.11113968,0.0005670269,0.012406377,0.00657659,0.0080096945,0.04405987,0.51904434,0.0011654827,0.0014413175,0.29558954,6,metal
0.08676992,0.0024298136,0.01777474,0.14192198,0.15021215,0.04451976,0.19892445,0.015513261,0.0110948635,0.33083904,6,metal
0.14475203,0.0011818617,0.049336296,0.11208207,0.011687858,0.033372287,0.09369958,0.0046643056,0.0046061967,0.54461753,6,metal
0.0506444,0.00046254005,0.015205699,0.031000113,0.009732752,0.006391333,0.79125315,0.0026488346,0.00097081397,0.091690384,6,metal
0.21378028,0.0008399834,0.014090051,0.0072156624,0.0068730405,0.21299295,0.06634189,0.0003580733,0.00029572673,0.47721237,6,metal
0.11911131,0.009964593,0.068478435,0.2898485,0.033081587,0.048516322,0.15083449,0.009301943,0.008263306,0.26259956,6,metal
0.00056813424,0.00032055457,0.045366235,0.063696355,0.019184034,0.0013289661,0.0015997525,0.8288203,0.0013797311,0.037735984,7,pop
0.0011214489,0.00053846516,0.084974505,0.11070467,0.02685049,0.0012991753,0.0026931681,0.7288558,0.0045032324,0.03845915,7,pop
0.0014403336,0.00095313607,0.09198332,0.14311989,0.031703617,0.0012954159,0.0009178492,0.67118156,0.014097236,0.0433076,7,pop
0.000661,0.0004067884,0.074078314,0.10965935,0.0053557935,0.0011821205,0.00031703123,0.75708944,0.0015726323,0.049677495,7,pop
0.00084591145,0.00060704316,0.122308776,0.23911266,0.0064859367,0.0026485617,0.000475378,0.5692306,0.0012985809,0.05698649,7,pop
5.6421122e-05,1.1526258e-05,0.0027157466,0.012931723,0.028102716,0.00016185323,9.284589e-05,0.94935167,0.0025584355,0.004017081,7,pop
0.00039024313,1.1857677e-05,0.0076625464,0.027731892,0.103426285,0.00037810212,0.0021101176,0.8395121,0.0055062743,0.013270463,7,pop
0.00039187554,7.329383e-05,0.020665916,0.102903575,0.008919837,0.0023757133,0.0041110623,0.81460005,0.0021604274,0.043798212,7,pop
0.00043047362,7.287835e-05,0.06166518,0.18303955,0.01393531,0.0004658686,0.0010027194,0.6847581,0.008193274,0.046436653,7,pop
0.0029146515,0.00018353362,0.21990661,0.06068153,0.0061522406,0.0015962444,0.0005696687,0.5236004,0.03729982,0.14709526,7,pop
0.00029431857,0.000164321,0.0018981942,0.08544976,0.02850016,0.0004833851,0.00039327762,0.8669603,0.009266569,0.006589902,7,pop
0.0005711623,0.00015279798,0.0027764922,0.16515943,0.054025736,0.00056324166,0.0004935148,0.7464499,0.02404165,0.005766099,7,pop
0.00061472296,0.00011247964,0.003321436,0.07732449,0.08476712,0.0007242039,0.00046200812,0.7994049,0.026932765,0.0063358676,7,pop
0.0006084939,0.0002754214,0.0043521225,0.087170504,0.05888559,0.0008010104,0.00083647657,0.829257,0.008783856,0.009029519,7,pop
0.0011566788,0.0004836541,0.009469695,0.30093727,0.047222998,0.0010521873,0.004222173,0.6093187,0.01168189,0.0144548,7,pop
0.00042506563,3.442912e-05,0.0023482705,0.19020641,0.18873197,0.00047712607,0.0014575494,0.5691971,0.040663615,0.006458487,7,pop
0.0005018896,7.672469e-05,0.003702038,0.59582883,0.04384489,0.0009339349,0.0015783947,0.32070372,0.027620126,0.0052094455,7,pop
0.00018654762,1.8220373e-05,0.0035573542,0.3101386,0.0093632545,0.00011391102,0.0038033507,0.6602266,0.0032652603,0.0093268305,7,pop
0.00025652914,2.7199896e-05,0.006222659,0.6719731,0.014027635,0.00024411718,0.00067181606,0.2870871,0.010652569,0.008837238,7,pop
0.00044408464,8.785256e-06,0.007742869,0.68499863,0.005663675,6.864176e-05,0.0026122788,0.28520012,0.007683768,0.005577211,7,pop
0.0004930731,0.0002592046,0.015136148,0.5836569,0.015096647,0.0002363755,0.001557405,0.36893162,0.007718873,0.006913721,7,pop
0.00058970926,0.0005269751,0.005736885,0.87207216,0.0072258716,0.0002553905,0.0012856823,0.09458558,0.01284366,0.004878038,7,pop
0.00025874673,0.00028516995,0.0032306286,0.83763975,0.0151964,0.00017350753,0.0013421191,0.13513641,0.0052429503,0.0014943006,7,pop
0.00027529392,0.00031891058,0.0030973833,0.7365197,0.06172902,0.00017766135,0.000999095,0.19083312,0.005148028,0.0009016995,7,pop
0.0019286602,0.0033363535,0.024180735,0.39590985,0.147838,0.0016928017,0.013789119,0.28149474,0.11495124,0.01487851,7,pop
0.00032034557,5.2348267e-05,0.0025081164,0.70085007,0.08180637,0.0004076648,0.0045510554,0.19919673,0.005495414,0.0048118443,7,pop
0.00058608677,2.4990833e-05,0.002295255,0.7895687,0.07061289,0.0003923031,0.00086511765,0.10086743,0.026325598,0.00846166,7,pop
0.00157579,0.00016675967,0.0050454163,0.5272679,0.14004456,0.001155132,0.00995635,0.2862947,0.013491461,0.015002011,7,pop
0.006010884,0.002769048,0.028840454,0.18481478,0.40822765,0.009738826,0.017601384,0.29048187,0.037247214,0.014267869,7,pop
0.016251879,0.0030068832,0.013056255,0.12172003,0.2965415,0.0066450033,0.011028481,0.1839984,0.30960602,0.038145527,7,pop
0.022090629,0.0020716197,0.06263251,0.80044246,0.0076486846,0.0031907775,0.00424135,0.08277477,0.0039661215,0.0109410435,7,pop
0.008059997,0.0005176086,0.024297453,0.88938075,0.0038733887,0.0011477506,0.0032033694,0.061026666,0.0018586849,0.00663421,7,pop
0.014970031,0.0005686357,0.03801817,0.7835134,0.007114661,0.0023913062,0.0063613616,0.1272271,0.0050378474,0.0147975115,7,pop
0.0804663,0.0027581123,0.12560672,0.44267064,0.027189823,0.0401239,0.013001942,0.2237921,0.011951803,0.0324386,7,pop
0.023093741,0.0034749876,0.059475098,0.4792036,0.048587203,0.01224354,0.019382296,0.3102647,0.014353833,0.02992095,7,pop
0.0019359397,2.6476122e-05,0.0034902454,0.32546562,0.0071371305,0.004163559,0.005532198,0.6373099,0.0013381494,0.013600764,7,pop
0.00037119538,7.744403e-05,0.0035765239,0.3541963,0.020153152,0.00070322375,0.0011555245,0.5925464,0.014480392,0.012739892,7,pop
0.002325029,0.00017955923,0.009663905,0.50381285,0.026533771,0.006923018,0.0017275915,0.3462873,0.065859966,0.036686998,7,pop
0.0018476016,0.000456414,0.006477903,0.47309226,0.020672262,0.010525347,0.0032132294,0.42864475,0.019947203,0.035122983,7,pop
0.003060477,0.0017511501,0.014038785,0.27674842,0.11276657,0.009315253,0.08086551,0.43127307,0.010727436,0.059453312,7,pop
0.00036256164,0.00011260894,0.21327081,0.0572146,0.005479511,0.0011872444,0.0012837352,0.6033401,0.0007605716,0.1169883,7,pop
0.00021971215,0.0004956416,0.2670724,0.04417032,0.0021366146,0.002361135,0.0010731592,0.60417193,0.00049243047,0.077806674,7,pop
0.00029169844,0.0008181548,0.409425,0.0245913,0.0018051296,0.009813059,0.0013369396,0.49242288,0.00057237304,0.058923442,7,pop
0.00083042553,0.0014289283,0.19728509,0.04912689,0.004192882,0.004305786,0.0022020366,0.65467954,0.0019298805,0.08401861,7,pop
0.0017737016,0.0010018381,0.05824814,0.21280251,0.0067922133,0.00093337195,0.00097137835,0.5981667,0.0077262414,0.111583896,7,pop
0.00048952247,0.00018834503,0.1437664,0.011428031,0.005738937,0.0007445508,0.0013134034,0.78236973,0.0018597713,0.05210133,7,pop
0.0012923128,0.0008704356,0.40422085,0.0066842027,0.006089876,0.012305869,0.001258528,0.41711915,0.0017432094,0.14841557,7,pop
0.0017486562,0.0029883175,0.16158111,0.15672262,0.0068927794,0.006632326,0.0014144158,0.4425668,0.016844114,0.20260882,7,pop
0.00066287705,3.7460857e-05,0.04844633,0.1304709,0.0013805364,0.0004756443,0.00048134857,0.73965186,0.001227573,0.07716552,7,pop
0.00020995042,0.00022443,0.040481634,0.04541777,0.0010295165,0.00044513532,0.00075602235,0.7534726,0.0008818127,0.15708102,7,pop
0.0003719011,0.00031089567,0.061159987,0.109144434,0.019753417,0.00030923972,0.0021637108,0.7924903,0.001061889,0.013234245,7,pop
7.0797374e-05,0.000103583596,0.025113704,0.020790664,0.01863003,0.00015768634,0.00055834226,0.9307001,0.0010283325,0.002846792,7,pop
0.00041726546,0.00024178924,0.053694706,0.03101074,0.020150036,0.00032191852,0.0006822923,0.8674713,0.0074185515,0.018591292,7,pop
9.346419e-05,5.5016913e-05,0.00732869,0.012654197,0.0074121016,5.9619793e-05,0.00038714788,0.9482041,0.0010788887,0.02272679,7,pop
7.2252915e-05,0.000100439596,0.012189409,0.028302182,0.00437277,6.451982e-05,0.00030958737,0.93084514,0.00044828668,0.023295444,7,pop
0.00014603701,1.71931e-05,0.0014184371,0.009870439,0.02969089,8.437091e-05,0.0010252118,0.9508468,0.0014505105,0.0054500694,7,pop
0.0012333716,4.894113e-05,0.011466641,0.1593906,0.0038252184,0.0001302677,0.001749152,0.8017666,0.0034456693,0.016943486,7,pop
0.00045680162,4.7950783e-05,0.0051661013,0.03976608,0.016312514,0.000112906004,0.00038800098,0.9199192,0.00451325,0.013317212,7,pop
0.00025326601,3.3277556e-05,0.025715709,0.020136008,0.0026511292,6.413157e-05,0.0015535945,0.9319724,0.00033961175,0.017280787,7,pop
0.005385239,0.00047408888,0.04330234,0.08881505,0.007639434,0.0018757391,0.0030923763,0.7663412,0.010038147,0.07303635,7,pop
0.00021434238,0.00018543702,0.06420384,0.014606917,0.014100826,0.0006968929,0.0005404874,0.8689004,0.007536484,0.029014343,7,pop
0.00022647233,0.00010472178,0.05532663,0.015574964,0.018031526,0.00095448573,0.00052452803,0.8854916,0.0043752985,0.019389816,7,pop
4.001269e-05,3.0286345e-05,0.007108091,0.007005726,0.008476315,8.653149e-05,0.00038582218,0.9717935,0.0008498984,0.0042238976,7,pop
0.00015732268,0.00010682796,0.0124045815,0.022022871,0.015343053,0.00028601842,0.00080793205,0.94289833,0.0009300477,0.0050430517,7,pop
0.0009244334,0.0007516565,0.09674091,0.048212405,0.012192459,0.0041969237,0.000746124,0.81242687,0.0014088266,0.022399448,7,pop
0.00017307627,4.426744e-06,0.013533559,0.00819739,0.026579719,5.4477336e-05,0.0008537665,0.9404621,0.0040542674,0.0060872445,7,pop
0.00011150483,5.543948e-06,0.023073027,0.0071176924,0.0018525894,7.240474e-05,0.00010059797,0.9510965,0.0028754869,0.013694691,7,pop
0.00055695575,1.9885087e-05,0.028475795,0.02681733,0.017809266,0.00019936496,0.0003616701,0.90263754,0.0027827239,0.020339543,7,pop
0.005033507,6.994566e-05,0.15663804,0.02815199,0.020059546,0.0015542079,0.00063151633,0.682458,0.024296066,0.08110719,7,pop
0.0007768403,0.0004155227,0.1585712,0.0038591751,0.0028249586,0.00060874235,0.00032727944,0.8028777,0.0014510907,0.028287452,7,pop
0.00085814553,0.0006222985,0.0010189385,0.006694871,0.21748252,0.0005168964,0.0003527389,0.67550284,0.09459635,0.0023543742,7,pop
0.000712331,0.00068418897,0.0024217842,0.0041191597,0.57479155,0.00043850942,0.0007844834,0.370524,0.041124556,0.0043994575,7,pop
0.0004219258,0.00036281304,0.0017586406,0.0016948339,0.88223714,0.00023196261,0.00056302553,0.09139197,0.01822219,0.0031154992,7,pop
0.0019253877,0.00045619078,0.0011833536,0.004399909,0.6892669,0.00020792928,0.0013285517,0.25906944,0.039683223,0.0024790296,7,pop
0.0024702416,0.0007012865,0.00232126,0.018691625,0.32794753,0.0004001074,0.0016805438,0.50199604,0.13833018,0.0054612258,7,pop
2.4695042e-05,1.2712329e-05,2.4546505e-05,0.0008469752,0.15645944,6.1682695e-06,0.0007027593,0.8397696,0.0011606355,0.000992507,7,pop
0.00015988307,0.00017412439,0.0001260627,0.007545254,0.09621005,0.0001149659,0.00043569872,0.8866128,0.0055748187,0.003046338,7,pop
0.00089571415,0.0028661075,0.0011374806,0.03934355,0.12780602,0.0010348773,0.002670598,0.76496696,0.050760403,0.008518199,7,pop
0.0007014933,0.0006793092,0.00015816065,0.01737762,0.28473723,0.0005240916,0.0016895505,0.68001544,0.009315314,0.0048017963,7,pop
0.00022372787,0.00019290927,0.000162429,0.016502773,0.12620087,0.00029939227,0.0004205477,0.83880526,0.013811108,0.0033809524,7,pop
0.00039492594,0.0010706834,0.018323667,0.12759532,0.015036286,0.00028402105,0.0016555517,0.7161563,0.09762783,0.021855425,7,pop
0.00029339356,0.0007242182,0.0059834737,0.05994571,0.028992366,0.00021449193,0.00078059867,0.8610272,0.03100559,0.0110329455,7,pop
0.0003051062,0.00025063002,0.0057715513,0.046032436,0.014758378,0.00018080822,0.00029597015,0.90741473,0.01923102,0.005759397,7,pop
0.00029164326,0.00026578238,0.0033477284,0.055535853,0.013477991,0.00035217663,0.00056117953,0.9175379,0.005797997,0.0028316856,7,pop
0.000991466,0.0018478361,0.02730211,0.11441305,0.019346539,0.0013165893,0.002693396,0.81519115,0.0057478454,0.011150054,7,pop
0.0016371624,0.0013789682,0.009300068,0.30449978,0.004418314,0.003084957,0.0010558161,0.6009305,0.051039316,0.022655055,7,pop
0.0031718805,0.0011723945,0.0062327753,0.15827282,0.029546298,0.015982881,0.0048389416,0.75089616,0.011689914,0.018195866,7,pop
0.0011419861,3.7072918e-05,0.008206159,0.32276437,0.002273256,0.00016447579,0.004542914,0.63359576,0.0019992501,0.025274761,7,pop
0.0007410272,9.5816096e-05,0.018484114,0.2926072,0.0041204114,0.0011720799,0.002768838,0.63253194,0.0037779054,0.043700658,7,pop
0.00064643397,6.8589085e-05,0.032771792,0.06788209,0.0022346287,0.00078683504,0.001993626,0.8565489,0.0017047469,0.035362314,7,pop
0.00036464885,0.00028904894,0.017862959,0.007944947,0.0066053094,0.00042332555,0.0009453091,0.92610097,0.011239268,0.028224112,7,pop
0.0007053794,0.0004478722,0.03011524,0.010507512,0.008679908,0.0014503928,0.002266617,0.8681191,0.01359088,0.06411712,7,pop
0.0006574455,0.0003186031,0.06933269,0.014462552,0.01935047,0.002086913,0.005204883,0.8158188,0.018682355,0.054085247,7,pop
0.0018362198,0.00038996956,0.16852966,0.016691972,0.028440736,0.0022613446,0.00091715646,0.70707333,0.034636006,0.03922352,7,pop
0.0009566413,0.00013395748,0.16977796,0.008183446,0.05293775,0.0012473041,0.0005788086,0.71525866,0.02724342,0.023682103,7,pop
0.0013423362,0.0006746817,0.09699507,0.023783326,0.003570453,0.0010139855,0.0008297642,0.8181822,0.013026999,0.040581305,7,pop
0.00026027308,0.0002366717,0.053788535,0.0037978773,0.0011049064,0.0006195594,0.00059858785,0.9272565,0.00040492206,0.011932194,7,pop
0.0032143537,0.0005297974,0.03920363,0.014388757,0.035280492,0.0016274614,0.0010519342,0.81355083,0.030307215,0.06084546,7,pop
0.016938629,0.0022804711,0.0588584,0.026454601,0.044150617,0.01527859,0.0027195297,0.7769253,0.015455539,0.04093832,7,pop
0.0036779083,0.0009934378,0.034356516,0.017538734,0.08290906,0.004634601,0.001243897,0.7548224,0.06963516,0.03018822,7,pop
0.00010556437,0.00015474398,0.00018438428,0.0028090787,0.0055133533,3.0108433e-05,7.8544335e-06,0.0020873172,0.987922,0.0011855526,8,reggae
0.00058091513,0.00022111446,0.0014247267,0.011536028,0.0067916643,0.00011463458,4.33795e-05,0.0058915345,0.9671234,0.0062725376,8,reggae
0.008671077,0.00058065564,0.012580915,0.047276407,0.053625118,0.0015601709,0.001227798,0.016347267,0.8248339,0.033296663,8,reggae
0.0015315517,0.00031712628,0.0014389921,0.0058619934,0.033037085,0.0009112552,0.00014338715,0.0083319545,0.93701154,0.011415093,8,reggae
0.00019206096,0.00013086869,0.00030390764,0.0059753996,0.031896535,0.00010902387,5.7740846e-05,0.010894391,0.94886047,0.00157958,8,reggae
0.003883823,0.0016120481,0.025545474,0.12410046,0.08995833,0.00806229,0.0008218278,0.095818564,0.6039318,0.046265397,8,reggae
0.001980432,0.00065865833,0.013132116,0.19295102,0.135016,0.0021959695,0.0012591117,0.09772187,0.52354383,0.031540968,8,reggae
0.00022530225,7.727074e-05,0.00038724754,0.01113469,0.02476248,0.00066063687,1.627611e-05,0.013166241,0.9478062,0.001763564,8,reggae
0.0024963375,0.00024934384,0.0022619877,0.035125848,0.008246153,0.00031918948,3.7548587e-05,0.013599349,0.9347257,0.0029386177,8,reggae
0.0020714568,0.0010142626,0.0020122575,0.036452897,0.13009124,0.0020254755,0.000641492,0.118083,0.69173396,0.015873976,8,reggae
0.00644714,0.0012691945,0.041656964,0.14500266,0.0135839125,0.0011883108,0.0011492103,0.06716438,0.66016734,0.06237091,8,reggae
0.0154701965,0.010584048,0.18275207,0.13034849,0.04032756,0.015827922,0.0042133066,0.118211016,0.3247208,0.15754461,8,reggae
0.047822945,0.008500347,0.12835371,0.117421344,0.018131157,0.02479306,0.0012965751,0.03363141,0.559874,0.060175397,8,reggae
0.14039592,0.0036714326,0.12516335,0.09429857,0.024074158,0.017262997,0.0028811288,0.017167555,0.3399494,0.23513548,8,reggae
0.03672863,0.0025817887,0.17148645,0.05600561,0.021004241,0.0155259,0.001696317,0.023898872,0.26434544,0.4067267,8,reggae
0.017822662,0.0048908214,0.11343379,0.15171283,0.07512284,0.011090467,0.0021693257,0.03722162,0.433551,0.15298462,8,reggae
0.06367159,0.0013307009,0.12068321,0.14382862,0.006777119,0.0070005907,0.0005667756,0.064946316,0.45045504,0.1407401,8,reggae
0.018206997,0.0041354583,0.12314435,0.21962328,0.014215158,0.011198706,0.0020761162,0.13681959,0.24559519,0.22498523,8,reggae
0.04397731,0.0009802816,0.15759015,0.15958007,0.05909346,0.0031702674,0.0028217332,0.06569638,0.27222815,0.2348622,8,reggae
0.027423395,0.0009664853,0.051656812,0.14525095,0.028898707,0.004559971,0.0011069664,0.066084005,0.5060842,0.16796856,8,reggae
0.004597237,0.0021193756,0.050438218,0.07622875,0.026308,0.0013385334,0.0011824496,0.069252655,0.73388785,0.034646947,8,reggae
0.012830998,0.007992434,0.11094932,0.07850913,0.036832802,0.0074678133,0.0031899626,0.08558621,0.5436573,0.11298401,8,reggae
0.031865425,0.0056869234,0.1232906,0.08745318,0.020457432,0.013051995,0.0008536549,0.026555307,0.6364177,0.054367814,8,reggae
0.056552224,0.0045771934,0.14415652,0.083683096,0.032339744,0.01614798,0.003655338,0.03954499,0.40118158,0.21816134,8,reggae
0.04355862,0.0050814515,0.2199121,0.055210598,0.013611949,0.028959293,0.0015876206,0.040078603,0.35534385,0.23665594,8,reggae
0.0097095445,0.004830932,0.11180994,0.13102771,0.14289682,0.0056358497,0.0058858353,0.057074133,0.41270173,0.11842751,8,reggae
0.034381762,0.0022384308,0.06755186,0.3545289,0.00630733,0.005015275,0.0010380029,0.20777221,0.2602604,0.060905788,8,reggae
0.006019781,0.002308233,0.08660505,0.11623543,0.0073311115,0.002918275,0.0009792763,0.38926834,0.22508669,0.16324782,8,reggae
0.04058717,0.000707288,0.10194076,0.23822132,0.03064033,0.0015608893,0.0023196144,0.09194197,0.27525058,0.21683009,8,reggae
0.004755587,0.00083146984,0.021418791,0.17486839,0.03622416,0.0015835115,0.002165343,0.09898163,0.585196,0.0739751,8,reggae
0.005432545,0.00028633402,0.014638922,0.22822364,0.005382882,0.0002676055,0.0007836825,0.12436704,0.6150221,0.0055952226,8,reggae
0.0016764437,0.00014314208,0.018420441,0.31839,0.003064672,0.00014600666,0.0013125533,0.623947,0.02478636,0.008113288,8,reggae
0.009977214,0.00059278664,0.15496515,0.4248429,0.009390678,0.00070607744,0.007010128,0.27038622,0.031511985,0.09061683,8,reggae
0.0069622668,0.0005329756,0.037416767,0.13318253,0.0063194446,0.0008163051,0.00057761173,0.11335998,0.66326445,0.037567712,8,reggae
0.012298557,0.0027930865,0.04437537,0.07366028,0.013130269,0.016776515,0.00040927492,0.30461597,0.45169002,0.08025064,8,reggae
0.0048979144,0.00027773748,0.04338556,0.4198949,0.012536836,0.0003687806,0.0025032456,0.4361225,0.051147554,0.028864916,8,reggae
0.09004109,0.00044312808,0.12213628,0.11760796,0.028551657,0.0009770397,0.00056753744,0.043241672,0.52406585,0.07236778,8,reggae
0.0007177226,0.00045602192,0.0022540463,0.1973878,0.0497694,0.0008992755,0.004754677,0.6432894,0.092852995,0.007618613,8,reggae
0.007008408,0.00054110546,0.033002067,0.33411896,0.035377607,0.0030695382,0.0033594016,0.25059998,0.27315545,0.059767503,8,reggae
0.0020786894,0.00058888894,0.007817886,0.4859349,0.022156658,0.0018289308,0.0057441466,0.24351647,0.20583855,0.024494799,8,reggae
0.16106038,0.0024931338,0.1265201,0.1433658,0.010915139,0.019429753,0.00083812827,0.0036574004,0.12858634,0.40313384,8,reggae
0.1430368,0.0071289325,0.25358745,0.06386068,0.0046369964,0.059730742,0.0009615619,0.0029977898,0.061311528,0.40274748,8,reggae
0.117475994,0.016911544,0.38209066,0.14686556,0.0072318288,0.027070142,0.000797987,0.010996347,0.05340243,0.23715751,8,reggae
0.18331158,0.04611374,0.2609772,0.19701335,0.0095282495,0.021998934,0.00056401704,0.008459916,0.117047936,0.15498503,8,reggae
0.08312015,0.03250315,0.2864262,0.21957068,0.029137837,0.014488653,0.0012811854,0.015062274,0.15512638,0.16328345,8,reggae
0.040462494,0.0031757564,0.36387977,0.15413308,0.010483196,0.021594303,0.0011760826,0.0048913616,0.21597457,0.18422937,8,reggae
0.1408331,0.000995179,0.3332582,0.044041254,0.0032126105,0.066264056,0.0003164949,0.0029186476,0.30997014,0.09819032,8,reggae
0.14577624,0.00040466883,0.51941806,0.08625933,0.025576424,0.0065146736,0.0003767316,0.003754667,0.15627754,0.055641703,8,reggae
0.041196264,0.0020837546,0.32113698,0.10059047,0.005664695,0.03458407,0.00013820044,0.0032474399,0.44593897,0.045419145,8,reggae
0.15648891,0.00094013585,0.14122012,0.089471705,0.007962855,0.019968772,0.00040446193,0.0019936138,0.45323193,0.12831746,8,reggae
0.116840996,0.0020711147,0.06938792,0.7530296,0.0024462284,0.018948473,0.00087311515,0.008626441,0.017087441,0.010688729,8,reggae
0.011871349,0.00033456826,0.018568013,0.95596063,0.00032813905,0.0023328501,0.00014707525,0.0058580795,0.0024752126,0.0021240944,8,reggae
0.00938361,0.00049792934,0.023224605,0.94597113,0.00078301196,0.0015399829,0.00014093584,0.009498433,0.0036784983,0.0052819094,8,reggae
0.030058246,0.00045501807,0.028837467,0.9093622,0.0010226588,0.0046423953,0.0005715708,0.013278727,0.002616589,0.009155134,8,reggae
0.2210859,0.002102181,0.07891051,0.59696716,0.004728036,0.049475163,0.0011644618,0.014384163,0.0143902525,0.016792096,8,reggae
0.06564134,0.004183418,0.27086788,0.27537328,0.024121642,0.037554204,0.0005600024,0.05178262,0.12903966,0.14087594,8,reggae
0.09955901,0.020095423,0.0819253,0.17454502,0.023828233,0.13853468,0.00053254317,0.018262215,0.38922572,0.05349186,8,reggae
0.060910515,0.0020522529,0.045296557,0.13575143,0.004532915,0.022524692,0.00012886678,0.02712742,0.6050369,0.09663841,8,reggae
0.07065538,0.0011023767,0.063183546,0.25183278,0.010026516,0.010142171,0.00013615786,0.029904285,0.5075684,0.055448305,8,reggae
0.10457874,0.020038601,0.13174678,0.36879227,0.018152284,0.09407787,0.00089670287,0.030641757,0.11806314,0.11301177,8,reggae
0.0048685917,0.0026469696,0.005885325,0.016448887,0.6689994,0.003402415,0.0034436446,0.0037653453,0.26612976,0.024409685,8,reggae
0.016752504,0.006348206,0.006996175,0.022221535,0.4553727,0.0057297167,0.0036250707,0.0036349543,0.44622484,0.033094298,8,reggae
0.0063400986,0.0015544846,0.002518498,0.009356187,0.77516264,0.0010026305,0.00086352596,0.0025949955,0.19045669,0.010150255,8,reggae
0.012689319,0.0026207964,0.0073654354,0.0126221115,0.7040488,0.0031140062,0.0018513735,0.0050339014,0.23132408,0.019330148,8,reggae
0.002608872,0.0011618753,0.0030816384,0.010506128,0.803531,0.0007412742,0.001718006,0.0037353497,0.15466084,0.018255094,8,reggae
0.05161821,0.00017811602,0.0042763036,0.0043651084,0.62415767,0.00476185,0.00038857694,0.0016229555,0.3032174,0.005413771,8,reggae
0.12557808,0.006475351,0.013526921,0.016259946,0.035466515,0.026858827,0.0012904777,0.0045493552,0.74089015,0.02910438,8,reggae
0.5581032,0.006050707,0.021757817,0.019013597,0.09536083,0.009264228,0.0024710589,0.011499756,0.2562956,0.020183196,8,reggae
0.0408701,0.0065567493,0.05552017,0.047873802,0.25357947,0.021739777,0.00548345,0.021171855,0.48925662,0.057948112,8,reggae
0.2700593,0.0038029642,0.009984284,0.06689524,0.038158577,0.007545235,0.00068084494,0.007008494,0.58292633,0.012938719,8,reggae
0.0051424075,0.055963162,0.7460339,0.012873086,0.005309219,0.048159115,0.002053535,0.03062679,0.008660939,0.085177846,8,reggae
0.0037333197,0.054051,0.6332816,0.009108354,0.004527677,0.16710201,0.0009832456,0.0095975315,0.010964635,0.10665055,8,reggae
0.00525734,0.036891133,0.69294596,0.015605267,0.0055565718,0.14895484,0.001387689,0.015417361,0.0064638243,0.07151998,8,reggae
0.011999864,0.016896192,0.5073253,0.022903606,0.018850053,0.114791915,0.006170207,0.08895747,0.005559335,0.20654619,8,reggae
0.00820848,0.020163314,0.52740914,0.01784761,0.017275292,0.024957834,0.0033146648,0.0959736,0.009719077,0.27513096,8,reggae
0.12697597,0.040515326,0.13544317,0.02896813,0.0010813446,0.5814075,0.0005561748,0.0073609455,0.046840414,0.030851042,8,reggae
0.014837537,0.007780755,0.46998414,0.014648922,0.011220832,0.006257751,0.0064307223,0.29817164,0.0033206975,0.16734707,8,reggae
0.0061806105,0.0028531167,0.65509295,0.008890565,0.0056275576,0.009885959,0.000703944,0.11746329,0.010040529,0.18326148,8,reggae
0.17632833,0.05743594,0.2568014,0.02927724,0.010866425,0.1763213,0.0014606554,0.041693103,0.14128089,0.10853471,8,reggae
0.009823534,0.005058801,0.34137908,0.03286252,0.011862249,0.012014672,0.0025177523,0.31752193,0.026949747,0.24000973,8,reggae
0.027522089,0.015572793,0.052425746,0.46410784,0.0064682434,0.22987099,0.0006019887,0.004332461,0.1754573,0.023640575,8,reggae
0.032834228,0.013667898,0.018820286,0.2940948,0.00941275,0.19019999,0.00036915194,0.0038011458,0.4276214,0.00917831,8,reggae
0.012030115,0.0053903046,0.0073592807,0.15764828,0.014273867,0.027610205,0.00019164546,0.0019925232,0.76554054,0.007963179,8,reggae
0.02511793,0.023769027,0.014260841,0.43718192,0.010718915,0.08727927,0.0007022682,0.0039070025,0.38036847,0.01669439,8,reggae
0.062682055,0.01271148,0.07532745,0.40735134,0.010173582,0.18890874,0.002315294,0.0035393608,0.17595732,0.06103342,8,reggae
0.008719402,0.005755395,0.0064692646,0.060240608,0.017121103,0.107762665,0.00024237554,0.006293208,0.756815,0.030580932,8,reggae
0.046889607,0.0035275668,0.010671765,0.055102598,0.08145042,0.04491593,0.00061376195,0.004887633,0.6984556,0.05348513,8,reggae
0.06030619,0.032996267,0.036459453,0.10840401,0.010190166,0.32041922,0.00052233454,0.0076108538,0.358335,0.06475658,8,reggae
0.017628968,0.006350778,0.018083692,0.10226272,0.004093416,0.11128233,0.00021516494,0.0046798275,0.67912436,0.056278758,8,reggae
0.020580085,0.008764152,0.010347572,0.30970308,0.018541653,0.018248644,0.00071567536,0.010621004,0.5574464,0.045031667,8,reggae
0.08274604,0.0028032027,0.12891614,0.3306073,0.09931134,0.030985722,0.047567185,0.010450262,0.026244996,0.24036779,8,reggae
0.062285893,0.0013770463,0.075035214,0.35739538,0.043406405,0.011819765,0.043092217,0.0039443704,0.024020668,0.377623,8,reggae
0.07853762,0.003071074,0.1578144,0.18988563,0.03636691,0.040110655,0.019004645,0.006910062,0.058584604,0.40971443,8,reggae
0.14160845,0.0036121642,0.1560162,0.19326614,0.064492375,0.07119864,0.01280063,0.010395288,0.05073052,0.29587957,8,reggae
0.13278417,0.0019477907,0.1749431,0.25041005,0.062193308,0.051092483,0.046315182,0.00725746,0.0196165,0.25343996,8,reggae
0.031295195,0.018101007,0.38405538,0.08906354,0.18823496,0.027568689,0.018303998,0.016585916,0.10347081,0.12332048,8,reggae
0.057746056,0.019434674,0.20125526,0.19042876,0.09166983,0.049870595,0.036079895,0.015890963,0.08487079,0.2527531,8,reggae
0.06732965,0.0049692476,0.1449514,0.057669736,0.14584136,0.091068916,0.06959285,0.01701549,0.12553494,0.2760264,8,reggae
0.10979496,0.062365174,0.17417489,0.15278386,0.052785914,0.07823616,0.031178225,0.0077022724,0.10395253,0.22702597,8,reggae
0.0327168,0.024180595,0.12982129,0.07080601,0.18951312,0.12139964,0.060211625,0.022158733,0.08445528,0.26473692,8,reggae
0.1256237,0.039626643,0.023589227,0.047706477,0.008400633,0.6100102,0.007356956,0.014015726,0.010765553,0.11290495,9,rock
0.08445604,0.0148862265,0.038200103,0.028686984,0.021286909,0.62984604,0.016092088,0.027027601,0.007697376,0.1318207,9,rock
0.15772809,0.023608526,0.043801382,0.059386592,0.030746866,0.30155146,0.02270429,0.04389799,0.017367633,0.29920715,9,rock
0.25374332,0.018475454,0.07563611,0.14369804,0.026317015,0.24887672,0.009711167,0.027988533,0.022360994,0.1731927,9,rock
0.67265856,0.0019475105,0.022522517,0.06984304,0.0030442902,0.17519349,0.0010267372,0.0026421947,0.0075798607,0.043541744,9,rock
0.2550483,0.019541727,0.07456086,0.05861244,0.021047067,0.23030294,0.024433946,0.034464758,0.012127,0.26986095,9,rock
0.50115025,0.021054765,0.08142678,0.0761197,0.018335883,0.123527095,0.030721946,0.016630858,0.008064306,0.12296838,9,rock
0.5357192,0.008490642,0.052244205,0.10305305,0.013661084,0.015168325,0.008325778,0.0022654356,0.012803169,0.24826914,9,rock
0.32629427,0.0069133034,0.11176656,0.07647175,0.016216837,0.03121443,0.020806376,0.002654992,0.008955501,0.398706,9,rock
0.60129297,0.005208113,0.06828598,0.03931187,0.00280036,0.0614849,0.007976004,0.0021447397,0.0044321045,0.20706302,9,rock
0.0026349123,0.0021153404,0.018383617,0.0085038375,0.002609617,0.0009590873,0.44935325,0.0018338864,0.000231429,0.513375,9,rock
0.0047140825,0.0011333473,0.04517926,0.019112263,0.0018266519,0.0005963348,0.3670678,0.0020870739,0.00031565584,0.5579675,9,rock
0.0037236444,0.0014301814,0.04621844,0.0049212915,0.0011151779,0.0013295353,0.28642455,0.0014543219,8.5065796e-05,0.65329784,9,rock
0.003492246,0.0012282106,0.010750752,0.0030575613,0.0013092344,0.0012504698,0.28271356,0.0005442091,7.842094e-05,0.6955753,9,rock
0.0077174776,0.0027960194,0.06308961,0.012294774,0.0013108805,0.0024149604,0.15721028,0.0011124306,0.00012843272,0.7519252,9,rock
0.021465557,0.00091909396,0.010371555,0.0040413686,0.001993125,0.0017475546,0.40583163,0.00080166373,0.000112586604,0.55271584,9,rock
0.012820317,0.00028510237,0.003425837,0.0022976699,0.0010066632,0.0011829411,0.5954544,0.000584096,8.207722e-05,0.3828608,9,rock
0.04067529,0.00024339464,0.03385692,0.015310531,0.0038350555,0.0016266252,0.22435261,0.0013721725,0.00040008524,0.6783273,9,rock
0.08955526,0.00085738144,0.06640259,0.036650736,0.006262659,0.0019087995,0.21230143,0.0014091878,0.0005205551,0.58413136,9,rock
0.01942003,0.0017470276,0.018085072,0.0066117635,0.0031735902,0.0038686565,0.35843194,0.0027327547,0.00034371793,0.5855854,9,rock
0.17033903,0.0006244033,0.016847832,0.034859575,0.00039397305,0.002791172,0.21856183,0.0006158315,7.765132e-05,0.55488867,9,rock
0.05904824,0.0012916904,0.012618575,0.01842109,0.00078966003,0.0077764993,0.18436898,0.0011104727,0.00012128113,0.71445346,9,rock
0.02608872,0.004830743,0.013229252,0.019888828,0.0008481569,0.0032001068,0.19612125,0.0023761203,8.617752e-05,0.7333306,9,rock
0.058992554,0.0031578701,0.023993049,0.017714048,0.001013561,0.0034234955,0.34590015,0.0024437937,8.872561e-05,0.54327273,9,rock
0.025047204,0.0030417093,0.02107652,0.013078359,0.0014596444,0.002762769,0.34054446,0.0017794366,0.00017669138,0.5910332,9,rock
0.08091388,0.0004272901,0.031267997,0.034171347,0.0020587058,0.0013606428,0.19532387,0.00040525023,0.00024975408,0.6538213,9,rock
0.10710191,0.00019015055,0.0038892,0.014389238,0.0023031367,0.0019387827,0.44914562,0.000321879,0.00014349101,0.42057657,9,rock
0.12745108,0.00050175324,0.04541953,0.061312586,0.00077955745,0.0058870493,0.21818407,0.0011007527,0.00046519077,0.53889847,9,rock
0.12758747,0.000853297,0.011554827,0.012831782,0.0017886027,0.002460991,0.33311644,0.0008706796,0.0003675042,0.5085684,9,rock
0.07740981,0.0015936919,0.019033585,0.020833421,0.0014633,0.005949711,0.30071735,0.00077686197,0.000264494,0.57195777,9,rock
0.018703807,0.019826844,0.3530606,0.018129928,0.0062591955,0.010337601,0.037049957,0.004987923,0.0012957784,0.5303483,9,rock
0.03754014,0.0034542568,0.5397959,0.03684036,0.010228262,0.009157505,0.025097666,0.0034022976,0.0020914045,0.33239222,9,rock
0.02155628,0.0023488302,0.6065469,0.028531542,0.008484344,0.0058231717,0.025253745,0.0024064826,0.0017599243,0.29728886,9,rock
0.022901947,0.0059998804,0.40053308,0.025498798,0.0060638906,0.0033111302,0.07255055,0.0034032941,0.001042439,0.45869505,9,rock
0.03723489,0.0055970205,0.2704526,0.061247587,0.0040426007,0.002472759,0.0915629,0.0026760574,0.0005960406,0.5241175,9,rock
0.06540489,0.003996224,0.15840206,0.021455366,0.013913949,0.014361179,0.12590814,0.0052174246,0.0035853293,0.58775544,9,rock
0.10639348,0.021630066,0.1792547,0.17443608,0.008618258,0.012636761,0.09644958,0.012823917,0.009758051,0.37799907,9,rock
0.13874198,0.005278553,0.10868818,0.18255168,0.01567904,0.010789274,0.08804043,0.01890583,0.014383429,0.41694158,9,rock
0.017271867,0.0041666413,0.04250112,0.014588348,0.0068061803,0.0043173893,0.25583616,0.008035778,0.00061783084,0.64585865,9,rock
0.21779291,0.0074533983,0.1075861,0.13650964,0.0060498808,0.0154115595,0.120585166,0.005255754,0.0034763631,0.37987924,9,rock
0.07871037,0.5966946,0.019047674,0.010353518,0.0012156657,0.023796529,0.20340487,0.0014101148,0.0001781275,0.06518846,9,rock
0.17169185,0.17554642,0.025307864,0.021291506,0.0020002723,0.018495394,0.52513355,0.0027659663,0.00047513127,0.05729202,9,rock
0.17601402,0.23554759,0.032203376,0.031535927,0.0023146323,0.030739369,0.38941368,0.001393378,0.000586934,0.10025114,9,rock
0.44694838,0.118324056,0.044235647,0.04015034,0.0031340998,0.06372145,0.25199658,0.0010655705,0.0009970997,0.029426718,9,rock
0.40328905,0.033914384,0.14725873,0.12161103,0.0025498949,0.0461334,0.18147765,0.0010347436,0.0014936659,0.061237432,9,rock
0.10307768,0.019578544,0.10744249,0.041388214,0.008458562,0.0070847296,0.3008127,0.0033222546,0.0018178464,0.40701702,9,rock
0.071270965,0.005576917,0.02475303,0.033647824,0.0048864745,0.009079369,0.31246686,0.0027104889,0.0017383429,0.53386974,9,rock
0.046916414,0.0116868755,0.023142904,0.014008551,0.0059834686,0.014357689,0.51399624,0.004739671,0.0030627993,0.36210537,9,rock
0.027518421,0.009351267,0.020814702,0.026218861,0.018559739,0.011162962,0.49113125,0.0054935394,0.0023980995,0.38735113,9,rock
0.21326898,0.0029852765,0.06258724,0.13862075,0.014350411,0.0110774655,0.24589774,0.004113418,0.004516564,0.30258214,9,rock
0.12917091,0.0043291966,0.15325639,0.045779154,0.020461246,0.04066933,0.0578738,0.014979042,0.0037159089,0.52976507,9,rock
0.05516217,0.0029862234,0.33294794,0.02605831,0.0114562055,0.035827145,0.046892382,0.003933197,0.0044460665,0.48029038,9,rock
0.016350502,0.008893243,0.18660402,0.025756687,0.013128287,0.025065498,0.09896752,0.010466617,0.0023687975,0.6123988,9,rock
0.009764439,0.0052334233,0.045739375,0.0505673,0.0029611313,0.0016567922,0.03558082,0.0027071706,0.0008037188,0.84498584,9,rock
0.037507985,0.0021836425,0.059124365,0.054893285,0.008630134,0.0031944122,0.06661015,0.003596095,0.0025479116,0.761712,9,rock
0.102222264,0.00045803245,0.01366181,0.026099205,0.039104678,0.0044899452,0.1592724,0.0010523415,0.0036070277,0.65003234,9,rock
0.2147181,0.00045649445,0.07819921,0.13449252,0.0058794143,0.0034988828,0.11073827,0.0016278517,0.0028532806,0.44753593,9,rock
0.19483288,0.0043201493,0.123065226,0.034649972,0.009029753,0.022523515,0.085270934,0.0019576824,0.001663864,0.522686,9,rock
0.30279323,0.00027997946,0.02223085,0.01370584,0.007878221,0.0063103614,0.13564013,0.0005536931,0.0005763362,0.51003134,9,rock
0.30390686,0.0004685669,0.15553871,0.055580877,0.015762947,0.008695604,0.094465025,0.0018758072,0.007895368,0.35581023,9,rock
0.058467403,0.039479237,0.18904907,0.017122714,0.0064586927,0.012859162,0.05396852,0.009209068,0.0011071212,0.612279,9,rock
0.08364579,0.013496403,0.09969869,0.0625092,0.0075768665,0.008997272,0.10237107,0.008547913,0.0022649518,0.6108918,9,rock
0.0682736,0.001335821,0.081906244,0.12563993,0.007374284,0.0020529688,0.1941743,0.004756612,0.0011651749,0.51332104,9,rock
0.06909006,0.0019037819,0.052548505,0.1669006,0.006839685,0.0016850929,0.22414136,0.0024541211,0.0020768826,0.47235993,9,rock
0.031115217,0.0030685565,0.048908997,0.09405067,0.0062198606,0.00088586396,0.35347515,0.0024556953,0.0009349747,0.45888495,9,rock
0.25543442,0.0005129228,0.15408696,0.14860657,0.009667442,0.0016846809,0.07335675,0.0013634268,0.005767612,0.34951925,9,rock
0.1607747,0.0037250435,0.1202052,0.15585865,0.0030095289,0.007188514,0.13265236,0.0039738026,0.0017739108,0.41083834,9,rock
0.14764434,0.0015345122,0.020170476,0.024098294,0.0038443664,0.008170425,0.5339511,0.00084149867,0.00084378885,0.25890124,9,rock
0.18623956,0.0007259212,0.09556106,0.06187566,0.01033245,0.0057710526,0.1921344,0.0022429153,0.0028434235,0.44227356,9,rock
0.19790372,0.0028762626,0.09850516,0.030248769,0.009889844,0.008389271,0.18398815,0.0027009167,0.0011254437,0.46437246,9,rock
0.12079642,0.0009887397,0.5521995,0.15082134,0.0004706948,0.001022185,0.040636938,0.002073054,0.0008697973,0.13012125,9,rock
0.17367281,0.00015587646,0.43918198,0.18363336,0.00027502773,0.0006501551,0.12349909,0.0021704207,0.00018926043,0.07657191,9,rock
0.15181752,0.00019900627,0.2759267,0.1466869,0.00040921968,0.0006545096,0.27933052,0.002170378,0.00016480633,0.14264046,9,rock
0.040805776,0.00017423628,0.05817122,0.09705793,0.0015015719,0.00023712072,0.60417974,0.0013547272,0.00010072556,0.196417,9,rock
0.037582014,0.00014769622,0.020122612,0.08312953,0.00122581,0.00016773117,0.7141333,0.0010775037,0.0001568199,0.1422569,9,rock
0.278601,6.74875e-05,0.02816668,0.19344205,0.0019023073,0.0004392842,0.42601034,0.0017491324,0.0016414296,0.06798031,9,rock
0.009643637,0.00034446246,0.041751195,0.005078542,0.0013178006,0.00047463182,0.3442792,0.0023055163,0.00014405465,0.59466094,9,rock
0.08414388,5.013543e-05,0.020829977,0.11570835,0.0006796407,0.00034437,0.7344728,0.0017988064,0.0014683986,0.040503692,9,rock
0.30407754,2.5068151e-05,0.010185381,0.17679346,0.00051963155,0.00033273897,0.45676127,0.00043721028,0.0006563805,0.050211273,9,rock
0.22845668,0.00037442753,0.056639656,0.042862117,0.0019499238,0.0011372678,0.3045412,0.00053329155,0.00042765733,0.36307776,9,rock
0.102438785,0.002759808,0.36116993,0.020621995,0.06313247,0.048031736,0.013966734,0.011564564,0.01919451,0.3571194,9,rock
0.058205925,0.0012479102,0.20963588,0.012245809,0.0066195787,0.007212054,0.00655503,0.001932567,0.016523922,0.6798214,9,rock
0.0438592,0.0018480514,0.33679914,0.035068475,0.009164402,0.006806452,0.009627044,0.004551223,0.022440456,0.5298355,9,rock
0.25019586,0.010746453,0.21996076,0.016310703,0.044360686,0.05296234,0.017750164,0.009117902,0.02146056,0.35713455,9,rock
0.15320519,0.02065068,0.10128216,0.018103564,0.12860566,0.028157674,0.055446137,0.040679492,0.08564395,0.36822546,9,rock
0.021011073,0.012691683,0.25650665,0.00401824,0.007533529,0.02415847,0.05034792,0.017125625,0.0017698292,0.60483694,9,rock
0.033201702,0.010527296,0.44932133,0.008732062,0.0072183483,0.038067147,0.0173563,0.011223331,0.007321121,0.41703138,9,rock
0.53748333,0.004981405,0.046440758,0.0049087987,0.010402414,0.22007878,0.00083213183,0.0011884585,0.0583788,0.115305096,9,rock
0.52425855,0.0031464782,0.07745901,0.0022081318,0.15974936,0.118000984,0.00038379815,0.0012861938,0.03790107,0.07560641,9,rock
0.14401029,0.002045413,0.07430289,0.028498089,0.19327119,0.053940013,0.048060004,0.004294091,0.08364303,0.367935,9,rock
0.006249158,0.41478458,0.45423552,0.024938006,0.0005774939,0.013044284,0.0055843447,0.006812009,0.0019149825,0.07185969,9,rock
0.015080485,0.17102626,0.5816441,0.019687371,0.0010372621,0.0055170357,0.01155767,0.009390384,0.0015982222,0.18346125,9,rock
0.025759272,0.021435812,0.7459743,0.006142036,0.0008108192,0.013934455,0.002412755,0.0035614686,0.0014493694,0.17851971,9,rock
0.019919787,0.08872083,0.47655478,0.033494703,0.0011039027,0.0038693263,0.016308257,0.008608509,0.001935595,0.34948432,9,rock
0.013290409,0.27132806,0.2408019,0.022327041,0.0023995247,0.009528434,0.025734296,0.010736561,0.004077459,0.39977628,9,rock
0.052548897,0.04486389,0.64289784,0.0042444547,0.0014434807,0.05193576,0.0047068386,0.007933537,0.0035246543,0.18590067,9,rock
0.009968527,0.024262654,0.8119569,0.0038120544,0.00067712064,0.004715301,0.0011472817,0.0062886453,0.0021275247,0.13504405,9,rock
0.053338666,0.15571167,0.28002137,0.01584783,0.015139435,0.066206284,0.0855402,0.009046621,0.005842311,0.31330565,9,rock
0.0005736841,0.9781562,0.006157636,0.00045223505,5.9839174e-05,0.004710344,0.00087100535,0.00040729885,1.7578917e-05,0.008594232,9,rock
0.08008665,0.058416594,0.5731315,0.05075307,0.011420854,0.06371882,0.018277122,0.023452034,0.016792815,0.103950575,9,rock
