0,1,2,3,4,5,6,7,8,9,10,11,12,13,14,15,16,17,18,19,20,21,22,23,24,25,26,27,28,29,30,31,32,33,34,35,36,37,38,39,40,41,42,43,44,45,46,47,48,49,50,51,52,53,54,55,56,57,58,59,60,61,62,63,64,65,66,67,68,69,70,71,72,73,74,75,76,77,78,79,80,81,82,83,84,85,86,87,88,89,90,91,92,93,94,95,96,97,98,99,100,101,102,103,104,105,106,107,108,109,110,111,112,113,114,115,116,117,118,119,120,121,122,123,124,125,126,127,label,pred,confidence,label_name,pred_name
0.0,0.0,0.0,2.5329006,1.4870318,0.0,1.7340988,0.0,0.30478385,0.014225007,0.0,0.0,0.0,0.0,0.0,0.0,0.0,2.0040088,0.0,0.0,1.3469635,0.8848726,0.0,1.0877942,0.22107914,0.0,0.0,0.0,0.70505476,0.0,0.0,0.0,0.07580751,0.0,0.0,0.0,0.0,0.43082675,0.0,0.0,0.0,2.523296,0.5267591,0.7445488,0.0,1.6553975,0.048653666,0.40951324,0.0,0.5513445,0.0,0.0,0.0,0.0,0.0,0.0,1.5746436,1.460669,0.0,0.0,0.55329937,0.0,0.0,0.08039348,0.77036345,0.06469978,0.0,0.0,0.0,0.0,0.44926217,1.4989169,0.0,0.0,1.2094934,0.0,0.57073945,0.0,1.2870641,0.0,1.0762519,0.0,0.0,1.0344127,1.5899909,0.0,0.0,0.0,0.0,0.0,0.0,0.0,0.0,0.0,0.9445231,0.46991655,1.6395017,0.0,0.0,0.42836127,1.0610704,0.0,2.9137607,0.0,1.0780387,1.9052259,1.465702,0.0,1.4215266,0.0,1.3098325,0.0,0.0,1.6699164,0.0,0.0,0.0,0.0,0.0,0.0,0.0,1.2721876,0.0,0.0,0.0,0.3288705,0.35445234,0.0,0,0,0.88998944,blues,blues
0.0,0.0,0.0,2.0834107,1.2579186,0.0,1.5410388,0.0,0.0,0.309921,0.0,0.0,0.0,0.0,0.0,0.0,0.0005757101,1.5939542,0.0,0.0,1.6154728,0.096344836,0.0,0.33160177,0.16883257,0.0,0.0,0.0,1.032269,0.0,0.0,0.0,0.19220018,0.0,0.0,0.0,0.0,0.6834705,0.0,0.0,0.0,2.1226354,1.1903262,0.82965875,0.0,1.5963783,0.19731908,0.067977704,0.0,1.1185282,0.0,0.0,0.0,0.0,0.0,0.0,1.307901,1.487131,0.0,0.0,0.4736022,0.0,0.0,0.0,0.526714,0.0,0.0,0.0,0.0,0.0,0.17840913,1.9266434,0.0,0.0,1.3107706,0.0,0.6192219,0.0,1.0837382,0.0,0.8450249,0.0,0.0,1.3727962,1.4661044,0.0,0.0,0.0,0.0,0.0,0.0,0.0,0.0,0.0,1.1114312,0.08053957,1.8287858,0.0,0.0,0.47278556,0.7708236,0.0,2.6572948,0.0,0.87441665,2.3604875,1.5700595,0.0,1.3080195,0.0,0.98414665,0.0,0.0,1.5712864,0.0,0.28623125,0.0,0.0,0.0,0.0,0.0,1.1340878,0.0,0.0,0.0,0.29416692,0.006038957,0.0,0,0,0.9383234,blues,blues
0.9487843,0.0,0.0,1.8254716,0.33698228,0.31384817,0.23820738,0.0,0.0,0.0,0.16372867,0.0,0.0,0.0,0.0,0.0,0.0,1.0150666,0.0,0.0,2.0030575,0.08389154,0.0,0.94520736,0.4871169,0.6116181,0.0,0.0,0.7397293,0.0,0.0,0.0,0.2318668,0.0,0.0,0.0,0.0,0.36296958,0.0,0.0,0.0,1.8822715,1.3664999,0.6591781,0.0,0.9029533,0.78681374,0.42915857,0.0,0.36790973,0.0,0.0,0.0,0.0,0.25026277,0.0,0.9196434,2.5642633,0.0,0.0,0.64942735,0.0,0.0,0.6253202,0.31864026,0.0,0.29235062,0.0,0.0,0.0,0.580723,1.0359521,0.0,0.0,1.3567833,0.0,0.7619175,0.0,1.3341774,0.0,1.1191008,0.0,0.0,1.4150374,1.0489571,0.0,0.0,0.0,0.0,0.0,0.0,0.0,0.0,0.0,0.8384764,0.0,1.903469,0.0,0.0,0.62428856,0.6466168,0.0,1.1710817,0.0,0.0,2.695917,1.4330817,0.0,0.7942491,0.0,0.42683282,0.0,0.0,0.8434562,0.0,0.17215171,0.0,0.0,0.0,0.0,0.0,0.46638054,0.0,0.0,0.0,0.94619364,0.0,0.0,0,0,0.58370227,blues,blues
0.7376456,0.0,0.0,2.3192468,1.0928985,0.0,0.6598265,0.0,0.0,0.0,0.0,0.0,0.0,0.0,0.0,0.0,0.0,1.596183,0.0,0.0,1.9021362,0.55379367,0.0,0.8460694,1.0487673,0.27636683,0.0,0.0,0.86696666,0.3145722,0.0,0.0,0.37271982,0.0,0.0,0.0,0.0,0.0,0.0,0.0,0.0,1.9868686,1.6294047,0.42119402,0.0,0.59888387,0.0,1.1326522,0.0,0.28145385,0.0,0.0,0.0,0.0,0.05911861,0.0,0.89268667,2.7138662,0.0,0.046673458,0.1349701,0.0,0.22747372,0.4515684,0.48698762,0.0,0.32098007,0.0,0.0,0.0,1.3368754,0.68315345,0.0,0.0,1.8013912,0.0,0.7392721,0.0,1.4527639,0.0,0.8186645,0.049633026,0.0,1.7507933,1.5923945,0.0,0.0,0.0,0.0,0.0,0.0,0.0,0.0,0.0,1.3945218,0.0,1.8165196,0.0,0.0,0.6578507,1.1599425,0.42776522,1.823092,0.0,0.027510311,2.5161126,1.0951884,0.0,0.36651894,0.0,0.81527084,0.0,0.0,1.7728809,0.19347654,0.0,0.0,0.0,0.0,0.0,0.0,0.34678838,0.0,0.0,0.0,1.2186536,0.34857377,0.0,0,0,0.5390851,blues,blues
0.30943576,0.0,0.0,2.2954066,0.9742435,0.0,1.6231856,0.0,0.46051294,0.4174583,0.0,0.0,0.0,0.0,0.0,0.0,0.0,1.7578803,0.0,0.0,1.0057343,1.1048297,0.0,1.183959,0.34288433,0.0,0.0,0.0,0.6300758,0.0,0.0,0.0,0.41024137,0.0,0.0,0.0,0.0,0.0,0.0,0.0,0.0,1.8709421,1.4373372,0.746547,0.0,1.4364518,0.32964993,0.9658795,0.0,1.0138896,0.19814484,0.0,0.0,0.0,0.0,0.0,1.6129017,1.6126946,0.0,0.0,0.32561153,0.0,0.0,0.14845185,0.43288735,0.0,0.0,0.0,0.0,0.0,0.88559186,1.4504479,0.0,0.0,1.2934724,0.0,0.45315853,0.0,1.9839721,0.0,0.63262147,0.0,0.0,1.570286,2.0334008,0.0,0.0,0.0,0.0,0.0,0.0,0.0,0.0,0.33046973,0.38908404,0.9239877,1.2335793,0.0,0.0,0.6891395,1.627431,0.22008693,3.525876,0.31011638,0.72113526,2.6515436,0.5961971,0.0,1.6983484,0.0,1.2036113,0.0,0.0,1.6397525,0.0,0.0,0.0,0.0,0.0,0.0,0.0,1.4527953,0.0,0.0,0.0,0.9620374,0.075671904,0.0,0,0,0.7950828,blues,blues
0.0,0.0,0.0,1.1393417,2.3431869,0.0,1.6288756,0.0,0.18259521,1.4164945,0.0,0.0,0.0,0.0,0.0,0.0,0.0,2.1087074,0.0,0.0,1.231305,0.7606664,0.0,0.63560045,0.0,0.0,0.0,0.0,0.9273044,0.0,0.0,0.0,0.2152084,0.0,0.0,0.0,0.0,0.33870265,0.0,0.0,0.0,1.1219975,0.8115672,0.4055814,0.0,1.6671902,1.081703,0.0,0.0,1.6135798,0.9068399,0.0,0.0,0.40821648,0.0,0.0,1.7581105,0.7722516,0.0,0.0,0.5084258,0.128581,0.0,0.0,0.0,0.0,0.0,0.0,0.0,0.0,0.0,0.97665566,0.0,0.0,0.97879803,0.0,1.150009,0.0,1.6853094,0.0,0.29733112,0.0,0.32230663,1.3841152,2.2741518,0.0,0.0,0.0,0.0,0.0,0.15303858,0.0,0.0,0.6191683,0.68387526,0.0,1.415328,0.0,0.0,0.6919823,0.7547457,0.0,2.9647474,0.31283644,1.3766714,2.7448044,0.06474252,0.4397698,1.8116018,0.0,1.7083856,0.0,0.26409107,0.28151807,0.0,0.61426413,0.0,0.0,0.0,0.0,0.0,1.6483158,0.0,0.0,0.0,0.0,0.0,0.0,0,0,0.8577202,blues,blues
0.0,0.0,0.0,1.1600919,1.7051122,0.0,1.6329479,0.0,0.17139609,1.3786262,0.0,0.0,0.0,0.0,0.0,0.0,0.0,1.6220939,0.0,0.0,1.512964,0.0,0.0,0.0,0.0,0.0,0.0,0.0,0.7426982,0.0,0.0,0.0,0.0,0.0,0.0,0.0,0.0,0.8347739,0.0,0.34447458,0.0,0.4929464,1.0312971,0.7344992,0.0,1.8557239,1.0964952,0.0,0.0,1.7904277,0.7846957,0.0,0.0,0.1158878,0.0,0.0,1.5928326,0.5983918,0.0,0.0,0.65504444,0.1545125,0.0,0.0,0.03173446,0.0,0.09139778,0.0,0.0,0.0,0.0,0.86241513,0.0,0.0,0.5743259,0.0,1.5761199,0.0,0.89230484,0.0,1.0539155,0.0,0.39647716,1.129232,2.0789316,0.0,0.0,0.0,0.0,0.0,0.07715192,0.0,0.0,0.038548145,0.58211684,0.42797798,1.5477003,0.0,0.0,0.31046215,0.31152764,0.0,2.847706,0.43512127,1.3391403,2.6477242,0.2386887,0.3053512,1.8212783,0.0,1.3020962,0.0,0.3031344,0.36756492,0.0,0.574922,0.0,0.0,0.0,0.0,0.0,1.2851723,0.0,0.0,0.0,0.0,0.0,0.0,0,0,0.93127286,blues,blues
0.0,0.0,0.0,2.025982,2.134256,0.0,1.4508585,0.0,0.42144004,1.1959587,0.0,0.0,0.0,0.0,0.0,0.0,0.0,1.6332911,0.0,0.0,1.5471997,0.07675453,0.0,0.80042493,0.0,0.0,0.0,0.0,0.66386807,0.0,0.0,0.0,0.0,0.0,0.15475987,0.0,0.0,0.650463,0.0,0.54163116,0.0,1.3852174,1.0418817,0.22126018,0.0,2.2711868,1.2668319,0.0,0.0,1.8660544,0.83436084,0.0,0.0,0.3378667,0.1475557,0.0,1.5358404,0.8293843,0.0,0.0,0.61974365,0.0,0.0,0.0,0.14501978,0.0,0.22558145,0.0,0.0,0.0,0.0,0.9783898,0.0,0.0,0.43761593,0.0,1.6814682,0.0,1.1378326,0.0,0.6767564,0.0,0.17360313,1.0721312,2.4905782,0.0,0.0,0.0,0.0,0.0,0.33173203,0.0,0.0,0.0,0.37773752,0.9229469,1.5137092,0.0,0.0,0.45059514,0.7549691,0.0,3.0234735,0.3188365,1.7532147,2.9757104,0.301218,0.5151155,1.7233557,0.0,1.5840878,0.0,0.23226419,0.38570285,0.045219436,0.28450114,0.0,0.0,0.0,0.0,0.0,1.4117955,0.0,0.0,0.0,0.040598765,0.06823747,0.0,0,0,0.9236667,blues,blues
0.0,0.0,0.0,1.600763,2.3791647,0.0,1.6108228,0.0,0.0,1.5507219,0.0,0.0,0.0,0.0,0.0,0.0,0.0,1.616786,0.0,0.0,1.126747,0.043387245,0.0,0.26190022,0.0,0.0,0.0,0.0,0.7461139,0.0,0.0,0.0,0.0,0.0,0.3232463,0.0,0.0,0.6096834,0.0,0.327603,0.0,0.8636552,1.207462,0.29160047,0.0,2.100185,0.95747113,0.0,0.0,1.7388576,0.56756616,0.0,0.0,0.37450376,0.0,0.0,1.8757901,0.33220333,0.0,0.0,0.055229645,0.29747742,0.0,0.0,0.0,0.0,0.0,0.0,0.0,0.0,0.0,0.78803486,0.0,0.0,0.4249453,0.0,0.9639145,0.0,1.2947259,0.0,0.37990594,0.0,0.29175967,0.90585274,1.8069663,0.0,0.0,0.0,0.0,0.0,0.31552386,0.0,0.0,0.5477584,0.44926897,0.06713782,1.1562194,0.0,0.0,0.30638885,0.3983059,0.0,2.7617352,0.10027937,1.6200287,2.3944864,0.53267217,0.35065645,1.91138,0.0,1.7093428,0.0,0.0,0.17741416,0.0,0.31705102,0.0,0.0,0.08183655,0.0,0.0,1.2249275,0.0,0.0,0.0,0.0,0.19100077,0.0,0,0,0.90203327,blues,blues
0.0,0.0,0.0,1.1957427,1.836247,0.0,2.1388295,0.0,0.0,1.147346,0.0,0.43426308,0.0,0.0,0.0,0.0,0.0,1.001703,0.0,0.0,0.6861756,0.0,0.0,0.0,0.029197676,0.0,0.0,0.0,0.5095737,0.0,0.0,0.0,0.13260958,0.0,0.010981538,0.0,0.0,1.3014053,0.14821155,0.36833313,0.0,0.0,1.0595067,0.816255,0.0,2.0841916,0.8775874,0.0,0.0,1.393524,0.8020765,0.0,0.0,0.0,0.0,0.0,1.622079,0.033543214,0.0,0.0,0.5376894,0.7039525,0.0,0.0,0.12649457,0.0,0.0,0.0,0.0,0.1316293,0.0,0.8012861,0.0,0.0,0.8163694,0.0,1.2872648,0.0,0.89741004,0.0,0.33163807,0.0,0.12593925,1.0801207,1.8067272,0.0,0.0,0.0,0.06265824,0.0,0.61890787,0.0,0.0,0.28287718,0.7934069,0.0,1.2902306,0.0,0.0,0.48937643,0.0,0.0,3.0707436,0.30112097,1.4972594,2.4590676,0.96964276,0.0,1.9362665,0.0,1.6987444,0.0,0.24058063,0.0,0.0,0.0,0.0,0.0,0.0,0.0,0.0,0.8029304,0.0,0.0,0.0,0.0,0.09072123,0.0,0,0,0.8735277,blues,blues
0.0,0.0,0.0,1.4200318,1.7614303,0.088345595,2.1295469,0.0,0.0,0.99175644,0.0,0.0,0.0,0.0,0.0,0.0,0.0,1.280158,0.0,0.0,1.4387379,0.0,0.0,0.0,0.0,0.0,0.0,0.0,1.525148,0.0,0.0,0.0,0.5980111,0.0,0.0,0.0,0.0,1.5658286,0.13676827,0.33901337,0.0,0.73879874,0.252808,0.98701864,0.0,1.4780464,0.0,1.1911387,0.0,0.3613406,0.5204342,0.0,0.0,0.0,0.0,0.0,2.0981405,1.4590971,0.0,0.0,0.31361297,0.44475982,0.32361433,0.0,0.15352781,0.0,0.20667261,0.0,0.0,0.0,0.6796617,0.0878038,0.0,0.0,0.489094,0.0,0.8137168,0.0,0.48474902,0.0,0.0,0.0,0.0,0.810499,0.29340926,0.0,0.0,0.0,0.0,0.0,0.0,0.0,0.0,0.0,1.334286,0.0,0.42688435,0.0,0.0,0.64542025,0.0,0.0,3.0767233,0.41665,0.89415884,1.0183089,2.0801058,0.0,2.5189562,0.0,0.98593074,0.0,0.0,1.1418866,0.0,0.0,0.0,0.0,0.0,0.0,0.0,0.847533,0.0,0.0,0.0,0.0,0.0,0.0,0,0,0.9420417,blues,blues
0.0,0.0,0.0,1.1924593,1.5227026,0.0,1.1418447,0.0,0.0,0.48365203,0.0,0.0,0.0,0.0,0.0,0.0,0.0,0.7285272,0.0,0.0,1.6143632,0.0,0.0,0.011836452,0.0,0.0,0.0,0.0,1.6694183,0.0,0.0,0.0,0.58355623,0.0,0.0,0.0,0.0,0.6161195,0.0,0.0,0.0,1.7725346,1.0925554,0.54251444,0.0,1.5575318,0.072050385,1.5640324,0.0,0.8317026,0.0,0.0,0.0,0.0,0.30973285,0.0,2.0128725,1.8072289,0.0,0.0,0.072213344,0.0,0.5832186,0.0,0.31482416,0.33349445,0.0,0.0,0.0,0.0,0.57406753,0.7549962,0.0,0.0,1.3046231,0.0,0.46365914,0.0,0.68429255,0.0,0.32777476,0.0,0.0,0.9344298,0.27857387,0.0,0.0,0.0,0.0,0.0,0.0,0.0,0.0,0.0,0.52560157,0.0,1.0637469,0.0,0.0,0.24372311,0.0,0.0,2.2980976,0.0,0.124221414,1.1824211,3.2466283,0.0,1.7269202,0.0,0.0226445,0.0,0.0,0.92246616,0.0,0.0,0.16959041,0.0,0.0,0.0,0.0,0.6331088,0.0,0.0,0.0,0.0,0.0,0.0,0,0,0.8869869,blues,blues
0.4468319,0.0,0.0,1.9578352,0.8758179,0.0,0.80036664,0.0,0.0,0.8146864,0.0,0.0,0.0,0.0,0.0,0.0,0.0,0.71633464,0.0,0.0,1.8230053,0.11658831,0.0,0.08874122,0.2572624,0.5445594,0.0,0.0,1.598094,0.0,0.0,0.0,0.4821503,0.0,0.0,0.0,0.0,0.42976353,0.0,0.0,0.0,2.5043514,1.487872,0.423315,0.0,2.0069673,0.0,1.7328871,0.0,1.5194396,0.0,0.0,0.0,0.0,0.5909914,0.0,2.076365,2.1783934,0.0,0.0,0.40901053,0.0,0.28061834,0.0,1.1363156,0.1876672,0.0,0.0,0.0,0.0,0.9836106,1.3164145,0.0,0.0,1.6779739,0.0,0.19353014,0.0,1.0159602,0.0,0.98394036,0.0,0.0,1.0893738,0.45700383,0.0,0.0,0.0,0.0,0.0,0.0,0.0,0.0,0.0,0.0,0.0,1.5578008,0.0,0.0,0.2532758,0.42094335,0.0,2.1883807,0.0,0.19067426,1.9766328,2.6145961,0.0,2.0299308,0.0,0.0,0.0,0.0,0.8468334,0.0,0.0,0.2670637,0.0,0.0,0.0,0.0,1.1326952,0.0,0.0,0.0,0.4735252,0.0,0.0,0,0,0.9166903,blues,blues
0.0,0.0,0.0,1.2450604,1.0452899,0.0,1.4205589,0.0,0.0,1.1436694,0.0,0.0,0.0,0.0,0.0,0.0,0.0,0.9815795,0.0,0.0,1.6202791,0.11216783,0.0,0.22359599,0.0,0.0,0.0,0.0,1.3388741,0.0,0.0,0.0,0.51648206,0.0,0.0,0.0,0.0,1.4395102,0.0,0.0,0.0,1.705813,0.7522052,1.1010532,0.0,2.272021,0.28362378,1.2908373,0.0,2.0276866,0.0,0.0,0.0,0.0,0.7963429,0.0,2.6065025,1.4087977,0.0,0.0,0.7815583,0.0,0.0,0.0,0.93520415,0.0,0.0,0.0,0.0,0.0,0.2587201,1.7553946,0.0,0.0,0.7555257,0.0,0.5719348,0.0,0.9046109,0.0,0.3345363,0.0,0.0,0.48572505,1.3485333,0.0,0.0,0.0,0.0,0.14353284,0.0,0.0,0.0,0.0,0.0,0.0,1.5693855,0.0,0.0,0.5840248,0.8909188,0.0,3.192096,0.0,0.96662676,2.0895116,1.4609692,0.28722614,2.4475307,0.0,0.16776587,0.0,0.0,0.43381596,0.0,0.07280857,0.0,0.0,0.0,0.0,0.0,1.3171525,0.0,0.0,0.0,0.15079845,0.083245836,0.0,0,0,0.97134554,blues,blues
0.0,0.0,0.0,1.0993042,1.818977,0.0,1.5950686,0.0,0.0,0.76059306,0.0,0.0,0.0,0.0,0.0,0.0,0.0,1.1635311,0.0,0.0,1.1511266,0.81023693,0.0,0.5961345,0.0,0.0,0.0,0.0,0.8219921,0.0,0.0,0.0,0.3757375,0.0,0.0,0.0,0.0,1.4626418,0.0,0.48264778,0.0,1.5609399,0.5860875,1.416877,0.0,2.3944974,0.5121445,1.4099542,0.0,1.6591744,0.0,0.0,0.0,0.0,1.0291067,0.0,2.8865342,0.9956696,0.0,0.0,0.43739456,0.0,0.0,0.0,0.46288723,0.23844202,0.18001606,0.0,0.0,0.0,0.48548165,1.5758796,0.0,0.0,1.0676388,0.0,0.6833001,0.0,1.1490701,0.0,0.0,0.0,0.0,0.66157556,1.7387745,0.0,0.0,0.0,0.13312382,0.0,0.0,0.0,0.0,0.0,0.6996671,0.0,1.1097739,0.0,0.0,0.80356675,0.8275745,0.0,3.3215845,0.19480239,1.5424869,1.7750922,1.1086622,0.44211096,2.464043,0.0,0.68294454,0.0,0.0,0.42611533,0.0,0.12304969,0.0,0.0,0.0,0.0,0.0,1.668684,0.0,0.0,0.0,0.0,0.05931831,0.0,0,0,0.9468744,blues,blues
0.0,0.0,0.0,0.27810174,2.8121004,0.5988111,0.8334952,0.0,0.0,0.6996756,0.0,0.25289625,0.0,0.0,0.0,0.0,0.0,0.85645825,0.0,0.4770785,0.0,0.3457389,0.0,0.14265142,0.0,0.0,0.0,0.0,0.0,0.0,0.0,0.0,0.69026476,0.0,0.68056947,0.0,0.0,1.7652698,0.40624875,0.47469628,0.0,0.05510103,0.0,1.4962591,0.0,1.8619301,1.5495107,0.1798788,0.0,2.3141742,1.0344608,0.0,0.0,0.24300893,1.4077971,0.0,2.0931041,0.0,0.0,0.0,0.0,1.1139376,0.0,0.0,0.0,0.09132571,0.0,0.0,0.0,0.0,0.0,0.0,0.0,0.0,0.0123056965,0.0,0.0,1.1687752,0.43343273,0.0,0.0,0.0,0.8740876,0.040292025,0.9993977,0.0,0.0,0.0,1.2387244,0.6912443,0.14125851,0.07374735,0.0,0.0,0.79767853,0.0,0.18029866,0.0,0.0,0.0,0.0,0.0,2.492475,1.7546777,1.886571,0.5542191,0.0,0.13220906,0.81158894,0.0,0.70712596,0.0,0.78694034,0.16816215,0.0,1.1237185,0.0,0.0,0.05801689,0.0,0.0,0.37370932,0.0,0.0,0.0,0.0,0.0,0.0,0,5,0.44576845,blues,jazz
0.0,0.0,0.0,0.38150594,2.8023427,0.63343143,0.9495778,0.0,0.0,0.5473166,0.0,0.12478254,0.0,0.0,0.0,0.0,0.0,1.2725338,0.0,0.7420334,0.004661789,0.101392806,0.0,0.0,0.0,0.0,0.0,0.0,0.0,0.0,0.0,0.0,0.914613,0.0,0.37989703,0.0,0.0,2.0294986,0.5071287,0.35097122,0.0,0.0,0.0,1.5983218,0.0,1.7093557,0.88437074,0.27169845,0.0,1.9412719,1.3259963,0.0,0.0,0.019204516,0.9251961,0.0,2.064129,0.0,0.0,0.0,0.0,1.1946131,0.0,0.0,0.0,0.0,0.0,0.0,0.0,0.0,0.0,0.0,0.0,0.0,0.0,0.0,0.19321187,0.5743543,0.5883068,0.0,0.0,0.0,0.46139574,0.13536754,1.0513358,0.0,0.0,0.0,0.93895036,0.004474743,0.09966448,0.0,0.0,0.0,1.1259819,0.0,0.19927317,0.0,0.0,0.09396867,0.0,0.0,2.7328403,1.3538035,1.7819138,0.67962795,0.0,0.0,1.0168003,0.0,0.9968339,0.0,0.3838411,0.3591841,0.0,0.7595292,0.0,0.0,0.0,0.0,0.0,0.0,0.0,0.0,0.09182875,0.0,0.08727748,0.0,0,5,0.4163477,blues,jazz
0.0,0.0,0.0,0.0,3.0465162,0.7445589,0.9332879,0.0,0.0,0.33247158,0.0,0.70146567,0.0,0.0,0.0,0.0,0.0,1.1764365,0.0,0.4448525,0.0,0.0,0.0,0.0,0.0,0.0,0.0,0.0,0.0,0.0,0.0,0.0,0.8159168,0.0,0.6970451,0.0,0.0,1.8510075,0.7783167,0.31184644,0.0,0.0,0.0,1.6336516,0.0,1.2382358,1.0043561,0.0,0.0,1.9726517,1.4292253,0.0,0.0,0.33866104,0.8309503,0.0,1.8193804,0.0,0.0,0.0,0.0,1.4789871,0.0,0.0,0.0,0.0,0.0,0.0,0.0,0.0,0.0,0.0,0.0,0.0,0.0,0.0,0.5412795,1.3794855,0.7777557,0.0,0.0,0.0,1.068363,0.45691618,1.1612272,0.0,0.0,0.0,1.101024,0.0,0.6685003,0.0,0.45441553,0.0,1.3151433,0.0,0.31351754,0.0,0.0,0.2341735,0.0,0.0,2.5980144,1.9903247,1.7318089,0.9887336,0.0,0.090842985,0.332691,0.0,1.1807727,0.0,0.90619224,0.0,0.0,1.1865618,0.0,0.0,0.21262486,0.0,0.0,0.057510674,0.0,0.0,0.3458406,0.0,0.0,0.0,0,5,0.7901101,blues,jazz
0.0,0.0,0.0,0.0,2.8337197,0.7826594,1.2523563,0.0,0.0,0.1402073,0.0,0.3372691,0.0,0.0,0.0,0.0,0.0,1.2737687,0.0,0.3415804,0.0,0.0,0.0,0.18222788,0.0,0.0,0.0,0.0,0.08601488,0.0,0.0,0.0,0.6288989,0.0,0.39370257,0.0,0.0,1.4352472,0.79362327,0.36329558,0.0,0.0,0.0,1.2818455,0.0,0.92927635,1.1842735,0.0,0.0,1.1287336,1.4248366,0.0,0.0,0.27044687,0.6211174,0.0,1.889904,0.0,0.0,0.0,0.0,1.3181543,0.0,0.0,0.0,0.035581596,0.0,0.0,0.0,0.0,0.0,0.0,0.0,0.0,0.0,0.0,0.13895477,1.1904175,0.57306486,0.0,0.0,0.0,1.0866117,0.649692,0.5972338,0.0,0.0,0.0,1.14364,0.13844779,0.9212691,0.37904856,0.16349213,0.08896126,1.2525269,0.0,0.010013524,0.0,0.0,0.24862976,0.0,0.01151085,2.2065675,2.1805594,1.7822139,0.77287424,0.0,0.0,0.5175876,0.0,1.1937476,0.0,0.6677622,0.0,0.0,0.8043765,0.0,0.0,0.8109842,0.0,0.0,0.36147913,0.0,0.0,0.19478089,0.0,0.0,0.0,0,5,0.64053744,blues,jazz
0.0,0.0,0.0,0.08013426,3.1111784,0.73569524,1.3067101,0.0,0.0,0.42858317,0.0,0.15117726,0.0,0.0,0.0,0.0,0.0,1.29277,0.0,0.62346536,0.0,0.28306228,0.0,0.034621008,0.0,0.0,0.0,0.0,0.0,0.0,0.0,0.0,0.66595757,0.0,0.0,0.0,0.0,1.6911743,0.84352773,0.4140584,0.0,0.0,0.0,1.5640615,0.0,0.9823723,0.87100756,0.052229315,0.0,1.2695043,1.2673109,0.0,0.0,1.0013049,0.7608027,0.0,2.0040832,0.0,0.0,0.0,0.0,1.0770998,0.0,0.0,0.0,0.0032254397,0.0,0.0,0.0,0.0,0.0,0.0,0.0,0.0,0.0,0.0,0.0,1.0192611,0.39937598,0.0,0.0,0.0,0.2118803,0.6052074,1.2340367,0.0,0.0,0.0,1.1325594,0.47784722,0.74770737,0.08498724,0.0,0.0,1.0374581,0.0,0.0,0.0,0.0,0.27163514,0.112394765,0.29243198,2.5274973,2.175729,1.8196846,0.57657415,0.269274,0.22522108,0.7177263,0.0,1.2017224,0.0,0.5560159,0.0,0.0,0.37700322,0.0,0.0,0.4185666,0.0,0.0,0.23406917,0.0,0.0,0.13303527,0.0,0.0,0.0,0,5,0.4435419,blues,jazz
0.41440207,0.0,0.0,0.0,0.19959438,0.7971123,0.1365809,0.0,0.0,0.0,0.0,0.69548774,0.0,0.0,0.0,0.0,0.0,0.0,0.0,0.42925364,0.0,0.0,0.0,0.0,0.0,0.0,0.0,0.0,0.0,0.0,0.0,0.0,0.8525677,0.0,0.3211518,0.0,0.89656454,0.973198,0.0,0.0,0.0,0.0,0.0,0.0,0.0,0.25189042,0.96615416,0.0,0.0,0.3517088,0.19328213,0.0,0.0,0.0,0.9333084,0.0,0.0,0.0,0.0,0.0,1.0853959,0.20701967,0.18306766,0.0,0.0,0.0,0.0,0.0,0.0,0.26132357,0.0,0.06554916,0.0,0.0,0.0,0.0,1.5962614,0.17706776,0.57468396,0.0,0.0,0.42559165,0.0,1.7798539,0.89530396,0.0,0.0,0.0,1.7956333,0.0,0.44467196,0.0,0.42494196,0.0,0.32802248,0.0,1.8603574,0.0,0.0,0.5228206,0.08803022,0.34585398,1.477586,1.8615534,0.8277213,1.790705,0.0,0.0,0.0,0.0,0.42358094,0.73011494,0.5820266,0.0,0.0,1.504873,0.0,0.0,0.0,0.0,0.0,0.0,0.0,0.0,0.21195985,0.0,0.0,0.0,0,5,0.7206081,blues,jazz
0.3969331,0.0,0.0,0.47009072,0.45019707,0.13226597,0.83525664,0.0,0.0,0.17438617,0.0,0.0,0.0,0.0,0.0,0.0,0.0,0.5424893,0.0,0.0,0.5955706,0.0,0.0,0.0,0.03509309,0.0,0.0,0.0,0.5064462,0.0,0.0,0.0,0.51887405,0.0,0.0,0.0,0.026805762,1.084234,0.0,0.0,0.0,0.0,0.6377732,0.6443598,0.0,0.82001853,1.23676,0.33946192,0.0,0.87711126,0.0,0.0,0.0,0.0,0.36030582,0.0,1.0270767,0.023874484,0.0,0.0,1.4302437,0.0,0.1983646,0.0,0.25787026,0.0,0.0,0.0,0.0,0.27859345,0.0,1.029053,0.0,0.0,0.28558198,0.0,1.3341936,0.0,0.81074303,0.0,0.0,0.0,0.0,1.5372696,1.2324296,0.0,0.0,0.0,0.83557415,0.0,0.0,0.0,0.0,0.0,0.41245168,0.0,2.12723,0.0,0.0,0.5378073,0.2899779,0.0,2.2236285,0.8580006,1.0871714,2.2942724,0.0,0.0,0.5411714,0.0,0.2633198,0.0,0.12982914,0.0,0.0,0.7925748,0.0,0.0,0.0,0.0,0.0,0.32672563,0.0,0.0,0.0,0.0,0.08844464,0.0,0,0,0.45804477,blues,blues
0.076398395,0.0,0.0,1.1152403,0.94789875,0.063924946,1.448992,0.0,0.040573154,0.517503,0.0,0.0,0.0,0.0,0.0,0.0,0.0,0.59146214,0.0,0.0,1.5263332,0.0,0.0,0.17064865,0.0,0.02466842,0.0,0.0,1.1018893,0.0,0.0,0.0,0.38139898,0.0,0.0,0.0,0.0,1.2011214,0.0,0.0,0.0,0.6270408,0.8139326,0.9631762,0.0,1.6634291,1.3776112,0.2699625,0.0,1.5584775,0.0,0.0,0.0,0.0,0.48571303,0.0,1.8223673,1.5068702,0.0,0.0,1.2674426,0.0,0.71488374,0.0,0.97801316,0.0,0.0,0.0,0.0,0.30190045,0.0,1.4484226,0.0,0.0,0.82184255,0.0,1.6006868,0.0,0.9750695,0.0,1.0157422,0.0,0.0,1.1832918,1.1364702,0.0,0.0,0.0,0.5531397,0.0,0.0,0.0,0.0,0.0,0.4337279,0.0,2.0581093,0.0,0.0,0.6814255,0.37443992,0.0,2.8341286,0.2986175,1.6317843,2.8845856,0.4079312,0.0,1.4530272,0.0,0.35694295,0.0,0.0,0.0,0.0,0.0,0.0,0.0,0.0,0.0,0.0,1.2541573,0.0,0.0,0.0,0.0,0.45100555,0.0,0,0,0.942871,blues,blues
0.11451629,0.0,0.0,1.1859223,0.9102783,0.0,1.1236774,0.0,0.28500843,0.40915015,0.0,0.0,0.0,0.0,0.0,0.0,0.0,1.1795008,0.0,0.0,1.698699,0.0,0.0,0.0690031,0.3757962,0.0,0.0,0.0,0.9789568,0.0,0.0,0.0,0.49750906,0.0,0.0,0.0,0.0,1.3920436,0.0,0.0,0.0,0.6642532,0.8765409,1.2296509,0.0,1.7046803,1.0222635,0.43124428,0.0,1.5329865,0.0,0.0,0.0,0.0,0.0644135,0.0,1.9246536,1.472264,0.0,0.0,1.0304089,0.0,0.97828346,0.0,1.1141106,0.0,0.0,0.0,0.0,0.58768255,0.0,2.0350897,0.0,0.0,0.73231566,0.0,1.4863328,0.0,0.6723487,0.0,0.5342784,0.0,0.0,0.8388313,1.5402737,0.0,0.0,0.0,0.29866976,0.0,0.0,0.0,0.0,0.0,0.8326489,0.0,2.0936682,0.0,0.0,0.83874184,0.58693177,0.0,3.0027025,0.03619153,1.634061,2.5277383,0.66604483,0.0,1.7463664,0.0,0.33388084,0.0,0.0,0.13545002,0.0,0.0,0.0,0.0,0.0,0.0,0.0,1.4093598,0.0,0.0,0.0,0.0,0.6313085,0.0,0,0,0.9711773,blues,blues
0.27879748,0.0,0.0,1.3489861,0.6105087,0.033425417,1.2919873,0.0,0.2671455,0.18003453,0.0,0.0,0.0,0.0,0.0,0.0,0.0,0.47111613,0.0,0.0,1.4930013,0.0,0.0,0.5271738,0.16131979,0.0,0.0,0.0,0.9459721,0.0,0.0,0.0,0.4558051,0.0,0.0,0.0,0.0,0.81241393,0.0,0.0,0.0,0.9471821,0.6321837,0.9306666,0.0,1.6631914,1.2120095,0.22846134,0.0,1.5445622,0.0,0.0,0.0,0.0,0.8750408,0.0,1.7404959,1.3583139,0.0,0.0,1.2645006,0.0,0.776108,0.0,1.6304609,0.0,0.0,0.0,0.0,0.0,0.0,2.1247332,0.0,0.0,0.52738684,0.0,1.3756615,0.0,0.8347455,0.0,0.9614499,0.0,0.0,0.96110773,1.499088,0.0,0.0,0.0,1.1660722,0.0,0.0,0.0,0.0,0.0,0.0,0.29155087,2.0403998,0.0,0.0,0.73874676,0.7953041,0.0,3.1731286,0.42877805,1.957527,2.9626317,0.1818356,0.0,1.4211503,0.0,0.04397725,0.0,0.0,0.0,0.0,0.0,0.0,0.0,0.0,0.0,0.0,1.770885,0.0,0.0,0.0,0.0,0.24268076,0.0,0,0,0.91815627,blues,blues
0.11630329,0.0,0.0,1.4104506,1.1845322,0.0,0.84298784,0.0,0.9514261,0.0,0.0,0.0,0.0,0.0,0.0,0.0,0.0,1.0336646,0.0,0.0,0.5879168,0.74944955,0.0,0.8605746,0.0,0.0,0.0,0.0,0.77246475,0.0,0.0,0.0,0.0,0.0,0.0,0.0,0.0,0.0,0.0,0.0,0.0,1.9355675,0.7532721,0.0,0.0,1.8768649,0.5153577,0.8102299,0.0,1.4572314,0.0,0.0,0.0,0.6138986,0.73236287,0.0,1.2349842,0.96019584,0.0,0.0,0.3592591,0.0,0.0,0.0,0.005551351,0.0,0.0,0.0,0.0,0.0,0.36158398,1.9209031,0.0,0.0,1.0998178,0.0,0.2164836,0.0,1.4807899,0.0,0.0,0.11585462,0.0,1.2822782,1.8625455,0.0,0.0,0.0,0.23010388,0.0,0.0,0.07938937,0.0,0.25533065,0.0,0.4205628,0.8783903,0.0,0.0,0.64829797,1.9392931,0.3291511,2.7336433,0.0,1.050654,2.3539047,0.31696203,0.09587748,0.30528942,0.0,0.3057479,0.0,0.0,0.8625284,0.0,0.0,0.0,0.0,0.0,0.0,0.0,0.6829327,0.16145565,0.0,0.0,1.2226857,0.02565591,0.0,0,0,0.492114,blues,blues
0.5286027,0.0,0.0,2.119595,1.4347988,0.0,0.84300846,0.0,0.5315502,0.0,0.0,0.0,0.0,0.0,0.0,0.0,0.0,1.330026,0.0,0.0,1.0424699,0.64696735,0.0,1.0421277,0.07962717,0.2624099,0.0,0.0,0.8709775,0.0,0.0,0.0,0.1405873,0.0,0.0,0.0,0.0,0.0,0.0,0.0,0.0,2.6500633,0.9492263,0.0,0.0,2.2302375,0.83466923,0.24195552,0.0,1.8348305,0.0,0.0,0.0,0.59718245,0.75369066,0.0,1.1021061,1.0433807,0.0,0.0,0.533597,0.0,0.0,0.0,0.0,0.0,0.0,0.0,0.0,0.0,0.3470038,1.9623901,0.0,0.0,1.2960196,0.0,0.7846435,0.0,1.8822957,0.0,0.0,0.21019678,0.0,1.8252267,2.377116,0.0,0.0,0.0,0.08789373,0.0,0.0,0.0,0.0,0.17568682,0.1077934,0.49725956,1.6769769,0.0,0.0,0.87279713,2.1851916,0.23412982,2.9349167,0.0,1.2053591,3.3200831,0.7914805,0.0,0.26314375,0.0,0.71765566,0.0,0.0,1.000012,0.0,0.0,0.0,0.0,0.0,0.0,0.0,0.6571076,0.0,0.0,0.0,1.2675108,0.2291008,0.0,0,0,0.6375722,blues,blues
0.6309167,0.0,0.0,2.8907917,1.3116051,0.0,1.6627398,0.0,0.6107528,0.0,0.0,0.0,0.0,0.0,0.31424156,0.0,0.0,1.4120964,0.0,0.0,1.7806935,0.40334392,0.0,1.7130718,0.38238895,0.7575116,0.0,0.0,1.1151824,0.0,0.0,0.0,0.19437826,0.0,0.0,0.0,0.0,0.14575554,0.0,0.0,0.0,3.2479074,1.3528194,0.40226668,0.0,2.0411065,1.1291916,0.0,0.0,1.7335863,0.2143597,0.0,0.0,0.63022625,0.0,0.0,1.1889819,1.4973049,0.0,0.0,0.8230167,0.0,0.0,0.0,1.0438848,0.0,0.0,0.0,0.0,0.0,0.5034002,2.3145068,0.0,0.0,1.6146085,0.0,0.85658014,0.0,1.6676648,0.0,0.87444043,0.0,0.0,1.321933,2.7196324,0.0,0.0,0.0,0.0,0.0,0.0,0.0,0.0,0.0,0.0,0.90924925,2.1873395,0.0,0.0,0.72451884,2.3953216,0.0,3.5831895,0.0,1.493426,3.778473,1.7093025,0.0,1.3817102,0.0,1.0273236,0.0,0.0,1.2712172,0.0,0.0,0.0,0.0,0.0,0.0,0.0,0.86014074,0.0,0.0,0.0,1.1153475,0.31533197,0.0,0,0,0.925607,blues,blues
0.52952105,0.0,0.0,2.5224648,0.85895956,0.0,1.537843,0.0,0.8345278,0.0,0.0,0.0,0.0,0.0,0.101212375,0.0,0.0,1.3923601,0.0,0.0,1.1642984,0.7020302,0.0,1.7177258,0.44956836,0.31424224,0.0,0.0,0.6470957,0.0,0.0,0.0,0.019786747,0.0,0.052586243,0.0,0.0,0.0,0.0,0.0,0.0,2.3995569,0.7937638,0.0,0.0,2.004948,1.0805095,0.037975267,0.0,1.4595435,0.0,0.2387826,0.0,0.38098395,0.3571672,0.0,1.0554739,1.1929523,0.0,0.0,0.17081834,0.0,0.0,0.0,0.58308125,0.0,0.0,0.0,0.0,0.0,0.53022003,1.8933097,0.0,0.0,1.1392661,0.0,1.1239535,0.0,1.7792779,0.0,0.5019847,0.14775288,0.0,1.1692166,2.788491,0.0,0.0,0.0,0.0,0.0,0.0,0.0,0.0,0.0,0.2597799,0.7676609,1.9110168,0.0,0.0,0.525133,1.8593796,0.0,3.0861192,0.0,1.0181936,3.3985038,0.8452092,0.0,0.6975605,0.0,0.97854537,0.0,0.0,0.9543559,0.0,0.05908341,0.0,0.0,0.0,0.0,0.0,0.56542736,0.0,0.0,0.0,0.75701916,0.80108786,0.0,0,0,0.7297003,blues,blues
0.17142539,0.0,0.0,1.460067,0.95607316,0.0,0.7744965,0.0,0.6090132,0.0,0.0,0.0,0.0,0.0,0.099288,0.0,0.0,1.199257,0.0,0.0,0.88155633,0.50308895,0.0,0.90224516,0.15533014,0.095449485,0.0,0.0,0.7052689,0.0,0.0,0.0,0.0,0.0,0.032670613,0.0,0.0,0.0,0.0,0.0,0.0,1.8529843,1.003506,0.24244432,0.0,1.6835067,0.91777426,0.49119064,0.0,1.4938872,0.0,0.0,0.0,0.44340914,0.30455968,0.0,0.7101138,1.0377704,0.0,0.0,0.21954477,0.0,0.0,0.0,0.0,0.0,0.0,0.0,0.0,0.3219756,0.13410094,1.651666,0.0,0.0,0.8851788,0.0,0.99524873,0.0,1.512659,0.0,0.0,0.17860891,0.0,1.5381266,2.5134006,0.0,0.0,0.0,0.01842217,0.0,0.0,0.0,0.0,0.0,0.38147748,0.25299954,1.5674644,0.0,0.0,0.5629008,1.9737425,0.1786194,2.2488961,0.0,0.63868326,2.8926244,0.4635791,0.0,0.21649006,0.0,0.72531855,0.0,0.0,0.94426876,0.0,0.17876166,0.0,0.0,0.0,0.0,0.0,0.20299365,0.0,0.0,0.0,1.1585119,0.5711051,0.0,0,0,0.571574,blues,blues
0.0,0.0,0.0,0.67733645,1.1140996,0.0,1.458393,0.0,0.0,0.18499085,0.0,0.17275256,0.0,0.0,0.0,0.0,0.0,0.0,0.0,0.12988421,0.4373085,0.026541172,0.0,0.0,0.031819865,0.0,0.0,0.0,0.33820552,0.0,0.0,0.0,0.36277676,0.0,0.60647655,0.0,0.0,0.304683,0.0,0.0,0.0,0.3309702,1.157643,0.0,0.038100224,1.7673112,0.52674735,0.50356376,0.0,1.74964,0.7259607,0.0,0.0,0.10448069,0.52883226,0.0,1.1078861,0.0,0.0,0.0,0.19792184,0.4504212,0.0,0.0,0.0,0.011760855,0.0,0.0,0.0,0.0,0.0,0.4403053,0.0,0.0,0.59550464,0.122341365,0.0,0.23528089,1.299612,0.0,0.0,0.0,0.0,0.52982897,1.4547896,0.0,0.0,0.0,1.065057,0.44468755,0.5682203,1.1843797,0.0,0.0,0.33839172,0.0,0.80018914,0.0,0.0,0.8070584,0.40111747,0.54337996,1.8458328,1.0568115,1.833204,1.5866606,0.0,0.5501856,0.0,0.0,0.0,0.0,0.16710505,0.966351,0.0,0.5169673,0.0,0.0,1.0102878,0.0,0.0,0.1409066,0.045655362,0.0,0.0,0.0,0.098308034,0.0,0,5,0.3796168,blues,jazz
0.0,0.0,0.0,0.68372285,1.112222,0.0,1.5835158,0.0,0.0,0.16406253,0.0,0.07659017,0.0,0.0,0.0,0.0,0.0,0.0,0.0,0.26713115,0.4289729,0.0,0.0,0.0,0.040014803,0.0,0.0,0.0,0.9181011,0.0,0.0,0.0,0.0,0.0,0.0,0.0,0.0,0.17359194,0.0,0.0,0.0,0.47530708,0.2968397,0.0,0.0,2.1506433,0.53909785,0.7949314,0.0,1.7378601,0.822029,0.0,0.0,0.0,0.7034761,0.0,1.2306254,0.0,0.0,0.0,0.0,0.44004902,0.0,0.0,0.0,0.0,0.0,0.0,0.0,0.0,0.0,0.64815474,0.0,0.0,0.10792257,0.14911257,0.0,0.20674509,1.3693635,0.0,0.0,0.0,0.0,0.6777238,1.1572651,0.0,0.0,0.0,0.6883992,0.6488298,0.12943497,0.58701444,0.0,0.0,0.5363862,0.0,0.49660188,0.0,0.0,0.6877656,0.7329179,0.3709041,2.2677343,1.1242437,2.1492233,1.6306893,0.0,0.8618562,0.58988166,0.0,0.0,0.0,0.432552,0.67805487,0.0,0.38970667,0.0,0.0,1.1520568,0.0,0.0,0.0,0.42227647,0.0,0.0,0.0,0.008359463,0.0,0,0,0.38739225,blues,blues
0.0,0.0,0.0,0.69181937,0.73640937,0.0,1.2598313,0.0,0.0,0.35432786,0.0,0.0,0.0,0.0,0.0,0.0,0.0,0.510459,0.0,0.16037056,1.3021921,0.33509374,0.0,0.5015956,0.0900009,0.0,0.0,0.0,1.3997847,0.0,0.0,0.0,0.0,0.0,0.0,0.0,0.0,0.0,0.0,0.0,0.0,1.8680595,0.42596036,0.0,0.0,1.4636214,0.045653246,1.6910592,0.0,1.0711132,0.011355191,0.0,0.0,0.40452182,0.9753579,0.0,2.1812778,0.40862095,0.0,0.0,0.0647469,0.0,0.0,0.0,0.16151159,0.14799652,0.0,0.0,0.0,0.0,0.8618886,1.8240955,0.0,0.0,0.3509101,0.0,0.0,0.0,1.0572577,0.0,0.0,0.0,0.0,0.78904015,0.72017795,0.0,0.0,0.0,0.0,0.521726,0.0,0.36830837,0.0,0.0111675095,0.0,0.012098828,0.02129415,0.0,0.0,0.54361403,1.5084821,0.4066638,2.6126773,1.020974,2.0840762,1.5522709,0.17540038,0.8255603,0.9404349,0.0,0.0,0.0,0.28084597,1.367397,0.0,0.0,0.0,0.0,0.3147232,0.0,0.0,0.682061,0.72782886,0.0,0.0,0.6080827,0.0,0.0,0,0,0.52772796,blues,blues
0.0,0.0,0.0,1.1951083,1.2343265,0.0,1.2424265,0.0,0.047791805,0.068112284,0.0,0.0,0.0,0.0,0.0,0.0,0.0,1.3625388,0.0,0.0,1.1903629,0.87728286,0.0,0.4997494,0.5554734,0.0,0.0,0.0,1.2452613,0.0,0.0,0.0,0.0,0.0,0.0,0.0,0.0,0.019846736,0.0,0.0,0.0,2.2316108,0.68697673,0.0,0.0,1.3568583,0.0,1.18559,0.0,0.9562613,0.0,0.0,0.0,0.13539305,0.37427258,0.0,1.8521267,1.2328713,0.0,0.0,0.0,0.0,0.0,0.0,0.6704866,0.314432,0.0,0.0,0.0,0.0,1.4250753,2.0174096,0.0,0.0,0.9322151,0.0,0.0,0.0,0.9401565,0.0,0.0,0.0,0.0,1.0654663,0.9737673,0.0,0.0,0.0,0.0,0.3542616,0.0,0.0,0.0,0.34071282,0.3006026,0.087207854,0.0,0.0,0.0,0.46653137,1.6362461,0.90965706,2.7115986,0.41354886,1.315991,1.4045988,1.4046289,0.74020654,0.9049831,0.0,0.21798693,0.0,0.0,1.8493212,0.0,0.0,0.0,0.0,0.0,0.0,0.0,0.45893863,0.6664135,0.0,0.0,1.0345635,0.0,0.0,0,0,0.549285,blues,blues
0.0,0.0,0.0,1.1714027,1.0837665,0.0,0.9763802,0.0,0.31471956,0.0,0.0,0.0,0.0,0.0,0.0,0.0,0.0,1.3579588,0.0,0.0,0.9239875,0.6829576,0.0,0.5015109,0.4220649,0.0,0.0,0.0,1.195848,0.0,0.0,0.0,0.0,0.0,0.0,0.0,0.0,0.0,0.0,0.0,0.0,2.3766599,0.6097877,0.0,0.0,1.0577227,0.0,1.1111543,0.0,0.89931816,0.0,0.0,0.0,0.21586859,0.6111691,0.0,1.7941146,0.8423411,0.0,0.0,0.0,0.0,0.0,0.0,0.28138027,0.23149307,0.0,0.0,0.0,0.0,1.7145015,1.7015865,0.0,0.0,0.7745379,0.0,0.0,0.0,1.1593741,0.0,0.0,0.0,0.0,0.9411436,1.1192033,0.0,0.0,0.0,0.0,0.70941365,0.0,0.0,0.0,0.5237111,0.0,0.36073267,0.24701864,0.0,0.0,0.13688563,1.6521751,0.9787405,2.2396262,0.4246661,0.79517484,1.2445256,1.1819195,0.5628535,0.34376556,0.0,0.0,0.0,0.0,1.5198569,0.0,0.0,0.0,0.0,0.0106745595,0.0,0.0,0.2932842,0.6336767,0.0,0.0,1.4737893,0.0,0.0,0,9,0.3969477,blues,rock
0.104591824,0.0,0.0,2.0461237,1.6492454,0.0,0.624234,0.0,0.025022987,0.0,0.0,0.5783016,0.0,0.0,0.0,0.0,0.07019226,1.5816233,0.0,0.0,1.836973,0.16453804,0.0,0.52531654,0.16142815,0.65866506,0.0,0.0,0.0,0.0,0.0,0.0,0.29014763,0.0,0.4945686,0.0,0.0,1.0294745,0.0,0.0,0.0,1.3818812,1.3259133,1.5263046,0.0,2.0982506,1.9001637,0.0,0.0,2.1663609,0.0,0.0,0.0,0.0,0.0,0.0,0.7511181,1.0773644,0.0,0.0,0.31556958,0.0,0.0,0.0,0.0,0.0,0.46209303,0.0,0.0,1.951063,0.0,2.1688538,0.0,0.0,0.6301433,0.0,2.8690088,0.0,1.4207524,0.0,0.96246594,0.0,0.3820373,1.4317485,2.7521207,0.0,0.0,0.0,0.0,0.0,0.0,0.0,0.0,0.0,1.5135082,0.4044643,3.398736,0.03821478,0.0,0.5103543,1.4175266,0.0,2.9022672,0.32079715,1.2878902,3.733955,0.24164358,0.0,0.7532326,0.0,1.2134207,0.0,0.0,0.8702283,0.0,1.1358994,0.08302423,0.0,0.0,0.0,0.0,1.3491408,0.0,0.0,0.0,0.0,0.41957924,0.0,0,0,0.85232836,blues,blues
0.0,0.0,0.0,1.6014384,2.2119734,0.0,0.64367515,0.0,0.606544,0.0,0.4961952,0.4813204,0.0,0.0,0.0,0.0,0.0,2.3028355,0.0,0.0,1.6445556,0.8035556,0.0,0.26079553,0.32004115,0.0,0.0,0.0,0.0,0.0,0.0,0.0,0.631471,0.0,0.71372974,0.0,0.0,1.0826564,0.0,0.08573768,0.0,1.4558256,0.9051997,1.9566965,0.0,2.2950928,1.9424769,0.0,0.0,1.8279165,0.0,0.0,0.0,0.9372976,0.022035353,0.0,1.6290154,0.7970538,0.0,0.0,0.073454425,0.0,0.0,0.0,0.0,0.05648871,1.0763502,0.0,0.0,1.7606881,0.0,1.8358445,0.0,0.0,0.3739653,0.0,2.7485058,0.15051071,1.2373463,0.0,0.5836976,0.0,0.7511681,0.8642203,2.7322602,0.0,0.028002573,0.0,0.26320663,0.0,0.37633017,0.0,0.0,0.0,1.2450075,0.68407345,3.0015624,0.32030234,0.0,0.2175371,1.7843999,0.0,3.5480623,0.37511018,1.4252244,3.3635926,0.540787,0.015169151,0.9336004,0.0,1.9366056,0.0,0.0,1.3047937,0.0,0.9316552,0.0,0.38628566,0.43645227,0.0,0.0,1.638648,0.0,0.0,0.0,0.18151124,0.009202265,0.0,0,0,0.8857209,blues,blues
0.0,0.0,0.07195716,1.8178895,2.6612182,0.0,0.65558845,0.0,0.55946064,0.0,0.16803898,0.4691172,0.0,0.0,0.0,0.0,0.0,2.1056216,0.0,0.0,1.7585343,1.2242041,0.0,0.0,0.0,0.10133569,0.0,0.0,0.0,0.0,0.0,0.0,0.97571146,0.0,1.0886961,0.0,0.0,1.1099515,0.0,0.0,0.0,1.4007983,1.2913473,1.6687324,0.0,1.8636553,2.051068,0.0,0.0,1.2321854,0.0,0.0,0.0,0.5117278,0.0,0.0,0.69416785,0.9930812,0.0,0.0,0.3726664,0.0,0.7319584,0.0,0.0,0.2983162,1.4324647,0.0,0.0,1.6106738,0.0,0.9710108,0.0,0.0,0.28936937,0.0,2.6421843,0.13074638,0.7811929,0.0,0.68501896,0.0,0.8408129,0.8876776,2.5565202,0.0,0.0,0.0,0.07989298,0.0,0.67686605,0.0,0.2513286,0.0,1.2612292,0.5420322,3.1574626,0.8648886,0.0,0.0,1.2985134,0.0,3.3958101,0.0,1.2507097,3.256411,0.4399874,0.0,0.4701954,0.0,2.0010538,0.0,0.0,1.039663,0.0,1.2177104,0.12052958,0.91645616,0.8107758,0.0,0.0,1.0039122,0.0,0.0,0.0,0.0,0.0,0.0,0,0,0.7449484,blues,blues
0.0,0.0,0.0,1.5447927,2.4321203,0.0,1.2679449,0.0,0.26908392,0.0,0.0,0.7543495,0.0,0.0,0.0,0.0,0.0,1.7452705,0.0,0.0,1.4932679,0.39112744,0.0,0.0,0.0,0.0,0.0,0.0,0.13902123,0.0,0.0,0.0,0.5193738,0.0,1.1091996,0.0,0.0,1.0603317,0.0,0.17624176,0.0,0.8622885,1.1897275,1.0497885,0.0,1.8959925,1.4778013,0.0,0.0,1.264881,0.29528108,0.0,0.0,0.6064945,0.0,0.0,0.9934776,0.20097521,0.0,0.0,0.6002392,0.09911832,0.15200248,0.0,0.0,0.0,0.28350452,0.0,0.0,0.75927204,0.0,0.58567905,0.0,0.0,0.0,0.0,2.3228323,0.0,1.0075486,0.0,0.31714302,0.0,0.81998175,0.90741843,1.8952918,0.0,0.0,0.0,0.0,0.0,0.6764564,0.0,0.0,0.0,0.84030926,0.278864,2.5803034,0.0,0.0,0.010138988,0.9412073,0.0,3.4898763,0.0,1.4479291,2.6207469,0.0,0.15538508,0.68740845,0.0,1.0677767,0.0,0.0,0.5704068,0.0,0.850597,0.0,0.48488766,0.6744441,0.0,0.0,0.749006,0.0,0.0,0.0,0.0,0.44289038,0.0,0,0,0.60486573,blues,blues
0.0,0.0,0.0,1.2291201,2.3180935,0.0,2.059226,0.0,0.19134477,0.5257301,0.0,0.6690179,0.0,0.015516872,0.0,0.2880736,0.0,0.032426003,0.0,0.0,1.0571601,0.0,0.0,0.0,0.0,0.0,0.0,0.056243703,0.9107415,0.0,0.0,0.0,0.0,0.0,0.9230548,0.0,0.0,1.2544492,0.0,0.4526312,0.0,0.029637942,1.335669,0.0,1.3860095,1.1867923,0.5010521,0.2505782,0.0,0.9209684,1.632692,0.0,0.03184438,0.46631464,0.5031835,0.0,0.8775117,0.10147236,0.0,0.0,1.3658593,1.4206921,0.0053191227,0.0,0.6077357,0.0,0.0,0.0,0.0,0.0,0.0,0.06856107,0.0,0.0,0.0,0.34090844,1.2853932,0.0,0.8676559,0.0,0.31446078,0.0,0.3296517,0.5107578,0.3063457,0.0,0.0,0.0,0.35836452,0.0,0.47068828,0.8311783,0.0,1.174377,0.0,0.15489149,1.8844372,0.0,0.0,0.0,0.4864135,0.0,3.1324396,0.0,1.5562882,2.3025155,0.0,0.65226674,1.4282106,0.0,0.0035759378,0.0,0.0,0.17420302,0.0,0.34297207,0.0,0.1210013,0.7647914,0.0,0.0,0.24305977,0.0,0.0,0.0,0.0,0.7579311,0.0,0,0,0.51751,blues,blues
0.0,0.0,0.0,3.2476532,1.0776129,0.0,2.9911313,0.0,2.878427,0.0,0.38642436,0.0,0.0,0.0,0.0,0.0,0.0,2.1480665,0.0,0.0,1.1416771,1.0144465,0.0,0.08846755,0.0,0.0,0.0,0.15797687,1.5361884,0.0,0.0,0.0,0.2333199,0.0,0.0,0.0,0.0,0.27709058,0.0,1.8838828,0.0,0.774252,0.0,0.8081302,0.0,0.50819874,0.0,0.00663574,0.0,0.0,2.9150436,0.0,0.0,1.1016873,0.0,0.0,1.2940209,1.2811493,0.0,0.0,0.27438796,0.43769184,0.0,0.0,0.3442858,0.0,0.5478078,0.0,0.0,0.0,0.9380571,0.27969936,0.0,0.0,0.0,0.0009802899,0.23688744,0.0,1.2649331,0.0,0.041834816,0.0,0.0,0.32226247,1.1892102,0.0,0.99589497,0.0,0.0,0.0,0.6558762,0.0,0.0,0.4238614,0.27406877,1.4218359,0.0,0.0,0.0,0.010428562,2.148938,0.0,4.528916,0.33589163,1.413536,1.3660156,1.1707723,1.818883,2.982385,0.0,2.6581059,0.0,0.0,1.8867581,0.0,0.0,0.0,0.6320038,0.8866229,0.0,0.0,1.745139,0.0,0.0,0.0,0.7287013,0.0,0.0,0,0,0.66091895,blues,blues
0.0,0.0,0.0,2.55173,1.0730122,0.0,2.3699546,0.0,3.1720521,0.0,0.24311136,0.36510232,0.0,0.0,0.0,0.0,0.0,1.9815527,0.0,0.0,1.1196612,1.0228239,0.0,0.29883885,0.0,0.0,0.0,0.0740664,1.1047543,0.0,0.0,0.0,0.2420592,0.0,0.0,0.0,0.0,0.0,0.0,1.5468273,0.0,0.78240114,0.0,0.6405614,0.21113428,0.0,0.0,0.0,0.0,0.0,2.71973,0.0,0.0,1.4460664,0.0,0.06218259,0.9825561,0.88117373,0.0,0.0,0.22703929,0.0,0.0,0.019218752,0.34388232,0.0,0.14985605,0.0,0.0,0.0,0.8505481,0.8237322,0.0,0.0,0.0,0.56557304,0.15040694,0.0,1.3148648,0.0,0.0,0.0,0.0,0.15919325,0.7641756,0.0,0.78734815,0.0,0.0,0.0,0.56989896,0.0,0.0,0.4690446,0.0,1.7643392,0.0,0.0,0.0,0.00961428,2.243571,0.0,3.6143472,0.42362514,1.2987332,1.0114763,0.8376975,2.159121,2.7967162,0.0,2.553117,0.0,0.0,1.3570071,0.0,0.0,0.0,0.5747793,0.42670912,0.0,0.0,1.734799,0.30872646,0.0,0.0,0.65443903,0.23292409,0.0,0,0,0.46591157,blues,blues
0.0,0.0,0.0,2.8217008,1.3325497,0.0,2.5906022,0.0,3.2356327,0.0,0.03645012,0.59501016,0.0,0.0,0.0,0.0,0.0,2.2535498,0.0,0.0,0.68616194,0.96536946,0.0,0.1401134,0.0,0.0,0.0,0.0,0.18946669,0.0,0.0,0.0,0.33113274,0.0,0.0,0.0,0.0,0.3504382,0.5672724,1.4751303,0.0,0.5138004,0.0,0.46997565,0.11221547,0.0,0.0,0.0,0.0,0.0,2.7314062,0.0,0.0,1.4143224,0.0,0.14289564,0.617154,0.31466055,0.0,0.0,0.32417643,0.09562872,0.0,0.24567962,0.0,0.0,0.3784916,0.0,0.0,0.0,0.25358078,0.6727314,0.0,0.0,0.0,0.30954584,0.3545985,0.0,1.3236572,0.0,0.0,0.0,0.0,0.3575871,0.77118784,0.0,0.56150603,0.0,0.0,0.0,0.9687936,0.0,0.0,0.12114443,0.19379582,2.2021208,0.0,0.0,0.0,0.14683561,2.0521126,0.0,4.098737,0.5276243,1.5074881,0.98273313,0.82715094,2.06628,2.0828462,0.0,3.3901803,0.0,0.0,0.94913083,0.0,0.0,0.0,1.0761433,0.43302944,0.0,0.0,1.9196469,0.27646154,0.0,0.0,0.080737725,0.0,0.0,0,0,0.50458187,blues,blues
0.0,0.0,0.0,2.7147114,1.0073142,0.0,2.336216,0.0,2.8022807,0.0,0.07101167,0.74080896,0.0,0.0,0.0,0.0,0.0,2.1579685,0.0,0.0,0.98620397,0.42941982,0.0,0.0,0.0,0.0,0.0,0.0,0.47694993,0.0,0.0,0.0,0.22818963,0.0,0.0,0.0,0.0,0.98541695,0.16230363,1.3234463,0.0,0.180158,0.0,0.8914956,0.0,0.33054286,0.0,0.0,0.0,0.0,2.0998476,0.0,0.0,0.7595128,0.0,0.5742531,0.71918386,0.6581294,0.0,0.0,0.2784485,0.0,0.34502113,0.23760024,0.22946301,0.0,0.38279518,0.0,0.0,0.17428191,0.0,0.64243233,0.0,0.0,0.0,0.0,0.6578586,0.0,0.6926546,0.0,0.4248984,0.0,0.0,0.06254064,0.5933284,0.0,0.2740852,0.0,0.0,0.0,0.6288343,0.0,0.0,0.3685114,1.3163652,2.2135174,0.45104045,0.0,0.0,0.0059347106,1.3526073,0.0,3.9001174,0.27919826,1.1479234,1.2747304,1.3803669,1.2029977,1.8718898,0.0,3.4013498,0.0,0.0,1.7123917,0.0,0.0,0.0,0.6297009,0.5000665,0.0,0.0,0.9268397,0.054646857,0.0,0.0,0.0,0.11589441,0.0,0,0,0.82611823,blues,blues
0.0,0.0,0.0,3.7683947,2.1285768,0.0,2.8281398,0.0,2.424982,0.0,1.1713173,0.019207736,0.0,0.0,0.0,0.0,0.0,2.9681354,0.0,0.0,1.2769959,1.5414475,0.0,0.35939455,0.72162163,0.0,0.0,0.0,1.525787,0.0,0.0,0.0,0.4725419,0.0,0.0,0.0,0.0,1.0105609,0.39390218,1.9610093,0.0,1.330294,0.0,1.4229985,0.0,1.0010103,0.052218128,0.0,0.0,0.0,1.9260181,0.0,0.0,0.9698892,0.0,0.22471906,1.8521764,1.7425478,0.0,0.0,0.38981092,0.0,0.27324033,0.57495403,0.73585635,0.0,0.75301224,0.0,0.0,0.5762804,0.94518465,0.27148739,0.049399905,0.0,0.24221525,0.0,1.0783314,0.0,1.0118768,0.0,1.511735,0.0,0.0,0.0,1.3100805,0.0,0.68116724,0.0,0.0,0.0,0.38870972,0.0,0.0,1.163654,1.2578652,1.9875375,1.2294424,0.3026372,0.0,0.0,1.719902,0.0,4.940671,0.0,1.8787653,1.8099165,2.3404887,0.7955133,2.7020874,0.0,3.1776502,0.0,0.0,2.8186505,0.0,0.0,0.0,1.4828781,0.7613278,0.0,0.0,1.1806408,0.14480966,0.0,0.0,0.0,0.19441353,0.0,0,0,0.92862225,blues,blues
0.0,0.0,0.0,1.1555632,1.664752,0.0,2.150376,0.0,0.0,0.0,0.0,1.1991909,0.0,0.0,0.0,0.0,0.0,1.3656962,0.0,0.10471114,0.0,0.0,0.0,0.0,0.9828489,0.0,0.0,0.0,0.69146895,0.0,0.0,0.0,0.46288633,0.0,0.0,0.0,0.0,2.018167,1.0039958,0.6936481,0.0,0.0,0.0,0.015334416,0.0,1.5363858,0.0,0.0,0.0,0.24199133,1.7116046,0.0,0.0,0.16045955,0.4370585,0.0,1.3758812,0.0,0.0,0.0,0.0,1.3458816,0.0,0.0,0.0,0.0,0.0,0.0,0.0,0.0,0.32706434,0.06778587,0.0,0.0,0.0,0.22072272,0.32767117,0.0,0.088018306,0.0,0.0,0.0,0.0,0.36753774,1.1770302,0.0,0.0,0.0,0.48521376,0.0,0.77845407,0.0,0.0,0.0,0.34982127,0.1927607,0.0,0.0,0.0,0.0,0.3530787,0.40628335,2.5968554,1.1771631,1.3486345,0.72674865,0.30497018,0.21276952,0.6138744,0.0,1.4063581,0.0,0.0,0.8798911,0.0,0.23161696,0.0,0.0,0.20811386,0.0,0.0,0.0,0.0,0.0,0.0,0.0,0.51930887,0.0,0,5,0.45086512,blues,jazz
0.0,0.0,0.0,1.3535085,2.0102258,0.0,1.8345344,0.0,0.0,0.0,0.0,0.749916,0.0,0.0,0.0,0.0,0.0,1.6455145,0.0,0.0,0.0,0.5770886,0.0,0.0,0.8636628,0.0,0.0,0.0,0.797887,0.0,0.0,0.0,0.67988545,0.0,0.0134958215,0.0,0.0,1.4843949,0.7476492,0.4177474,0.0,0.0,0.0,0.20174234,0.0,1.6581631,0.20890974,0.0,0.0,0.5451144,1.5327855,0.0,0.0,0.0,0.049404133,0.0,1.1614434,0.0,0.0,0.0,0.0,0.86937475,0.0,0.0,0.0,0.0,0.0,0.0,0.0,0.0,0.70757425,0.0,0.0,0.0,0.22863169,0.11666396,0.0,0.0,0.056293674,0.0,0.0,0.0,0.0,0.28364864,1.2571743,0.0,0.0,0.0,0.27901667,0.0,0.93112236,0.0,0.0,0.0,0.5705707,0.0,0.50539017,0.0,0.0,0.039321613,0.5958847,0.8043704,2.548884,1.0027162,1.0163146,0.4513185,0.72065276,0.23256786,0.2668,0.0,1.5521702,0.0,0.22103706,1.1359054,0.0,0.23123486,0.0,0.0,0.5355653,0.0,0.0,0.0,0.0,0.0,0.0,0.14470042,0.63402975,0.0,0,0,0.38884494,blues,blues
0.0,0.0,0.0,1.1610434,2.184095,0.0,1.5613366,0.0,0.0012100379,0.028110646,0.372632,0.4303971,0.0,0.0,0.0,0.0,0.06402291,1.5289448,0.0,0.0,0.23062794,0.5914999,0.0,0.0,0.1175966,0.0,0.0,0.0,1.0791765,0.0,0.0,0.0,0.37115586,0.0,0.0,0.0,0.0,1.0238044,0.6395094,1.0823824,0.0,0.22338155,0.0,0.041948892,0.0,1.9841343,0.24351779,0.0,0.0,0.7847965,0.83824855,0.0,0.0,0.12437422,0.15444171,0.0,1.5987397,0.040946975,0.0,0.0,0.0,0.83119464,0.0,0.0,0.15565749,0.0,0.0,0.0,0.0,0.0,0.7456053,0.23982392,0.024796516,0.0,0.46017003,0.07893584,0.0,0.0,0.010514613,0.0,0.0,0.0,0.0,0.0,1.341171,0.0,0.0,0.0,0.18336362,0.0,0.46046668,0.0,0.0,0.0,0.4438039,0.0,0.4909662,0.0,0.0,0.0,0.34332722,0.0,3.007848,0.7091892,1.0521305,0.0,1.8641093,0.49042284,0.6299042,0.0,0.93453133,0.0,0.0,1.310552,0.0,0.10547029,0.0,0.0,0.28150535,0.0,0.0,0.0,0.0,0.0,0.0,0.0,0.5152767,0.0,0,0,0.6343033,blues,blues
0.0,0.0,0.0,0.69906086,1.8836944,0.0,1.4964164,0.0,0.0,0.046497412,0.004569807,0.013198658,0.0,0.0,0.0,0.0,0.0,1.3234148,0.0,0.0,0.39551288,0.012959266,0.0,0.0,0.10054799,0.0,0.0,0.0,1.0034215,0.0,0.0,0.0,0.28646836,0.0,0.20124525,0.0,0.0,1.0302842,0.72782,1.1055942,0.0,0.0,0.0,0.0,0.0,1.4785213,0.0,0.0,0.0,0.56670064,0.9652196,0.0,0.0,0.41233793,0.077317715,0.14021882,1.5547141,0.0,0.0,0.0,0.0,0.69113296,0.0,0.0,0.24969192,0.0,0.0,0.0,0.0,0.0,0.5865985,0.050735734,0.4034573,0.0,0.15348786,0.0,0.0,0.0,0.18188682,0.0,0.0,0.0,0.0,0.0,0.8126859,0.0,0.0,0.0,0.6095881,0.0,0.824706,0.0,0.0,0.47576767,0.10966038,0.0,0.13776533,0.0,0.0,0.0,0.0,0.20264243,2.6429787,1.0042454,0.89494073,0.0,1.0710545,0.02657767,0.52351457,0.0,0.91931903,0.0,0.0,1.1503984,0.0,0.0,0.0,0.0,0.14468749,0.0,0.0,0.0,0.0,0.0,0.6325872,0.0,0.0,0.0,0,0,0.44640088,blues,blues
0.0,0.0,0.0,0.4603792,1.4625152,0.0,1.3478599,0.09262567,0.0544344,0.041409865,0.0,0.45286122,0.0,0.0,0.0,0.0,0.0,1.0369176,0.0,0.042202238,0.08346895,0.0,0.0,0.0,0.1622271,0.0,0.0,0.0,0.97406745,0.0,0.0,0.0,0.46231243,0.0,0.0,0.0,0.0,0.6779172,0.7631736,1.2517917,0.0,0.0,0.0,0.084956475,0.021244766,0.99771696,0.0,0.0,0.0,0.33208263,0.781013,0.0,0.0,0.2689772,0.25107062,0.0058635906,1.4747639,0.10998735,0.0,0.0,0.03487015,0.56161517,0.0,0.0,0.3685617,0.0,0.0,0.0,0.0,0.0,0.15491837,0.039462533,0.36696744,0.0,0.0,0.0,0.0,0.0,0.0,0.0,0.0,0.0,0.0,0.0,0.929521,0.0,0.0,0.0,0.1482151,0.0,0.5805314,0.0,0.0,0.12040644,0.37033722,0.2455089,0.003918562,0.0,0.0,0.0,0.0,0.0,2.5510356,1.2029505,0.987483,0.0,1.0587744,0.0,0.23912309,0.0,1.1248384,0.0,0.0,0.85598826,0.0,0.0,0.0,0.0,0.0,0.0,0.0,0.0,0.0,0.0,0.2029266,0.0,0.0,0.0,0,0,0.45013225,blues,blues
0.0,0.0,2.3168945,0.0,0.51515836,1.5000228,1.2508357,1.4904937,0.0,0.0,0.38664728,0.0,0.0,0.1905692,0.0,0.9839609,0.01865704,0.0,0.0,0.40576982,2.0518317,0.0,0.0,0.0,0.0,0.0,0.0,0.35628456,0.62658715,0.0,1.5754277,0.0,0.78530586,0.0,1.1112522,0.0,1.0665684,0.80186903,0.16008332,0.14269291,0.7479088,0.0,1.521723,1.4073052,1.4737347,0.0,1.9959598,1.4802313,0.0,0.0,0.75715655,0.0,0.9589539,0.56055444,0.0,0.0,0.7712076,0.0,0.0,0.0,0.8751456,1.9049972,0.0,0.0,0.0,0.0,0.0,0.0,0.0,0.0,0.0,0.0,0.0,0.0,0.0,0.8875133,0.0,0.28211418,0.80665714,0.0,0.0,0.0,1.2291012,0.18172175,0.0,1.3433335,0.0,0.0,0.789737,0.0,0.0,1.748336,0.08275136,2.1147544,0.0,0.0,0.0,0.0,1.2342956,0.39986214,0.8150197,0.0,0.30227116,2.8568194,0.0,0.21378513,0.0,1.6285145,0.9536595,0.0,0.0,0.2570053,0.0,0.46363866,0.3487169,0.294071,0.0,0.0,3.007123,0.0,0.0,0.6539004,0.0,0.0,0.0,0.0,0.0,0.0,1,1,0.97578305,classical,classical
0.0,0.0,1.6461266,0.0,0.42845222,1.5271242,1.0442618,1.3374971,0.0,0.0,0.31172872,0.0,0.0,0.08597595,0.0,0.9475654,0.15690991,0.0,0.0,0.6798166,1.9518267,0.0,0.0,0.0,0.0,0.0,0.0,0.12724657,0.64200014,0.0,1.367439,0.0,0.93153507,0.0,0.95673054,0.0,0.61958045,0.8245323,0.29575235,0.0,0.0,0.0,1.4820638,1.289223,1.5371631,0.0,1.4994534,1.218395,0.0,0.0,0.74003434,0.0,0.7503894,0.5396082,0.06359944,0.0,1.1660429,0.0,0.0,0.0,1.0234555,1.3299156,0.0,0.0,0.0,0.0,0.0,0.0,0.0,0.0,0.0,0.0,0.0,0.0,0.0,0.93068653,0.0,0.31122446,0.6138928,0.0,0.0,0.0,0.87184024,0.0,0.0,1.1158636,0.0,0.0,0.6880772,0.5169672,0.0,1.46707,0.0,2.120339,0.0,0.0,0.0064991154,0.0,1.2635407,0.79984784,0.788299,0.0,0.5648516,2.6114454,0.020911332,0.29677638,0.0,1.0594906,0.49634862,0.0,0.0,0.68536925,0.0,0.5388091,0.14811178,0.09440918,0.0,0.0,2.6011012,0.0,0.0,0.34465376,0.0,0.0,0.0,0.0,0.0,0.0,1,1,0.9667137,classical,classical
0.0,0.0,1.644684,0.0,1.05717,1.6713781,0.8941579,0.9202004,0.0,0.0,0.21565768,0.0,0.0,0.0,0.0,0.9863167,0.05187698,0.0,0.0,0.7980009,1.7000705,0.0,0.0,0.0,0.0,0.0,0.0,0.0,0.8383393,0.0,1.7913622,0.0,1.2519476,0.0,1.2186235,0.0,0.3139222,0.64152145,0.53290373,0.0,0.0,0.0,1.8336267,1.2906333,1.812774,0.0,1.6247418,0.974796,0.0,0.28093374,0.6425943,0.0,1.0110078,0.79452664,0.15303308,0.0,1.4269662,0.0,0.0,0.0,1.1881769,1.5645788,0.0,0.0,0.0,0.0,0.0,0.0,0.0,0.0,0.0,0.0,0.0,0.0,0.0,1.1744366,0.0,0.68527657,0.40697047,0.0,0.0,0.0,1.0207654,0.0,0.0,1.3251555,0.0,0.0,0.8198532,0.42438996,0.0,1.7346365,0.0,2.4458768,0.0,0.0,0.11733606,0.0,1.6198201,0.6385756,1.1863537,0.0,0.0,2.7695878,0.12299469,0.10756323,0.0,1.4018525,0.33567023,0.0,0.0,0.75787103,0.0,0.35728002,0.06826425,0.4281302,0.0,0.0,3.0427244,0.0,0.0,0.3173915,0.0,0.0,0.0,0.0,0.0,0.0,1,1,0.9890838,classical,classical
0.0,0.0,2.0256271,0.0,1.0478067,1.3922027,0.8389376,1.2902427,0.0,0.0,0.35845116,0.0,0.0,0.0,0.0,1.1853791,0.057405893,0.0,0.0,0.5105123,1.6367745,0.0,0.0,0.0,0.0,0.0,0.0,0.0,0.78044,0.0,1.8547152,0.0,0.8864361,0.0,1.2531774,0.0,0.48655176,0.31099445,0.47130448,0.0,0.0,0.0,1.9537952,1.1830078,1.796725,0.0,1.7291821,1.2230883,0.0,0.45945275,0.8831132,0.0,0.9598103,0.9186408,0.23389101,0.0,0.78638023,0.0,0.0,0.0,1.0097579,1.7161691,0.0,0.0,0.0,0.0,0.0,0.0,0.0,0.0,0.0,0.0,0.0,0.0,0.0,1.0870233,0.0,0.85683125,0.29518792,0.0,0.0,0.0,1.0138828,0.0,0.0,1.8014989,0.0,0.0,0.9081576,0.2164199,0.0,1.9167244,0.12687029,2.3086596,0.0,0.0,0.0,0.0,1.6223178,0.5328649,1.0813226,0.0,0.0,2.688982,0.0,0.28851995,0.0,1.4034426,0.42542225,0.0,0.0,0.22111768,0.0,0.5457912,0.16249138,0.26133648,0.0,0.0,2.772779,0.0,0.0,0.0,0.0,0.0,0.0,0.0,0.0,0.0,1,1,0.98849267,classical,classical
0.0,0.0,2.4216516,0.0,0.7126619,1.4492828,0.8303717,1.4902314,0.0,0.0,0.35324684,0.0,0.0,0.17977282,0.0,1.4895637,0.17573237,0.0,0.0,1.0231391,1.8943684,0.0,0.0,0.0,0.0,0.0,0.0,0.18187518,0.6971891,0.0,2.0207238,0.0,0.91615766,0.0,1.0536778,0.0,0.6245735,0.49874672,0.095866986,0.0,0.0,0.0,2.2865343,1.3974969,2.03151,0.0,2.0861197,1.4162672,0.0,0.31049833,0.3406394,0.0,0.75924224,0.9879616,0.0,0.0,1.1168644,0.0,0.0,0.0,1.2673951,1.808886,0.0,0.0,0.0,0.0,0.0,0.0,0.0,0.0,0.0,0.0,0.0,0.0,0.0,0.66786265,0.0,0.7067188,0.06128119,0.0,0.0,0.0,1.0137666,0.0,0.0,1.8542019,0.0,0.0,0.9111738,0.0,0.0,2.0770895,0.035880033,2.1702912,0.0,0.0,0.0,0.0,1.6388724,0.12125819,0.6127151,0.0,0.0,2.8711216,0.0,0.3128426,0.0,1.4176439,0.20086828,0.0,0.0,1.0290033,0.0,0.0,0.10839693,0.37802878,0.0,0.0,2.6979024,0.0,0.0,0.0,0.0,0.0,0.0,0.0,0.0,0.0,1,1,0.9919674,classical,classical
0.0,0.0,1.6665553,0.0,0.7337472,0.7935484,0.97048914,0.56323016,0.0,0.0,0.043478325,0.0,0.0,0.0,0.0,1.1649213,0.0,0.0,0.0,1.6009285,0.9705474,0.0,0.0,0.0,0.0,0.0,0.0,0.0,0.74092126,0.0,1.8011844,0.0,0.37902933,0.0,1.0607392,0.0,0.0,0.4900941,0.7065101,0.0,0.0,0.0,1.6434889,0.26071677,1.8549436,0.0,0.93229645,0.5752993,0.0,0.5708052,0.6411167,0.0,1.2497057,0.12578452,0.0,0.0,0.858086,0.0,0.0,0.0,1.3521599,1.8678579,0.0,0.0,0.0,0.0,0.0,0.0,0.0,0.0,0.0,0.0,0.0,0.0,0.0,1.7947295,0.0,0.54554206,0.1255079,0.0,0.0,0.0,1.3838674,0.0,0.0,1.7562664,0.0,0.0,0.91981065,0.0,0.0,2.0060813,0.0,1.781182,0.0,0.0,0.37489834,0.0,1.5218891,0.0,0.96073925,0.0,0.0,2.5006003,0.6567514,0.23135485,0.0,1.7955505,0.0,0.0,0.0,1.2551398,0.0,0.0,0.0,0.46004707,0.0,0.0,2.1889844,0.0,0.0,0.0,0.0,0.0,0.0,0.0,0.0,0.0,1,1,0.9900545,classical,classical
0.0,0.0,1.5559477,0.0,0.2269076,0.32080352,1.2642771,0.26267317,0.0,0.01792097,0.0,0.5082499,0.0,0.0,0.0,0.9664507,0.0,0.0,0.0,1.335352,0.7714824,0.0,0.0,0.0,0.0,0.0,0.0,0.24862808,0.36454836,0.0,1.0660927,0.0,0.4349153,0.0,1.2995842,0.0,0.0,0.75017375,0.51843023,0.0,0.0,0.0,1.4886106,0.042150237,1.4727659,0.0,1.0588372,0.49667528,0.0,0.88284206,0.3262367,0.0,0.89217645,0.18819429,0.22862744,0.0,1.1795189,0.0,0.0,0.0,1.3521509,1.2289436,0.0,0.0,0.0,0.0,0.0,0.0,0.0,0.0,0.0,0.2433769,0.0,0.0,0.0,1.6356822,0.0,0.46061373,0.17866288,0.0,0.0,0.0,1.6667004,0.0,0.0,1.4969267,0.0,0.0,1.5213264,0.0,0.0,2.06826,0.0,1.2177799,0.0,0.0,0.5825802,0.0,1.8698653,0.0,0.83192754,0.0,0.0,1.957806,0.7952258,0.27900556,0.0,1.4613024,0.0,0.0,0.0,0.8453087,0.5322182,0.0,0.0,0.67179763,0.0,0.0,1.5943753,0.0,0.0,0.0,0.0,0.0,0.0,0.0,0.0,0.0,1,1,0.9834508,classical,classical
0.0,0.0,1.4246671,0.0,0.4946961,0.21334843,1.5650063,0.0,0.0,0.41345283,0.0,0.5080227,0.0,0.0,0.0,0.99565375,0.0,0.0,0.0,1.036944,1.0327986,0.0,0.0,0.0,0.0,0.0,0.0,0.2239167,0.79426533,0.0,1.2143096,0.0,0.0,0.0,1.2580396,0.0,0.0,1.1482551,0.46922836,0.0,0.0,0.0,1.8713919,0.0,1.7376146,0.0,0.6940099,0.8431052,0.0,0.7911405,0.43859962,0.0,0.86107165,0.8240483,0.65391344,0.0,1.539483,0.0,0.0,0.0,0.8627195,1.3448447,0.0,0.0,0.0,0.0,0.0,0.0,0.0,0.0,0.0,0.34804067,0.0,0.0,0.0,1.4700881,0.0,0.30330154,0.63867617,0.0,0.0,0.0,1.7806772,0.0,0.0,1.480399,0.0,0.0,1.7168953,0.0,0.0,2.5019755,0.0,1.3320656,0.0,0.0,0.5123168,0.0,1.6527396,0.0,1.0821645,0.0,0.1998761,1.8190626,0.66003346,0.17192578,0.0,1.6758418,0.0,0.0,0.0,0.0,0.13757256,0.0,0.0,0.3061891,0.0,0.0,1.8525975,0.0,0.0,0.0,0.0,0.0,0.0,0.0,0.0,0.0,1,1,0.9882754,classical,classical
0.0,0.0,1.7261065,0.0,1.1050162,0.19141069,1.6242826,0.0,0.0,0.16930851,0.0,0.953811,0.0,0.0,0.0,0.7832851,0.0,0.0,0.0,0.77873665,0.8565201,0.0,0.0,0.0,0.0,0.0,0.0,0.09041671,0.6492103,0.0,1.359708,0.0,0.0,0.0,1.8720901,0.0,0.0,1.1752365,1.3985721,0.0,0.0,0.0,1.8137565,0.0,2.080756,0.0,0.5959411,0.9647245,0.0,0.719732,0.69626844,0.0,1.307282,1.3805004,0.6153639,0.0,1.1825093,0.0,0.0,0.0,0.47108844,1.8524207,0.0,0.0,0.0,0.0,0.0,0.0,0.0,0.0,0.0,0.0,0.0,0.0,0.0,2.0070562,0.0,0.9223404,0.47813717,0.0,0.0,0.0,1.7755207,0.0,0.0,1.7883599,0.0,0.0,2.161455,0.0,0.0,2.7136602,0.0,1.3922155,0.0,0.0,0.22616093,0.0,1.6147541,0.0,1.0964246,0.0,0.023902962,1.7890437,0.7803913,0.0,0.0,1.7084913,0.0,0.0,0.0,0.0,0.048377912,0.0,0.0,0.4866376,0.0,0.0,2.3759873,0.0,0.0,0.0,0.0,0.0,0.0,0.0,0.5781794,0.0,1,1,0.9937382,classical,classical
0.0,0.0,1.8444911,0.0,0.8383617,0.2556877,1.6016645,0.0,0.0,0.06997122,0.0,0.6602535,0.0,0.0,0.0,0.9769716,0.0,0.0,0.0,0.96831954,0.8931102,0.0,0.0,0.0,0.0,0.0,0.0,0.0,0.262355,0.0,1.6635392,0.0,0.10561465,0.0,1.4855442,0.0,0.0,1.2190299,1.4925915,0.0,0.0,0.0,1.8021725,0.0,1.6123039,0.0,0.9506948,1.1731733,0.0,1.1524154,0.27328953,0.0,0.8035238,0.5975348,0.7357839,0.0,1.2252209,0.0,0.0,0.0,1.1713016,1.9955105,0.0,0.0,0.0,0.0,0.0,0.0,0.0,0.0,0.0,0.24911831,0.0,0.0,0.0,1.568835,0.0,0.7201496,0.30922142,0.0,0.0,0.0,1.8882349,0.0,0.0,1.4849893,0.0,0.0,1.8756716,0.0,0.0071399403,2.44796,0.0,1.0826697,0.0,0.0,0.32813603,0.0,1.680459,0.0,0.74227667,0.0,0.0,1.9471431,0.5867991,0.0,0.0,1.528755,0.0,0.0,0.0,0.0,0.37439504,0.0,0.0,0.6167433,0.0,0.0,2.2093244,0.0,0.0,0.0,0.0,0.0,0.0,0.0,0.1216286,0.0,1,1,0.9910658,classical,classical
0.0,0.0,1.7049834,0.0,0.5518477,1.3111959,0.721726,0.45674062,0.0,0.0,0.0,0.0,0.0,0.0,0.0,1.1257243,0.0,0.0,0.0,1.5027132,0.90832454,0.0,0.0,0.0,0.0,0.0,0.0,0.0,0.8620513,0.0,1.5104212,0.0,0.105492786,0.0,1.2594619,0.0,0.0,0.7102598,0.8922117,0.0,0.0,0.0,1.6097039,0.88980573,1.50403,0.0,1.1936463,0.0,0.0,0.44751325,0.4102655,0.0,0.4742004,0.7591929,0.25894687,0.0,1.1081218,0.0,0.0,0.0,1.1549101,1.8569095,0.0,0.0,0.0,0.0,0.0,0.0,0.0,0.0,0.0,0.0,0.0,0.0,0.0,1.5200787,0.0,0.22951111,0.54972893,0.0,0.0,0.0,0.73757875,0.0,0.0,1.7678624,0.0,0.0,1.2066184,0.0,0.0,1.7924253,0.0461167,1.9791142,0.0,0.0,0.0484077,0.0,2.0821023,0.32989836,1.171162,0.0,0.16578583,2.3552966,0.6782461,0.0,0.0,1.4722211,0.0,0.0,0.0,0.8136999,0.22123611,0.0,0.0,0.25115234,0.0,0.0,2.4563334,0.0,0.0,0.047275722,0.0,0.0,0.0,0.0,0.022928856,0.0,1,1,0.9885811,classical,classical
0.0,0.0,1.614919,0.0,0.82730263,1.4926294,0.88559246,1.1129907,0.0,0.0,0.0,0.20147191,0.0,0.0,0.0,1.2645531,0.0,0.0,0.0,1.4275223,0.94189095,0.0,0.0,0.0,0.0,0.0,0.0,0.0,1.0106107,0.0,1.0440148,0.0,0.6830667,0.0,1.1212037,0.0,0.0,1.0317419,0.28520972,0.0,0.0,0.0,1.9026382,1.108111,1.0096211,0.0,1.635521,0.35129115,0.0,0.6339999,0.5051785,0.0,0.30483943,0.26772982,0.0,0.0,0.9212717,0.0,0.0,0.0,1.5676367,1.4928582,0.0,0.0,0.0,0.0,0.0,0.0,0.0,0.0,0.0,0.0,0.0,0.0,0.0,0.9543819,0.0,0.081237726,0.0,0.0,0.0,0.0,0.67678684,0.0,0.0,1.5103198,0.0,0.0,0.9806751,0.26535228,0.0,1.5839341,0.3551793,1.670291,0.0,0.0,0.37406668,0.0,1.7419194,0.0,0.376974,0.0,0.17105317,2.2194393,0.34209427,0.42249018,0.0,0.94919056,0.19473854,0.0,0.0,1.1823355,0.079857975,0.0,0.0,0.07095837,0.0,0.0,2.1406217,0.0,0.0,0.0,0.0,0.0,0.0,0.0,0.19878215,0.0,1,1,0.9804332,classical,classical
0.0,0.0,1.3310689,0.0,1.2637538,0.8474065,1.2740421,0.82118887,0.0,0.0,0.0,0.565353,0.0,0.0,0.0,1.1213417,0.0,0.0,0.0,1.3245547,0.9209665,0.0,0.0,0.0,0.0,0.0,0.0,0.078812465,1.4840894,0.0,0.85960436,0.0,0.693138,0.0,1.2218742,0.0,0.0,1.4678547,0.16348055,0.0,0.0,0.0,1.8736567,0.96601546,0.8685112,0.0,1.6262532,1.2677991,0.0,0.38395286,0.34769067,0.0,0.19149512,0.5171645,0.0,0.0,1.7055938,0.0,0.0,0.0,1.5344467,1.573968,0.0,0.0,0.0,0.0,0.0,0.0,0.0,0.0,0.0,0.0,0.0,0.0,0.0,0.27648842,0.0,0.72160083,0.0,0.0,0.0,0.0,1.5729536,0.0,0.0,1.1484007,0.0,0.0,1.0750325,0.40084577,0.0,1.8407699,0.0,1.1439271,0.0,0.0,0.5158891,0.0,1.521363,0.0,0.0,0.0,0.5699674,1.6704329,0.5791198,0.6094672,0.36691195,0.54132956,0.20148629,0.0,0.0,0.36067957,0.40863582,0.0,0.0,0.3261673,0.0,0.0,2.0918403,0.0,0.0,0.0,0.0,0.0,0.0,0.0,0.2485663,0.0,1,1,0.9799203,classical,classical
0.0,0.0,1.0175515,0.0,0.8797291,0.0,1.2564371,0.17605099,0.0,0.15672702,0.0,0.28663078,0.0,0.0,0.0,1.5173306,0.14018102,0.0,0.0,1.3796642,1.077171,0.0,0.0,0.0,0.0,0.0,0.0,0.010735314,1.7497001,0.0,1.0049709,0.0,0.20756233,0.0,1.0991513,0.0,0.0,1.4452426,0.0,0.0,0.0,0.0,1.9212009,0.9014076,0.60944587,0.0,1.0356662,1.5398455,0.0,0.26359543,0.70908374,0.0,0.0,0.25345713,0.0,0.0,1.5828954,0.0,0.0,0.0,1.2344235,1.3258423,0.0,0.0,0.0,0.0,0.0,0.0,0.0,0.0,0.0,0.5851038,0.0,0.0,0.0,0.3422418,0.0,0.5461686,0.0,0.0,0.0,0.0,1.7122339,0.0,0.0,1.3726423,0.0,0.0,0.8692382,0.120749965,0.0,2.3263357,0.0,0.60259265,0.0,0.0,0.37047747,0.0,1.4423048,0.0,0.0,0.0,0.25572956,1.3795394,0.4890815,0.35844257,0.818934,0.8024792,0.17429706,0.0,0.0,0.0,0.3430672,0.0,0.0,0.04164829,0.0,0.0,1.798119,0.0,0.0,0.0,0.0,0.0,0.0,0.0,0.0,0.0,1,1,0.9681581,classical,classical
0.0,0.0,1.0091796,0.0,0.8884889,0.0,0.95232964,0.24250615,0.0,0.07981248,0.0,0.17439581,0.0,0.0,0.0,2.0682044,0.3956201,0.0,0.0,1.7691041,1.0745833,0.0,0.0,0.0,0.0,0.0,0.0,0.047526572,1.4113075,0.0,0.7869036,0.0,0.0,0.0,0.8427269,0.0,0.0,1.4184116,0.0,0.0,0.0,0.0,1.346184,0.7671948,0.4581308,0.0,0.5497481,1.5000495,0.0,0.63450444,1.136663,0.0,0.0,0.5209838,0.0,0.0,1.355238,0.0,0.0,0.0,1.4380295,1.3455951,0.0,0.0,0.0,0.0,0.0,0.0,0.0,0.0,0.0,0.7671212,0.0,0.0,0.0,0.5922287,0.0,0.39166433,0.07322895,0.0,0.0,0.0,1.4890064,0.0,0.0,1.7391074,0.0,0.0,0.78155124,0.0,0.0,2.4451709,0.0,0.8378013,0.0,0.0,0.0,0.0,1.7168795,0.0,0.51494646,0.0,0.010826728,1.5725409,0.41972268,0.010603752,0.7855252,1.2695825,0.0,0.0,0.0,0.040786,0.036371175,0.0,0.0,0.0,0.0,0.0,1.592643,0.0,0.0,0.0,0.0,0.0,0.0,0.0,0.0,0.0,1,1,0.97071004,classical,classical
0.0,0.0,0.605297,0.0,0.5604967,0.0,2.0977468,0.0,0.0,0.28080338,0.0,0.9728089,0.0,0.0,0.0,1.0031132,0.0,0.0,0.0,1.7942182,0.68288404,0.0,0.0,0.0,0.0,0.0,0.0,0.0,1.4006246,0.0,0.0,0.0,0.16279632,0.0,1.7865732,0.0,0.0,1.31983,0.0,0.0,0.0,0.0,2.2014732,0.0,1.5027568,0.18334766,0.8947012,0.4393744,0.0,0.8336449,0.46006787,0.0,0.87175214,0.70939755,0.9652154,0.0,0.4680016,0.0,0.29843432,0.0,1.3647951,1.9458933,0.0,0.0,0.0,0.0,0.0,0.0,0.0,0.0,0.0,0.062857196,0.0,0.0,0.0,1.6342356,0.0,0.17554837,1.1233667,0.11446296,0.0,0.0,1.4581074,0.0,0.0,1.2024916,0.0,0.0,1.9355388,0.0,0.0,2.5109236,0.0,0.9224696,0.0,0.0,1.3930926,0.0,1.5675471,0.0,0.26621136,0.0,0.30062154,0.94033635,1.0424194,0.4051917,0.0,0.9912256,0.0,0.0,0.0,0.0,0.020643635,0.0,0.0,0.21221174,0.0,0.0,2.4430828,0.0,0.0,0.0,0.0,0.0,0.0,0.0,1.3981164,0.0,1,1,0.97108513,classical,classical
0.0,0.0,0.00082835904,0.0,0.3827996,0.0,2.383826,0.0,0.0,0.82241267,0.0,0.52854186,0.0,0.0,0.0,1.845515,0.0,0.0,0.0,2.2138236,1.1361523,0.0,0.0,0.0,0.0,0.0,0.0,0.0,1.4058113,0.0,0.0,0.0,0.43651512,0.0,0.41568384,0.0,0.0,1.9415194,0.0,0.0,0.0,0.0,2.2723224,0.0,1.0020134,0.7476895,0.6528738,0.92016375,0.0,1.3995816,0.46396282,0.0,0.0,0.5926333,0.6597871,0.0,1.2318646,0.0,0.0,0.0,1.9057359,1.6857648,0.0,0.0,0.0,0.0,0.0,0.0,0.0,0.0,0.0,0.62083316,0.0,0.0,0.0,0.46450344,0.0,0.0,0.7744988,0.0,0.0,0.0,0.79641205,0.0,0.0,0.5612027,0.0,0.0,1.3712689,0.0,0.0,1.9424137,0.0,0.89710224,0.0,0.0,0.907749,0.0,1.510014,0.0,0.18772794,0.0,1.3455029,1.5114732,1.5522764,0.9731013,0.0,0.61556613,0.24248977,0.0,0.0,0.0,0.0,0.0,0.0,0.0,0.0,0.0,1.6098611,0.0,0.0,0.0,0.25346565,0.0,0.0,0.0,0.82860756,0.0,1,1,0.9248198,classical,classical
0.0,0.0,0.0,0.0,1.2248248,0.0,2.316884,0.0,0.0,0.5904585,0.0,0.9668276,0.0,0.0,0.0,1.6812205,0.0,0.0,0.0,2.2309897,0.97948277,0.0,0.0,0.0,0.0,0.0,0.0,0.0,1.2495952,0.0,0.12282137,0.0,0.8202943,0.0,0.8878037,0.0,0.0,2.252234,0.4458034,0.0,0.0,0.0,2.1738079,0.0,1.2919134,0.51272744,0.23553933,0.80119133,0.0,1.1119083,0.74974823,0.0,0.0,0.50483024,0.45362866,0.0,0.76046777,0.0,0.0,0.0,1.5168363,2.0694025,0.0,0.0,0.0,0.0,0.0,0.0,0.0,0.0,0.0,0.44898784,0.0,0.0,0.0,0.29814002,0.0,0.37646246,0.57405275,0.0,0.0,0.0,0.6466081,0.0,0.0,0.35004175,0.0,0.0,1.8243885,0.0,0.0,1.6575468,0.0,1.1343759,0.0,0.0,1.0995258,0.0,0.9524582,0.017571531,0.0,0.0,1.5242722,1.2488921,1.3166833,0.8601494,0.0,0.29569963,0.0,0.0,0.0,0.0,0.0,0.0,0.0,0.0,0.0,0.0,1.5332885,0.0,0.0,0.0,0.09798004,0.0,0.0,0.0,1.0747558,0.0,1,1,0.8938633,classical,classical
0.0,0.0,0.4974612,0.0,1.3738346,0.0,2.1417181,0.0,0.0,0.5340427,0.0,1.1122668,0.0,0.0,0.0,1.6035203,0.0,0.0,0.0,1.4161853,0.74691033,0.0,0.0,0.0,0.0,0.0,0.0,0.0,1.1449759,0.0,0.120743796,0.0,0.57208633,0.0,1.5036834,0.0,0.0,2.1458712,0.75177073,0.0,0.0,0.0,1.7885091,0.0,1.7033541,0.17641824,0.36356083,0.91910857,0.0,0.9127159,0.5527798,0.0,0.22731376,0.9515171,0.5583555,0.0,1.004373,0.0,0.0,0.0,1.554385,2.2996411,0.0,0.0,0.0,0.0,0.0,0.0,0.0,0.0,0.0,0.21590365,0.0,0.0,0.0,0.8039936,0.0,0.3753948,0.70660764,0.0,0.0,0.0,0.8126852,0.0,0.0,0.69485664,0.0,0.0,1.9930514,0.0,0.0,2.1097827,0.0,1.0223389,0.0,0.0,0.9866447,0.0,1.0247746,0.0,0.0,0.0,0.99121946,1.2043608,0.90611154,0.29100943,0.0,0.47493333,0.0,0.0,0.0,0.0,0.0,0.0,0.0,0.028291166,0.0,0.0,2.2343976,0.0,0.0,0.0,0.13244626,0.0,0.0,0.0,1.234551,0.0,1,1,0.95816994,classical,classical
0.0,0.0,0.20727654,0.0,0.395857,0.096858785,2.2199914,0.0,0.0,0.7093345,0.0,0.5519548,0.0,0.0,0.0,1.5098076,0.0,0.0,0.0,1.7178003,0.8033581,0.0,0.0,0.0,0.0,0.0,0.0,0.0,1.2824326,0.0,0.0,0.0,0.30063686,0.0,0.2673182,0.0,0.0,2.030867,0.6578699,0.0,0.0,0.0,1.9137205,0.37629962,1.322817,0.3518208,0.79247874,0.8659184,0.0,1.23163,0.024207247,0.0,0.0,0.53323996,0.75127476,0.0,1.3844709,0.0,0.0,0.0,1.90713,1.5602857,0.0,0.0,0.0,0.0,0.0,0.0,0.0,0.0,0.0,0.57559764,0.0,0.0,0.0,0.5148605,0.0,0.0,0.64660466,0.0,0.0,0.0,0.7643343,0.0,0.0,0.7225965,0.0,0.0,1.3255827,0.0,0.0,1.5419065,0.0,0.4094259,0.0,0.0,1.1768521,0.0,1.244917,0.0,0.16857211,0.0,1.3003435,1.5634022,1.4044727,0.75523525,0.0,0.840192,0.215468,0.0,0.0,0.0,0.0,0.0,0.0,0.0,0.0,0.0,1.4158627,0.0,0.0,0.0,0.026599297,0.0,0.0,0.0,0.75348014,0.0,1,1,0.92457336,classical,classical
0.0,0.0,1.4425038,0.0,1.713371,1.1600068,0.98527294,0.31715715,0.0,0.0,0.06209209,0.0,0.005792392,0.0,0.0,1.2046953,0.0,0.0,0.0,1.3640982,0.2783428,0.0,0.0,0.0,0.0,0.0,0.0,0.0,1.1850522,0.0,1.5070475,0.0,0.6817824,0.0,1.0207243,0.0,0.0,0.73741513,1.0200957,0.0,0.0,0.0,1.0153164,0.9883046,2.0377119,0.0,0.14199483,0.0,0.0,0.0,0.9470424,0.0,1.170756,0.5925212,0.0,0.0,0.08732913,0.0,0.0,0.0,1.2100896,1.8590412,0.0,0.0,0.0,0.0,0.0,0.0,0.0,0.0,0.0,0.0,0.0,0.0,0.068588525,2.378052,0.0,0.4389792,0.36380133,0.0,0.0,0.0,0.5212599,0.0,0.0,2.292258,0.0,0.0,0.8180862,0.22594397,0.0,1.7903433,0.5633086,2.7518964,0.0,0.0,0.31755832,0.0,0.80976796,0.1655954,0.6120609,0.0,0.0,2.4957848,0.0,0.0,0.0,1.9784852,0.0,0.0,0.0,0.81363535,0.0,0.0,0.024691097,0.14277306,0.0,0.0,2.7722144,0.0,0.0,0.2428492,0.0,0.0,0.0,0.0,0.23494099,0.0,1,1,0.98581064,classical,classical
0.0,0.0,1.297533,0.0,2.0617387,1.0208727,0.59522027,0.05582048,0.0,0.0,0.24440055,0.0,0.0,0.0,0.0,0.749507,0.0,0.0,0.0,1.1839968,0.5303605,0.0,0.0,0.0,0.0,0.0,0.0,0.0,0.89092934,0.0,1.2203223,0.0,0.67420924,0.0,1.4849275,0.0,0.0,0.39323023,0.32474992,0.0,0.0,0.0,1.1796983,0.78977793,1.3579713,0.0,0.35692266,0.0,0.0,0.0,0.79428864,0.0,0.7044076,0.30752543,0.0,0.0,0.0,0.0,0.0,0.0,0.7998361,1.7641172,0.0,0.0,0.0,0.0,0.0,0.0,0.0,0.0,0.0,0.0,0.0,0.0,0.41749454,2.1247013,0.0,0.46563217,0.8904233,0.0,0.0,0.0,0.6231917,0.0,0.0,1.8377868,0.0,0.0,0.117534734,0.0,0.17950682,1.2776085,0.6230697,2.0581286,0.0,0.0,0.193964,0.0,0.7418639,0.0,0.3064038,0.0,0.0,1.5193437,0.0,0.0,0.0,2.0692968,0.0,0.0,0.0,0.40981913,0.0,0.0,0.0,0.41280794,0.0,0.0,2.3799891,0.0,0.0,0.0,0.0,0.0,0.0,0.0,0.26585227,0.0,1,1,0.94420147,classical,classical
0.0,0.0,0.93230236,0.0,0.5495245,0.3744717,1.3771263,0.08719183,0.0,0.0,0.0,0.854937,0.0,0.0,0.0,0.87660617,0.0,0.0,0.0,0.75792754,0.0,0.0,0.0,0.0,0.0,0.0,0.0,0.0,0.87869895,0.0,0.068317205,0.0,0.0,0.0,1.5904108,0.0,0.0,1.3098735,0.0,0.0,0.0,0.0,1.3390887,0.04061808,0.6162134,0.032414548,1.7874026,0.052526176,0.0,0.6420574,1.2170733,0.0,0.0,0.0,0.0,0.0,0.56942326,0.0,0.0,0.0,1.577363,1.2213275,0.0,0.0,0.0,0.0,0.0,0.0,0.0,0.0,0.0,0.10078027,0.0,0.0,0.0,1.6431329,0.0,0.0,0.5821832,0.0,0.0,0.0,1.6506628,0.0,0.0,1.1016672,0.0,0.0,0.7380535,0.15046804,0.0,1.2353199,0.7426472,0.7170644,0.0,0.0,0.50500095,0.0,1.8316056,0.0033833524,0.7931389,0.0,0.2491592,1.9574012,0.41350394,0.27868488,0.0,1.671372,0.043282896,0.0,0.0,0.57059205,0.43400082,0.0,0.0,0.18735224,0.0,0.0,1.466225,0.0,0.0,0.0,0.0,0.0,0.0,0.0,0.6860559,0.0,1,1,0.9360119,classical,classical
0.0,0.0,0.7151558,0.0,0.0,0.5537421,1.8146319,0.1310453,0.0,0.0,0.0,1.0263948,0.17269273,0.0,0.0,1.3449801,0.0,0.0,0.0,0.5250331,0.0,0.0,0.0,0.0,0.67709816,0.0,0.0,0.0,0.99991417,0.0,0.0,0.0,0.0,0.0,0.9693955,0.0,0.0,1.3834175,0.0,0.0,0.0,0.0,0.9818208,0.36731032,0.52985084,0.26887664,1.8181645,0.48590496,0.0,0.30170977,1.4333075,0.0,0.0,0.0,0.0,0.0,1.2576479,0.0,0.0,0.0,1.6101623,0.9828272,0.0,0.0,0.0,0.0,0.0,0.0,0.0,0.0,0.0,0.7812478,0.0,0.0,0.024687719,0.85742664,0.0,0.0,0.3985071,0.0,0.0,0.0,1.7553159,0.0,0.0,0.42395452,0.0,0.0,0.9903493,0.0,0.0,1.1216848,0.8841927,0.5945285,0.0,0.0,0.5497254,0.0,2.1050212,0.0,1.0459759,0.0,0.10010091,1.9156516,0.5298162,0.45526427,0.0,1.0684643,0.46156377,0.0,0.0,0.61695325,0.15873615,0.0,0.0,0.0,0.0,0.0,0.7488078,0.0,0.0,0.36233947,0.0,0.0,0.0,0.1458231,0.6989505,0.0,1,1,0.8989158,classical,classical
0.0,0.0,1.487941,0.0,0.3154506,0.62302524,2.0601287,0.40673286,0.0,0.0,0.0,1.2770288,0.0,0.0,0.0,1.3845149,0.0,0.0,0.0,0.5582213,0.0,0.0,0.0,0.0,1.0211244,0.0,0.0,0.0,1.249251,0.0,0.0,0.0,0.0,0.0,1.9194695,0.0,0.0,1.7064475,0.0,0.0,0.0,0.0,1.013644,0.49755406,0.47679213,0.0,1.6775169,0.89512306,0.0,0.0,1.9730464,0.0,0.0,0.0,0.0,0.0,0.8889638,0.0,0.0,0.0,1.8157599,1.7402251,0.0,0.0,0.0,0.0,0.0,0.0,0.0,0.0,0.0,0.0,0.0,0.0,0.30933022,1.1261312,0.0,0.0,0.30086413,0.0,0.0,0.0,2.106207,0.0,0.0,0.3666636,0.13220218,0.0,1.5587056,0.0,0.0,0.98152494,1.5247474,0.8360701,0.0,0.0,0.64727384,0.0,2.4519017,0.0,0.7455021,0.0,0.0,2.035971,0.3491549,0.21944457,0.0,0.80115116,0.0,0.0,0.0,0.5515776,0.08849406,0.0,0.0,0.0,0.0,0.0,1.6875271,0.0,0.0,0.5752342,0.0,0.0,0.0,0.0,0.8717989,0.0,1,1,0.9550744,classical,classical
0.0,0.0,1.594475,0.0,0.42133814,0.88234216,1.6583194,1.341813,0.0,0.0,0.0,0.0,0.0,0.114392936,0.0,1.2921463,0.0,0.0,0.0,0.23650521,1.0280958,0.0,0.0,0.0,0.0,0.0,0.0,0.0,1.4328126,0.0,0.2428239,0.0,0.33330002,0.0,0.63113993,0.0,0.057012312,1.4832045,0.0029252872,0.0,0.0,0.0,1.1789607,0.9869733,0.73018646,0.0,0.9208172,1.3878781,0.0,0.0,1.5009874,0.0,1.0677361,0.39381504,0.09376557,0.0,1.1839925,0.0,0.0,0.0,1.2177978,1.1907777,0.0,0.0,0.0,0.0,0.0,0.0,0.0,0.0,0.0,0.0,0.0,0.0,0.0,1.029612,0.0,0.16462968,1.5085198,0.0,0.0,0.0,1.502633,0.0,0.0,1.5398846,0.0,0.0,0.9634075,0.0,0.0,1.8729805,0.0,1.0579491,0.0,0.0,0.0,0.0,0.8929255,0.05966807,1.0499178,0.0,1.0449841,2.0513911,0.34895596,0.3379743,0.0,1.6284381,1.2131684,0.0,0.0,0.0,0.0,0.0,0.0,0.0,0.0,0.0,2.5134742,0.0,0.0,0.0,0.0,0.0,0.0,0.0,0.4771857,0.0,1,1,0.9684088,classical,classical
0.0,0.0,1.9563065,0.0,0.0,1.2300142,1.064109,1.3653573,0.0,0.0,0.0,0.0,0.0,0.20652267,0.0,1.5530216,0.0,0.0,0.0,1.5158545,1.3837327,0.0,0.0,0.0,0.0,0.0,0.0,0.0,1.8158925,0.0,0.20549245,0.0,0.31251374,0.0,0.0,0.0,0.3245725,1.5125657,0.0,0.0018628975,0.06605019,0.0,1.0000031,1.2397819,0.8731818,0.0,1.3503907,1.051864,0.0,0.0,0.5553724,0.0,0.47984636,0.0,0.05462592,0.0,1.3302892,0.0,0.0,0.0,1.6651386,1.2855278,0.0,0.0,0.0,0.0,0.0,0.0,0.0,0.0,0.0,0.0,0.0,0.0,0.0,0.6783384,0.0,0.0,0.9902577,0.0,0.0,0.0,0.624337,0.0,0.0,1.4447403,0.08171667,0.0,0.28772652,0.28000596,0.0,2.573914,0.28195226,0.8588664,0.0,0.0,0.0,0.0,1.2043517,0.0,1.1990477,0.0,1.1154482,2.5269427,0.028493796,0.11209592,0.0,1.6636289,0.74882835,0.0,0.0,0.63094497,0.0,0.36063772,0.0,0.0,0.0,0.0,2.5029898,0.0,0.0,0.0,0.0,0.0,0.0,0.0,0.4649483,0.0,1,1,0.96181685,classical,classical
0.0,0.0,1.384929,0.0,0.5991992,0.7978445,0.9634399,1.2556168,0.0,0.0,0.0,0.25966206,0.0,0.0,0.0,2.2650928,0.0,0.0,0.0,1.9945502,0.29967165,0.0,0.0,0.0,0.0,0.0,0.0,0.0,2.1906471,0.0,0.0,0.0,0.49898374,0.0,0.7135926,0.0,0.0,1.5885868,0.0,0.0,0.0,0.0,0.91258454,1.5574318,1.5796841,0.0,0.8704527,0.86881405,0.0,0.0,1.253082,0.0,0.1413703,0.42803702,0.0,0.0,0.88062197,0.0,0.0,0.0,1.9286941,2.4985058,0.15268779,0.0,0.0,0.0,0.0,0.0,0.0,0.0,0.0,0.0,0.0,0.0,0.0,1.0656823,0.0,0.27712697,0.0,0.0,0.0,0.0,0.9485387,0.0,0.0,2.007428,0.0,0.0,0.7374545,0.68170273,0.0,2.6875606,0.99882543,1.3902519,0.0,0.0,0.0,0.0,0.99489063,0.0,0.2974411,0.0,0.8152284,1.884581,0.19138925,0.0,0.0,1.6619941,1.2323886,0.0,0.0,1.576739,0.0,0.0,0.0,0.0,0.0,0.0,2.3303204,0.0,0.0,0.0,0.0,0.0,0.0,0.0,0.8159261,0.0,1,1,0.9862428,classical,classical
0.0,0.0,1.362022,0.0,0.90878433,1.1100166,1.19346,1.3289129,0.0,0.0,0.0,0.06999081,0.0,0.0,0.0,1.5313042,0.0,0.0,0.0,1.4953699,0.61809194,0.0,0.0,0.0,0.0,0.0,0.0,0.0,1.5985568,0.0,0.0,0.0,0.81702095,0.0,0.5632128,0.0,0.0,1.493894,0.0,0.0,0.0,0.0,0.9277875,1.791371,0.89485765,0.0,0.89422596,1.0871854,0.0,0.0,1.0323597,0.0,0.50059813,0.549397,0.0,0.0,1.0828375,0.0,0.0,0.0,1.2067893,1.5851873,0.0,0.0,0.0,0.0,0.0,0.0,0.0,0.0,0.0,0.0,0.0,0.0,0.0,1.0779821,0.0,0.0,0.29339635,0.0,0.0,0.0,0.88730997,0.0,0.0,1.6655462,0.0,0.0,0.7218119,0.7368171,0.0,1.7647971,1.0090375,1.1652329,0.0,0.0,0.0,0.0,0.903646,0.091908716,0.44909254,0.0,1.0112499,2.1691177,0.43224618,0.0,0.0,1.6894792,0.7494667,0.0,0.0,1.1226503,0.0,0.49926394,0.0,0.0,0.0,0.0,2.2160337,0.0,0.0,0.0,0.0,0.0,0.0,0.0,0.37590674,0.0,1,1,0.9776723,classical,classical
0.0,0.0,1.2502991,0.0,0.1375651,1.0917189,1.4687448,1.28886,0.0,0.0,0.0,0.0,0.0,0.34693384,0.0,1.8036674,0.0,0.0,0.0,0.9465663,1.4511769,0.0,0.0,0.0,0.11114934,0.0,0.0,0.0,1.5867686,0.0,0.0,0.0,0.45289874,0.0,0.3671171,0.0,0.037098084,1.2026845,0.0,0.0,0.0,0.0,1.3725555,1.7392609,0.5637775,0.0,1.2707409,1.9142156,0.0,0.0,1.0918312,0.0,0.4245142,0.49452996,0.28014264,0.0,1.3698394,0.0,0.0,0.0,0.85905147,0.95287126,0.0,0.0,0.0,0.0,0.0,0.0,0.0,0.0,0.0,0.0,0.0,0.0,0.0,0.536327,0.0,0.0,1.138108,0.0,0.0,0.0,1.1924305,0.0,0.0,1.6346352,0.0,0.0,0.6863539,0.24636008,0.0,1.8129973,0.2176928,0.8201963,0.0,0.0,0.0,0.0,1.108495,0.25658882,1.2603796,0.0,1.2680031,2.6896355,0.43987378,0.64091617,0.0,1.6691566,1.4183283,0.0,0.0,0.7223591,0.0,0.31162307,0.0,0.0,0.0,0.0,2.4280539,0.0,0.0,0.0,0.0,0.0,0.0,0.0,0.4828394,0.0,1,1,0.95947725,classical,classical
0.0,0.0,0.9766691,0.0,0.18156603,0.0,1.3040648,0.0,0.0,0.0,0.0,1.580361,0.0,0.0,0.0,1.3823556,0.0,0.0,0.0,0.0,0.0,0.0,0.0,0.0,0.0,0.0,0.0,0.7695921,0.45913902,0.0,0.0,0.0,0.0,0.0,1.581966,0.0,0.62900645,0.9441574,0.4920751,0.0,0.0,0.0,0.0,0.32682064,1.2889131,0.0,1.4871253,1.0917476,0.0,0.3904612,0.34615293,0.0,0.0,1.5432223,1.1241922,0.0,1.5426452,0.0,0.0,0.0,1.8003124,1.0820711,0.0,0.0,0.0,0.0,0.0,0.0,0.0,0.0,0.0,0.74500906,0.0,0.0,0.0,1.4903867,0.7763662,0.33908373,0.092119776,0.0,0.0,0.0,0.561846,0.050672606,0.3579226,0.3400105,0.0,0.0,2.5302916,0.0,0.0,1.2919449,0.58684427,0.67059356,0.0,0.0,0.0,0.0,1.9568114,0.50700366,1.1251991,0.0,0.14989582,2.6321676,0.64491695,0.11235428,0.0,1.2614075,0.0,0.0,0.0,0.0,1.2597595,0.0,0.0,0.40493342,0.0,0.0,1.4261858,0.0,0.0,0.0,0.0,0.0,0.0,0.11487365,0.5840107,0.0,1,1,0.94912773,classical,classical
0.0,0.0,1.1445289,0.0,1.1410235,0.0,0.96833634,0.10459366,0.0,0.0,0.0,1.7039132,0.0,0.0,0.0,1.5779757,0.0,0.0,0.0,0.0,0.0,0.0,0.0,0.0,0.0,0.0,0.0,0.0683587,0.634185,0.0,0.0,0.0,0.58581805,0.0,1.9494369,0.0,0.0,0.86015296,0.6799967,0.0,0.0,0.0,0.0,0.26536542,1.6901911,0.0,1.5077256,0.69499946,0.0,0.0281543,1.0507184,0.0,0.16644314,1.7204139,0.4016777,0.0,0.52827054,0.0,0.0,0.0,1.3264213,1.6317189,0.0,0.0,0.0,0.0,0.0,0.0,0.0,0.0,0.0,0.0068482743,0.0,0.0,0.0,1.7857293,0.3224897,0.70149845,0.34068498,0.0,0.0,0.0,0.7265103,0.0,0.0,0.90856504,0.0,0.0,1.9994707,0.27193972,0.3828497,1.3451253,0.6818903,1.5011183,0.0,0.0,0.1929071,0.0,1.4301926,0.039466284,0.9439216,0.0,0.1588285,2.552173,0.0,0.0,0.0,1.2194923,0.0,0.0,0.0,0.0,0.93314356,0.0,0.0,0.45288402,0.0,0.0,2.393219,0.0,0.0,0.0,0.0,0.0,0.0,0.0,0.98840046,0.0,1,1,0.9713897,classical,classical
0.0,0.0,1.7508173,0.0,2.4814506,0.3760001,1.1117146,0.5898532,0.0,0.0,0.0,1.7491577,0.0,0.0,0.0,1.7990124,0.0,0.0,0.0,0.83314556,0.17929864,0.0,0.0,0.0,0.0,0.0,0.0,0.0,0.91376626,0.0,0.46120217,0.0,0.72821355,0.0,2.011636,0.0,0.0,0.89245254,1.8336482,0.7057871,0.0,0.0,0.12681955,0.41812027,2.277245,0.0,0.7348158,0.0,0.0,0.0,1.3629646,0.0,0.9589984,1.4931359,0.020746324,0.0,0.030746564,0.0,0.0,0.0,1.1261203,2.8115416,0.0,0.0,0.0,0.0,0.0,0.0,0.0,0.0,0.0,0.0,0.0,0.0,0.0,1.6422694,0.054431323,0.87368596,0.13284211,0.0,0.0,0.0,0.69139725,0.0,0.0,1.223684,0.0,0.0,2.3299222,0.0,1.2696112,1.8891377,0.24629743,2.4137177,0.0,0.0,0.0,0.0,0.25933832,0.0,0.53616786,0.0,0.7648039,1.6163851,0.46159393,0.0,0.0,1.1796856,0.36766654,0.0,0.0,0.08124944,0.0,0.27550432,0.0,0.24306008,0.0,0.0,2.8459888,0.0,0.0,0.0,0.0,0.0,0.0,0.0,1.8661003,0.0,1,1,0.9721315,classical,classical
0.0,0.0,0.9285485,0.0,1.5523362,0.0,0.82442486,0.015459845,0.0,0.0,0.0,1.7303216,0.0,0.0,0.0,1.4746848,0.0,0.0,0.0,1.1496418,0.0,0.0,0.0,0.0,0.0,0.0,0.0,0.26432967,0.6266679,0.0,0.253432,0.0,0.88042927,0.0,1.8733671,0.0,0.0,1.2600343,0.7448655,0.0,0.0,0.0,0.24880415,0.2871907,1.3608161,0.0,0.94083446,0.07536627,0.0,0.20662782,0.8729936,0.0,0.20376404,0.26436004,0.0,0.0,0.0,0.0,0.0,0.0,1.1132842,1.5640651,0.0,0.0,0.0,0.0,0.0,0.0,0.0,0.0,0.0,0.0,0.0,0.0,0.0,1.3498746,0.0,0.94833547,0.17437543,0.0,0.0,0.0,1.8934337,0.0,0.0,1.3086046,0.0,0.0,1.6580245,0.0,0.0,1.4500537,0.7037896,0.84144115,0.0,0.0,0.77589387,0.0,0.6257864,0.0,0.37087193,0.0,0.0,1.8333548,0.31938687,0.0,0.0,0.7403076,0.0,0.0,0.0,0.36435652,0.13134384,0.0,0.0,0.49498594,0.0,0.0,1.8716697,0.0,0.0,0.0,0.0,0.0,0.0,0.0,0.9714697,0.0,1,1,0.93028945,classical,classical
0.0,0.0,1.3672217,0.0,0.62403035,0.16148579,0.7637136,0.43857026,0.0,0.0,0.0,0.9256577,0.0,0.0,0.0,1.1809609,0.0,0.0,0.0,0.78647006,0.8324466,0.0,0.0,0.0,0.0,0.0,0.0,0.06231831,0.21553597,0.0,0.3326982,0.0,0.80262417,0.0,1.3466257,0.0,0.0,1.2797415,0.018837903,0.0,0.0,0.0,1.1881118,0.43105265,0.93221045,0.0,1.6293643,0.9954554,0.0,0.27041113,0.43766686,0.0,0.56729025,0.0,0.23588291,0.0,1.0725139,0.0,0.0,0.0,1.2302188,1.1624179,0.0,0.0,0.0,0.0,0.0,0.0,0.0,0.0,0.0,0.30809948,0.0,0.0,0.0,0.8468954,0.0,0.9459274,0.10033702,0.0,0.0,0.0,2.063561,0.0,0.0,1.0041255,0.0,0.0,1.3595607,0.0,0.0,1.5237372,0.5147227,0.0,0.0,0.0,0.8843335,0.0,1.0457661,0.0,0.1738079,0.0,0.0,1.7736591,0.25745615,0.0,0.0,0.91091377,0.25258616,0.0,0.0,0.68213284,0.2753253,0.0,0.0,1.0783275,0.0,0.0,1.7961785,0.0,0.0,0.0,0.0,0.0,0.0,0.0,0.33488345,0.0,1,1,0.94409573,classical,classical
0.0,0.0,1.9360356,0.0,1.8712424,0.914468,1.2374792,0.0,0.0,0.57425714,0.3604284,1.1532491,0.0,0.0,0.0,1.5020262,0.0,0.0,0.0,1.6269598,1.1158813,0.0,0.0,0.0,0.0,0.0,0.0,0.34212685,0.58878696,0.0,2.0989382,0.0,0.6498236,0.0,1.7935863,0.0,0.0,1.8872877,1.1316769,0.0,0.0,0.0,2.2827444,0.20764811,1.9462122,0.0,0.9405691,0.79586357,0.0,1.3623843,0.8744951,0.0,0.5284938,0.63718027,0.42534435,0.0,0.7759125,0.0,0.0,0.0,1.0768825,2.579536,0.0,0.0,0.0,0.0,0.0,0.0,0.0,0.0,0.0,0.0,0.0,0.0,0.0,1.3778197,0.092312545,1.092131,0.0,0.0,0.0,0.0,1.7675288,0.0,0.0,1.5629996,0.0,0.0,2.1561716,0.0,0.0,2.458404,0.0,1.6070333,0.0,0.0,1.2959462,0.0,1.0546216,0.0,0.59335667,0.0,0.35378,2.005209,1.2049192,0.41692817,0.0,1.5853077,0.0,0.0,0.0,0.40761727,0.0,0.0,0.0,0.51983523,0.0,0.0,2.384886,0.0,0.0,0.0,0.0,0.0,0.0,0.0,0.66070795,0.0,1,1,0.9942585,classical,classical
0.0,0.0,1.5940834,0.0,1.3063434,0.6817118,1.2722536,0.0,0.0,0.52860165,0.097496614,0.92962295,0.0,0.0,0.0,1.5718243,0.0,0.0,0.0,1.5666552,1.2717835,0.0,0.0,0.0,0.0,0.0,0.0,0.093309745,0.8242353,0.0,1.534962,0.0,0.4042878,0.0,1.8328242,0.0,0.0,1.6442566,0.97179985,0.0,0.0,0.0,2.3312225,0.03596877,2.2777922,0.0,1.0600878,0.439985,0.0,1.2461122,0.6144321,0.0,0.91348094,0.5101092,0.47481373,0.0,0.9854632,0.0,0.0,0.0,1.1244134,2.2187746,0.0,0.0,0.0,0.0,0.0,0.0,0.0,0.0,0.0,0.0,0.0,0.0,0.23204233,1.6324644,0.0,0.70353246,0.087593615,0.0,0.0,0.0,1.8524724,0.0,0.0,1.6014979,0.0,0.0,2.002561,0.0,0.0,2.4625626,0.0,1.4015684,0.0,0.0,1.3869017,0.0,1.3445423,0.0,0.5254123,0.0,0.2030173,1.955685,0.99111265,0.106981486,0.0,1.5733416,0.0,0.0,0.0,0.23158686,0.0,0.0,0.0,0.48100644,0.0,0.0,2.1344345,0.0,0.0,0.0,0.0,0.0,0.0,0.0,0.7465973,0.0,1,1,0.9938112,classical,classical
0.0,0.0,1.3280492,0.0,1.0767903,0.7710645,1.157616,0.0,0.0,0.52404785,0.11299984,0.8310336,0.0,0.0,0.0,1.6560421,0.0,0.0,0.0,1.2793232,1.0779309,0.0,0.0,0.0,0.0,0.0,0.0,0.0,1.003161,0.0,1.260133,0.0,0.36992356,0.0,1.6335334,0.0,0.0,1.6000746,0.88233805,0.0,0.0,0.0,2.1911466,0.0709814,2.3970308,0.0,0.8518191,0.39732018,0.0,1.116093,0.44171694,0.0,1.310446,0.8288301,0.79165286,0.0,1.0369406,0.0,0.0,0.0,1.2748966,2.287117,0.0,0.0,0.0,0.0,0.0,0.0,0.0,0.0,0.0,0.0,0.0,0.0,0.17987457,1.4680035,0.0,0.46187976,0.49880022,0.0,0.0,0.0,1.6974126,0.0,0.0,1.4861213,0.0,0.0,2.0326877,0.0,0.0,2.5893023,0.0,1.7304347,0.0,0.0,1.5643554,0.0,1.1663606,0.0,0.6486791,0.0,0.19180574,1.8717347,0.9533783,0.104534596,0.0,1.8735069,0.0,0.0,0.0,0.0,0.0,0.0,0.0,0.28512105,0.0,0.0,2.1668468,0.0,0.0,0.0,0.0,0.0,0.0,0.0,1.2476422,0.0,1,1,0.9942305,classical,classical
0.0,0.0,1.5884393,0.0,1.5418295,1.0915323,1.1266279,0.0,0.0,0.34870812,0.120145254,0.95399517,0.0,0.0,0.0,1.4101566,0.0,0.0,0.0,1.2186968,0.9591045,0.0,0.0,0.0,0.0,0.0,0.0,0.0,0.867064,0.0,1.4801214,0.0,0.47817183,0.0,1.5965121,0.0,0.0,1.7832564,0.8498936,0.0,0.0,0.0,2.15594,0.0,2.3540506,0.0,1.0441978,0.28043854,0.0,1.2174698,0.60297537,0.0,1.367852,0.69772786,0.4970723,0.0,0.8712535,0.0,0.0,0.0,1.1817206,2.6346679,0.0,0.0,0.0,0.0,0.0,0.0,0.0,0.0,0.0,0.0,0.0,0.0,0.4969923,1.4494599,0.0,0.77116984,0.11710044,0.0,0.0,0.0,1.5836284,0.0,0.0,1.1352317,0.0,0.0,2.161454,0.0,0.0,2.6194167,0.0,1.9491026,0.0,0.0,1.6960367,0.0,0.7203342,0.050018333,0.5206849,0.0,0.38318288,1.6934294,1.1322074,0.43779266,0.0,1.6101191,0.0,0.0,0.0,0.0,0.0,0.0,0.0,0.43951923,0.0,0.0,2.4593003,0.0,0.0,0.0,0.0,0.0,0.0,0.0,1.2575488,0.0,1,1,0.9918172,classical,classical
0.0,0.0,2.5104997,0.0,1.734973,0.41127053,1.3025258,0.0,0.0,0.15848665,0.0,1.0089242,0.0,0.0,0.0,1.2900484,0.0,0.0,0.0,1.0816833,0.49352077,0.0,0.0,0.0,0.0,0.0,0.0,0.0,0.78592646,0.0,1.8784326,0.0,0.0,0.0,2.111386,0.0,0.0,1.327257,1.2343924,0.0,0.0,0.0,1.8788933,0.0,2.657999,0.0,0.98791575,0.569116,0.0,0.9109452,1.1823554,0.0,1.9266672,0.7490436,0.51500165,0.0,0.61481285,0.0,0.0,0.0,0.82806814,2.7378602,0.0,0.0,0.0,0.0,0.0,0.0,0.0,0.0,0.0,0.0,0.0,0.0,0.5658562,2.0392056,0.0,0.98180205,0.0,0.0,0.0,0.0,1.6091614,0.0,0.0,1.6781524,0.0,0.0,2.5146005,0.0,0.0,2.7096307,0.0,1.9549613,0.0,0.0,0.8289246,0.0,0.9526149,0.0,0.99500656,0.0,0.14660357,2.181487,1.1180161,0.096007526,0.0,1.9097441,0.0,0.0,0.0,0.0,0.0,0.0,0.0,0.71223116,0.0,0.0,3.0991328,0.0,0.0,0.0,0.0,0.0,0.0,0.0,0.78271157,0.0,1,1,0.99684095,classical,classical
0.0,0.0,1.3197601,0.0,0.46859428,0.18301697,1.2342106,0.0,0.0,0.3998577,0.0,1.2204546,0.0,0.0,0.0,0.95921135,0.0,0.0,0.0,0.2088514,0.27074993,0.0,0.0,0.0,0.0,0.0,0.0,0.011587951,1.1725478,0.0,0.50698996,0.0,0.11188363,0.0,1.5020399,0.0,0.0,0.6451733,0.07532912,0.0,0.0,0.0,2.0814157,0.0,1.7669188,0.0,1.4570044,0.53093886,0.0,0.7908688,0.7753869,0.0,1.2799766,0.5657349,0.61520886,0.0,0.6729303,0.0,0.0,0.0,1.5365462,1.4997289,0.0,0.0,0.0,0.0,0.0,0.0,0.0,0.0,0.0,0.112369254,0.0,0.0,0.2253749,2.0778327,0.0,0.0,0.9700327,0.0,0.0,0.0,1.5053816,0.0,0.0,1.8140175,0.0,0.0,1.5521306,0.22459964,0.0,2.509377,0.0,0.72351736,0.0,0.0,0.65095586,0.0,1.7446661,0.0,0.9742417,0.0,0.12427573,1.1246119,0.53315437,0.5007235,0.0,2.1768134,0.0,0.0,0.0,0.0,0.79775506,0.0,0.0,0.37874132,0.0,0.0,1.6901693,0.0,0.0,0.0,0.0,0.0,0.0,0.0,1.2902129,0.0,1,1,0.9842008,classical,classical
0.0,0.0,1.479643,0.0,0.5257077,0.7196561,1.4572419,0.24510227,0.0,0.43607163,0.0,0.75341165,0.0,0.0,0.0,1.0062958,0.0,0.0,0.0,0.5273226,0.7786492,0.0,0.0,0.0,0.0,0.0,0.0,0.0,1.4519813,0.0,0.1185621,0.0,0.47346908,0.0,1.5570637,0.0,0.0,0.9090743,0.29802135,0.0,0.0,0.0,2.197305,0.0,1.6383346,0.0,1.5284215,0.8788178,0.0,0.6415369,0.6135515,0.0,1.3978492,0.4833025,0.76957756,0.0,0.96731865,0.0,0.0,0.0,1.6872513,1.271163,0.0,0.0,0.0,0.0,0.0,0.0,0.0,0.0,0.0,0.18594481,0.0,0.0,0.0,1.8322723,0.0,0.28505373,0.94009787,0.0,0.0,0.0,1.078349,0.0,0.0,1.6231308,0.0,0.0,1.6106766,0.0,0.0,2.751002,0.0,0.5140017,0.0,0.0,1.0087984,0.0,1.3210106,0.0,0.6054528,0.0,0.61116964,0.88038605,0.4687637,0.32680175,0.0,1.5252764,0.0,0.0,0.0,0.0,0.20059907,0.0,0.0,0.1687038,0.0,0.0,1.8187566,0.0,0.0,0.0,0.0,0.0,0.0,0.0,1.5197146,0.0,1,1,0.98321277,classical,classical
0.0,0.0,1.105924,0.0,0.09745631,0.9456887,1.6065085,0.79510534,0.0,0.53222305,0.0,0.48986396,0.0,0.0,0.0,0.90662503,0.0,0.0,0.0,0.76347345,0.69237065,0.0,0.0,0.0,0.0,0.0,0.0,0.0,1.2530084,0.0,0.0,0.0,1.0382448,0.0,0.71159315,0.0,0.23441054,1.2268524,0.0,0.0,0.0,0.0,1.7618035,0.0,1.2732482,0.17313337,1.6172025,0.82838976,0.0,0.20230293,0.8387271,0.0,0.82657987,0.24442479,0.44227806,0.0,1.3520337,0.0,0.0,0.0,2.179416,0.56377643,0.0,0.0,0.15798712,0.0,0.0,0.0,0.0,0.0,0.0,0.6048648,0.0,0.0,0.0,1.4727566,0.0,0.0,0.43738666,0.0,0.0,0.0,0.7799199,0.0,0.0,1.2654948,0.0,0.0,1.1432427,0.0,0.0,1.9048119,0.0,0.22762834,0.0,0.0,1.3381268,0.0,1.4754734,0.24374941,0.78293353,0.0,0.9296928,0.9505434,0.80475354,0.6082297,0.0,1.2555254,1.0362756,0.0,0.0,0.44549006,0.0,0.0,0.0,0.0,0.0,0.0,1.3638381,0.0,0.0,0.0,0.0,0.0,0.0,0.0,1.4685804,0.0,1,1,0.95160335,classical,classical
0.0,0.0,1.3904017,0.0,0.6181675,0.46596274,1.3866262,0.3892775,0.0,0.66164935,0.0,0.3426571,0.0,0.0,0.0,0.9981225,0.0,0.0,0.0,0.82289875,0.94375646,0.0,0.0,0.0,0.0,0.0,0.0,0.0,1.0537475,0.0,0.57071567,0.0,0.52133924,0.0,1.0707378,0.0,0.04681955,0.96654487,0.20611788,0.0,0.0,0.0,2.450534,0.0021220592,1.6924976,0.0,1.8256282,0.90740633,0.0,0.66165763,0.24577157,0.0,1.2676873,0.4091979,0.7679422,0.0,1.2664137,0.0,0.0,0.0,1.620723,1.1456431,0.0,0.0,0.0,0.0,0.0,0.0,0.0,0.0,0.0,0.25284755,0.0,0.0,0.0,1.5633119,0.0,0.0,0.6557975,0.0,0.0,0.0,1.1802474,0.0,0.0,1.6936361,0.0,0.0,1.7283016,0.0,0.0,2.819884,0.0,0.6716931,0.0,0.0,1.1165215,0.0,1.8824041,0.0,0.49622223,0.0,0.444156,1.1872568,0.11509588,0.4411009,0.0,1.4522318,0.58769614,0.0,0.0,0.0,0.16106439,0.0,0.0,0.26956278,0.0,0.0,1.7921054,0.0,0.0,0.0,0.0,0.0,0.0,0.0,1.4023069,0.0,1,1,0.98531634,classical,classical
0.0,0.0,1.5001101,0.0,0.9658256,0.68552953,1.7525223,0.40819603,0.0,0.67257524,0.0,0.6777355,0.0,0.0,0.0,0.979803,0.0,0.0,0.0,0.7881875,1.1266963,0.0,0.0,0.0,0.0,0.0,0.0,0.0,1.1162893,0.0,0.93517447,0.0,0.6636402,0.0,1.4065442,0.0,0.018973958,1.2682446,0.62444293,0.0,0.0,0.0,2.1901152,0.0,1.8147733,0.0,1.5073627,0.5465928,0.0,0.55441403,0.2927155,0.0,1.1460454,0.38124537,0.6138011,0.0,1.2772065,0.0,0.0,0.0,1.2965627,1.3645781,0.0,0.0,0.0,0.0,0.0,0.0,0.0,0.0,0.0,0.16834578,0.0,0.0,0.20003317,1.4546181,0.0,0.0,0.33070138,0.0,0.0,0.0,1.3424823,0.0,0.0,1.7513782,0.0,0.0,1.6789643,0.0,0.0,2.5891979,0.0,1.0151361,0.0,0.0,0.95868605,0.0,1.4983478,0.0,0.2357239,0.0,0.2697671,1.0479407,0.025986414,0.25012222,0.0,1.224244,0.0,0.0,0.0,0.0,0.054916095,0.0,0.0,0.44128737,0.0,0.0,1.9913574,0.0,0.0,0.0,0.0,0.0,0.0,0.0,1.0992086,0.0,1,1,0.9849244,classical,classical
0.0,0.0,0.6195898,0.0,1.7441775,1.197235,1.9952923,0.7385567,0.0,0.0,0.20089486,0.47317806,0.0,0.0,0.0,0.46656615,0.0,0.0,0.0,1.438002,0.0,0.0,0.0,0.0,0.0,0.0,0.0,0.0,0.72100127,0.0,0.9158371,0.0,0.5510282,0.0,1.2005278,0.0,0.0,1.0362917,2.1883237,0.07346767,0.0,0.0,1.0338528,0.0,1.3106197,0.23988533,0.37954625,0.0,0.0,0.40328676,1.5454563,0.0,1.2431479,0.46824726,0.22965674,0.0,0.51070654,0.0,0.0,0.0,0.27170292,2.720374,0.0,0.0,0.0,0.0,0.0,0.0,0.0,0.0,0.0,0.0,0.0,0.0,0.0,1.6455996,0.0,1.2765644,0.95369655,0.0,0.0,0.0,0.9126744,0.0,0.0,1.6825136,0.0,0.0,1.3796418,0.0,1.0627713,1.474572,0.0,1.9655443,0.0,0.0,0.0,0.0,1.210693,0.016464233,0.3692751,0.0,1.2091205,1.4454213,0.8401313,0.47450525,0.0,0.6929466,0.0,0.0,0.0,0.0,0.0,0.30922633,0.0,0.22864899,0.0,0.0,2.7836318,0.0,0.0,0.0,0.0,0.0,0.0,0.0,0.4822862,0.0,1,1,0.9196678,classical,classical
0.0,0.0,0.9533701,0.0,1.6464163,1.0509363,2.1832783,0.38899955,0.0,0.0,0.35022867,0.54509664,0.0,0.0,0.0,0.7588553,0.0,0.0,0.0,1.6341625,0.19504148,0.0,0.0,0.0,0.0,0.0,0.0,0.0,0.7741337,0.0,0.99706846,0.0,0.6483194,0.0,1.1673622,0.0,0.0,0.7614514,1.9865582,0.0,0.0,0.0,1.359255,0.0,2.0937538,0.0,0.409079,0.0,0.0,0.32328254,1.05905,0.0,1.7869672,0.2691892,0.20113316,0.0,0.51745397,0.0,0.0,0.0,0.42507797,2.79326,0.0,0.0,0.0,0.0,0.0,0.0,0.0,0.0,0.0,0.0,0.0,0.0,0.0,2.1984766,0.0,0.8902767,1.2590046,0.0,0.0,0.0,1.062363,0.0,0.0,2.1014838,0.0,0.0,0.9176015,0.0,0.5582105,1.9635173,0.0,1.8200668,0.0,0.0,0.0,0.0,1.4558579,0.0,0.7452416,0.0,0.989342,1.7849567,0.81737787,0.34960002,0.0,1.0132802,0.0,0.0,0.0,0.0,0.0,0.36617818,0.0,0.24817684,0.0,0.0,2.8258276,0.0,0.0,0.0,0.0,0.0,0.0,0.0,0.4778016,0.0,1,1,0.9683509,classical,classical
0.0,0.0,0.7676396,0.0,1.3716574,1.0425906,2.058136,0.09643564,0.0,0.0,0.07300351,0.0,0.0,0.0,0.0,0.44783148,0.0,0.0,0.0,1.3243104,0.15973738,0.0,0.0,0.0,0.0,0.0,0.0,0.0,1.0723925,0.0,0.82352567,0.0,0.120118126,0.0,0.67775446,0.0,0.0,0.5671165,1.8911214,0.0,0.0,0.0,0.90884763,0.11269707,1.9549412,0.0,0.15024635,0.58037305,0.0,0.36736625,0.5738845,0.0,1.6267147,0.43649903,0.0,0.0,1.2316513,0.0,0.0,0.0,0.5633015,2.4910364,0.0,0.0,0.0,0.0,0.0,0.0,0.0,0.0,0.0,0.0,0.0,0.0,0.0,1.9764098,0.0,0.3157242,1.7740092,0.0,0.0,0.0,0.980456,0.0,0.0,1.8337169,0.0,0.0,0.8177536,0.0,0.23727098,2.4444711,0.0,2.2895749,0.0,0.0,0.0,0.0,1.3001134,0.052046757,1.2913418,0.0,1.3310715,1.6147923,0.5284627,0.0,0.0,1.1326836,0.0,0.0,0.0,0.0,0.0,0.43133813,0.0,0.0,0.0,0.0,2.8345196,0.0,0.0,0.0,0.0,0.0,0.0,0.0,0.5241247,0.0,1,1,0.9522992,classical,classical
0.0,0.0,1.0568455,0.0,2.0086267,1.204347,1.6261622,0.39569414,0.0,0.0,0.2088463,0.11320882,0.0,0.0,0.0,0.744004,0.0,0.0,0.0,1.0972885,0.46641457,0.0,0.0,0.0,0.0,0.0,0.0,0.0,1.307179,0.0,1.1864228,0.0,0.0,0.0,0.9966273,0.0,0.0,0.4912813,1.5043482,0.0,0.0,0.0,1.1293125,0.30938053,1.7717304,0.0,0.19528879,0.6379324,0.0,0.8175551,0.80421114,0.0,1.7620772,0.67321175,0.0,0.0,1.3172522,0.0,0.0,0.0,0.62703073,2.4569829,0.0,0.0,0.0,0.0,0.0,0.0,0.0,0.0,0.0,0.0,0.0,0.0,0.0,1.6194592,0.0,0.7371858,0.98322535,0.0,0.0,0.0,1.1360894,0.0,0.0,1.9781216,0.0,0.0,1.2508138,0.1026292,0.0,2.4615018,0.0,2.5419059,0.0,0.0,0.0,0.0,1.3682259,0.0,1.271916,0.0,1.2241428,1.8947076,0.62180835,0.0,0.0,1.5647967,0.00593534,0.0,0.0,0.0,0.0,0.13729708,0.0,0.12924412,0.0,0.0,2.9987857,0.0,0.0,0.0,0.0,0.0,0.0,0.0,0.5893987,0.0,1,1,0.9825972,classical,classical
0.0,0.0,0.70419997,0.0,1.7000103,1.2249302,1.6009717,0.53665,0.0,0.0,0.32702687,0.2435643,0.0,0.0,0.0,0.41308883,0.0,0.0,0.0,1.101323,0.49272847,0.0,0.0,0.0,0.0,0.0,0.0,0.0,1.0994446,0.0,0.7302019,0.0,0.021105563,0.0,0.6543084,0.0,0.0,0.46186653,1.7451134,0.0,0.0,0.0,0.95855737,0.36502272,1.0382723,0.0,0.0,0.40270603,0.0,0.55596066,1.0729333,0.0,1.304463,0.54553103,0.0,0.0,1.1411151,0.0,0.0,0.0,0.6234728,2.5328825,0.0,0.0,0.0,0.0,0.0,0.0,0.0,0.0,0.0,0.0,0.0,0.0,0.0,1.4388491,0.0,0.93016803,1.0965598,0.0,0.0,0.0,1.0359713,0.0,0.0,1.6812198,0.0,0.0,1.0359787,0.0,0.47413996,1.5777575,0.0,2.842268,0.0,0.0,0.0,0.0,1.2048593,0.033436753,1.0521345,0.0,1.5460888,1.6575519,0.30909738,0.0,0.0,1.2770649,0.21479486,0.0,0.0,0.0,0.0,0.4694798,0.0,0.0,0.0,0.0,2.7391431,0.0,0.0,0.0,0.0,0.0,0.0,0.0,0.16908172,0.0,1,1,0.9355904,classical,classical
0.0,0.0,0.0,1.0531985,1.061772,0.0,0.96864545,0.0,2.1994996,0.0,0.0,0.0,0.0,0.0,0.0,0.0,0.0,3.103712,0.0,0.0,0.13934757,2.2989569,0.0,1.1657919,0.0891479,0.0,0.78384864,0.0,0.40545586,0.0,0.0,0.0,0.0,0.0,0.0,0.0,0.0,0.0,0.0,0.3915409,0.0,1.0274754,0.0,0.22753184,0.0,0.4673463,0.68991834,0.0,0.0,0.0,0.50452584,0.0,0.0,1.3812517,0.69897187,0.0,1.3778155,0.22433013,0.0,0.0,0.0,0.0,0.0,0.64979345,0.0,1.5822415,0.0,0.0,0.0,0.0,0.15246128,1.7369722,0.94134325,0.0,0.03385703,0.2592624,0.25941125,0.0,1.3288003,0.0,0.0,0.0,0.0,0.22839987,1.8885978,0.0,0.120781414,0.0,0.0,0.0,0.4403908,0.0,0.0,0.0,0.8640658,1.5677258,0.0,0.0,0.0,0.100690864,2.712889,0.0,2.920533,1.2964356,1.8208343,0.0,0.9382913,0.44214818,0.85122305,0.0,2.5220706,0.0,0.5830401,0.74747545,0.0,0.0,0.0,0.0,0.0,0.0,0.0,0.6617698,0.7836627,0.0,0.0,1.0648863,0.0,0.0,2,2,0.56115764,country,country
0.0,0.0,0.0,0.6328175,1.0506692,0.0,0.73415613,0.0,2.0418973,0.0,0.0,0.1563785,0.0,0.0,0.0,0.0,0.0,2.4586008,0.0,0.0,0.0,1.4417535,0.0,0.8677339,0.0,0.0,0.4856319,0.0,0.55540043,0.0,0.0,0.0,0.0,0.0,0.0,0.0,0.0,0.0,0.0,0.0,0.0,0.4090125,0.0,0.0,0.0,0.6249247,0.6280153,0.0,0.0,0.0,0.48350292,0.0,0.0,0.6652428,1.3482589,0.036190175,0.75970876,0.0,0.0,0.0,0.0,0.0,0.0,0.0,0.0,1.1361679,0.04094918,0.0,0.0,0.0,0.04623136,1.646684,0.8931431,0.0,0.0,0.2775582,0.6822284,0.0,0.8730797,0.0,0.0,0.0,0.0,0.5725531,1.7097045,0.0,0.22010697,0.0,0.26488116,0.0,0.51427776,0.0,0.0,0.0,0.5429919,1.2544504,0.0,0.0,0.0,0.1147947,2.1883326,0.10236511,2.0145257,1.3818824,1.217273,0.23574458,0.0,0.23965476,0.66821367,0.0,1.8259218,0.0,0.6972687,0.355909,0.0,0.0,0.0,0.0,0.0,0.0,0.0,0.7204202,1.0055243,0.0,0.0,0.54445165,0.0,0.0,2,2,0.6439783,country,country
0.0,0.0,0.0,0.8628862,1.6161407,0.0,0.5263768,0.0,1.7541444,0.0,0.0,0.0,0.0,0.0,0.045250893,0.0,0.0,2.5149133,0.0,0.0,0.0,1.6780658,0.0,1.406272,0.21004915,0.0,0.46742657,0.0,0.079865165,0.0,0.0,0.0,0.0,0.0,0.0,0.0,0.0,0.0,0.0,0.0,0.0,1.111848,0.0,0.04206622,0.0,1.4552392,1.3276875,0.0,0.0,0.819413,0.32005504,0.0,0.0,0.67979395,1.9568313,0.0,1.129684,0.0,0.0,0.0,0.0,0.0,0.0,0.0069606183,0.0,1.2146589,0.0,0.0,0.0,0.0,0.0,2.5516791,0.9581145,0.0,0.0,0.0,0.8317921,0.0,1.0486765,0.0,0.0,0.0,0.0,1.2885057,2.4199781,0.0,0.0,0.0,0.78185934,0.0,0.43942955,0.0,0.0,0.0,0.33531848,1.0702857,0.057793956,0.0,0.0,0.17331211,2.32243,0.6600352,2.5893116,1.498775,1.957503,1.1636211,0.0,0.16623102,0.2163028,0.0,1.7388234,0.0,1.0533898,0.15902543,0.0,0.43749228,0.0,0.0,0.0,0.0,0.0,0.64950085,1.1203,0.0,0.0,1.2177466,0.0,0.0,2,2,0.92557454,country,country
0.0,0.0,0.0,0.93609375,1.2356559,0.0,0.14069423,0.0,1.8808203,0.0,0.0,0.0,0.0,0.0,0.0,0.0,0.0,2.7007742,0.0,0.0,0.0,1.9946676,0.0,1.584216,0.44801787,0.0,0.37140897,0.0,0.0,0.0,0.0,0.0,0.0,0.0,0.0,0.0,0.0,0.0,0.0,0.0,0.0,1.4326756,0.0,0.09034426,0.0,1.5164927,1.7019548,0.0,0.0,0.7860382,0.057478502,0.0,0.0,0.59352434,2.1335418,0.0,1.2346658,0.0,0.0,0.0,0.0,0.0,0.0,0.0,0.0,1.3136413,0.0,0.0,0.0,0.0,0.0,2.5386415,0.8707632,0.0,0.24506254,0.0,1.193628,0.0,1.1886868,0.0,0.0,0.0,0.0,1.2235376,2.671771,0.0,0.0,0.0,1.0016235,0.0,0.25934455,0.0,0.0,0.0,0.77084625,1.1251273,0.29747045,0.0,0.0,0.15025228,2.281661,0.55477726,2.6790013,1.6128752,2.1928089,1.3985647,0.0,0.0,0.0,0.0,2.1531575,0.0,0.99504364,0.023878388,0.0,0.9007213,0.0,0.0,0.0,0.0,0.0,0.93558985,0.78254163,0.0,0.0,1.1572489,0.0,0.0,2,2,0.9414045,country,country
0.0,0.0,0.0,1.2690067,1.5620234,0.0,1.0259683,0.0,1.898303,0.0,0.0,0.0,0.0,0.0,0.0,0.0,0.0,2.9713168,0.0,0.0,0.059157036,1.6222069,0.0,0.5466124,0.46723625,0.0,0.64546186,0.0,0.3453114,0.0,0.0,0.0,0.0,0.0,0.0,0.0,0.0,0.0,0.4326909,0.07684479,0.0,0.7374682,0.0,0.20927818,0.0,1.1036199,0.8054454,0.0,0.0,0.0,0.65985876,0.0,0.0,0.43539944,1.0108615,0.0,1.1992303,0.0,0.0,0.0,0.0,0.16827235,0.10531005,0.0,0.0,1.0269445,0.17248894,0.0,0.0,0.0,0.0,1.2453084,1.0011278,0.0,0.0,0.0,1.2873685,0.0,0.9147385,0.0,0.0,0.0,0.0,0.62754714,2.0467634,0.0,0.0,0.0,0.14312412,0.0,0.42669177,0.0,0.0,0.0,0.9886366,1.2155753,0.0,0.0,0.0,0.0,2.004532,0.0,2.7334936,1.0609455,1.777831,0.44942304,0.08557894,0.0,0.26696894,0.0,2.4005044,0.0,0.47380295,0.70231634,0.0,0.012654901,0.0,0.0,0.0,0.0,0.0,0.8950713,0.71088946,0.0,0.0,0.21296772,0.0,0.0,2,2,0.4778929,country,country
0.0,0.0,0.0,0.9633015,0.38887173,0.0,0.2515138,0.0,0.0,0.28370297,0.0,0.0,0.0,0.0,0.0,0.0,0.0,0.9520416,0.0,0.0,0.37315542,0.5464923,0.0,0.6535163,1.0672348,0.0,0.039268557,0.0,0.3500934,0.0,0.0,0.0,0.0,0.0,0.0,0.0,0.0,0.28667113,0.0,0.0,0.0,1.6585811,0.0,0.0,0.0,1.9603337,1.0937712,0.91151226,0.0,2.206904,0.0,0.0,0.0,0.0,1.0061625,0.0,2.213372,0.6737997,0.0,0.0,0.47403958,0.0,0.0,0.0,0.7820067,0.2071857,0.0,0.0,0.0,0.0,0.38148752,2.6160913,0.0,0.0,0.64453423,0.0,0.31675526,0.0,1.0654503,0.0,0.0,0.0,0.0,0.85228926,2.0146391,0.0,0.0,0.0,0.0,0.09750201,0.0,0.0,0.0,0.0,0.4441463,0.0612237,1.1195092,0.0,0.0,0.0,1.6611545,0.81797886,2.606866,1.0440515,1.4292724,1.9271479,0.53928465,0.5078244,1.0852267,0.0,0.44001573,0.0,0.0,0.30024368,0.0,0.48142093,0.0,0.0,0.0,0.0,0.0,0.6463205,0.69223934,0.0,0.0,1.2059237,0.0,0.0,2,2,0.45522955,country,country
0.54156023,0.0,0.0,0.6208647,0.65302986,0.0,0.0,0.0,0.0,0.44633207,0.0,0.0,0.0,0.0,0.0,0.0,0.0,0.822936,0.0,0.0,0.49167326,0.9165489,0.0,0.5894686,0.74527806,0.0,0.0,0.0,0.4470013,0.0,0.0,0.0,0.058655765,0.0,0.0,0.0,0.0,0.0,0.0,0.0,0.0,1.6697859,0.0,0.0,0.0,2.5731637,1.7731025,0.50285834,0.0,2.0036564,0.0,0.0,0.0,0.0,1.2977262,0.0,2.4362218,0.6131752,0.0,0.0,0.31741244,0.0,0.0,0.0,0.44040516,0.48047552,0.0,0.0,0.0,0.0,0.36757007,2.740621,0.0026256042,0.0,0.8163641,0.0,0.0,0.0,0.46644953,0.0,0.0,0.061899096,0.0,0.50449735,2.0918088,0.0,0.0,0.0,0.0,0.5240193,0.0,0.0,0.0,0.0,0.005880291,0.0,1.5091516,0.0,0.0,0.09905387,1.5273969,0.9863941,2.0829298,0.8248645,1.3766351,1.5008572,0.32290372,0.057493154,0.8180154,0.0,0.0,0.0,0.89149433,0.046287335,0.0,0.49373993,0.0,0.0,0.0,0.0,0.0,0.27053124,0.7417389,0.0,0.0,1.0002422,0.0,0.0,2,2,0.7608509,country,country
0.0,0.0,0.0,0.0,1.0324169,0.0,0.8482081,0.0,0.0,0.0,0.0,0.0,0.0,0.0,0.0,0.0,0.0,1.1419958,0.0,0.0,0.0,0.74134934,0.0,0.19096729,0.5400377,0.0,0.0,0.0,0.5184607,0.0,0.0,0.0,0.29722634,0.0,0.41645548,0.0,0.0,0.0,0.0,0.0,0.0,0.8039044,0.0,0.057438564,0.0,1.4600949,0.93050987,0.32505396,0.0,0.86001664,0.0,0.0,0.0,0.0,1.2818663,0.0,1.3980075,0.0,0.0,0.0,0.0,0.0,0.0,0.0,0.0,0.3334365,0.0,0.0,0.0,0.0,0.59647053,1.5337634,0.032611724,0.0,0.22498225,0.0,0.0,0.0,0.9757392,0.0,0.0,0.0,0.0,1.002111,1.5994868,0.0,0.0,0.0,0.47003227,0.42388645,0.113900535,0.0,0.0,0.10233448,0.0,0.0,0.37755916,0.0,0.0,0.4793112,1.4649167,1.6574161,1.8887587,1.1294634,1.1901569,0.9821074,0.0,0.0,0.0,0.0,0.62049913,0.0,0.543748,0.60771173,0.0,0.5901239,0.0,0.0,0.0,0.0,0.0,0.0,1.0231378,0.0,0.56045073,1.3207514,0.0,0.0,2,2,0.7292725,country,country
0.0,0.0,0.0,0.13977295,1.4498636,0.0,1.0787132,0.0,0.0,0.0,0.0,0.0,0.0,0.0,0.0,0.0,0.0,1.4698699,0.0,0.0,0.0,0.6505874,0.0,0.14139664,0.10559771,0.0,0.2892201,0.0,0.0,0.0,0.0,0.0,0.44974092,0.0,0.5995513,0.0,0.80027497,0.0,0.2531406,0.0,0.0,0.7935385,0.0,0.0,0.0,1.6944342,0.50417703,0.0061134393,0.0,0.7380449,0.13745733,0.0,0.0,0.046979006,2.3726258,0.0,1.366669,0.0,0.0,0.0,0.0,0.0,0.0,0.0,0.0,0.41795164,0.0,0.0,0.0,0.0,1.0941868,1.1701684,0.0,0.0,0.0,0.025491932,0.21731894,0.45542127,1.2770847,0.0,0.0,0.0,0.0,1.6458333,2.5569203,0.0,0.0,0.0,1.5222118,0.0,0.743421,0.0,0.0,0.2738515,0.0,0.0,0.0,0.0,0.0,0.46036002,1.2398466,2.2379017,3.1163797,1.9399718,1.2052147,1.4003332,0.0,0.0,0.0,0.0,0.30977347,0.0,1.0891346,0.5236488,0.0,0.8758439,0.0,0.0,0.0,0.0,0.0,0.2279835,0.8471837,0.0,1.3320087,1.781401,0.0,0.0,2,2,0.82121074,country,country
0.100016624,0.0,0.0,0.9799018,1.4400644,0.0,0.88274515,0.0,0.14563209,0.0,0.0,0.0,0.0,0.0,0.0,0.0,0.0,2.4148805,0.0,0.0,0.0,1.5307777,0.0,1.5356215,0.1722059,0.0,0.62471306,0.0,0.17296167,0.0,0.0,0.0,0.25160012,0.0,0.17067783,0.0,0.35143164,0.0,0.0,0.0,0.0,2.2256103,0.0,0.0,0.0,1.799964,0.7106725,0.87547386,0.0,0.44702095,0.0,0.03575501,0.0,0.6652628,2.026155,0.0,2.4643023,0.5351613,0.0,0.0,0.0,0.0,0.0,0.0,0.0,1.1790918,0.33619478,0.0,0.0,0.0,1.8811136,1.5816278,0.12866224,0.0,0.5025316,0.0,0.3911422,0.0,1.224805,0.0,0.0,0.0,0.0,1.7381967,2.9263017,0.0,0.0,0.0,0.10802948,0.0,0.13218942,0.0,0.0,0.0,0.2872252,0.018626021,0.0,0.0,0.0,0.4941099,2.0124228,1.2408335,2.9502282,1.1802179,1.3265485,1.4391779,0.0,0.0,0.0,0.0,1.1493692,0.0,0.8601121,0.55154973,0.0,0.33192503,0.0,0.0,0.0,0.0,0.0,0.92586935,1.1742159,0.0,0.0,2.250344,0.0,0.0,2,2,0.8913681,country,country
0.0,0.0,0.0,2.0108197,0.0,0.0,2.4716043,0.29041997,2.394391,0.0,0.0,1.0037733,0.0,0.0,0.0,0.41240183,0.0,2.0087152,0.0,0.0,0.48308668,0.868996,0.0,0.0,0.0,0.0,0.0,0.20081621,0.0,0.0,0.0,0.0,0.0,0.0,0.0,0.0,0.0,0.31161857,0.0,0.52709734,0.0,0.0,0.0,0.50189984,0.0096560735,0.066766486,0.289628,0.0,0.0,0.0,2.25718,0.0,0.0,1.2247419,0.0,0.53613645,0.19466645,0.0,0.0,0.0,0.310752,0.72692394,0.20662928,0.43165892,0.0,0.0,0.0,0.0,0.15394603,0.0,0.0,1.1831448,0.27119663,0.0,0.0,0.29631975,0.42095256,0.0,0.2338465,0.0,0.3496763,0.0,0.0,0.0,0.251464,0.0,0.0,0.0,0.0,0.0,0.49894178,0.0,0.0,0.0,0.39466405,2.0818136,0.0,0.0,0.0,0.0,1.4796317,0.0,4.2051263,1.5614057,1.8786842,0.0854398,0.27551,1.0411705,1.0468456,0.0,3.0543802,0.0,0.28725514,0.7322369,0.0,0.0,0.0,0.038245827,0.0,0.0,0.0,1.2410898,0.4689857,0.0,0.0,0.0,0.08539259,0.0,2,0,0.47660416,country,blues
0.0,0.0,0.0,2.389392,0.20945719,0.0,2.6428874,0.0,2.2578716,0.0,0.0,0.7318351,0.0,0.0,0.0,0.0,0.0,2.6252096,0.0,0.0,1.2162002,0.7824931,0.0,0.0,0.0,0.0,0.0,0.0,0.30297914,0.0,0.0,0.0,0.0,0.0,0.0,0.0,0.0,0.67225575,0.0,0.523191,0.0,0.0,0.09765523,0.7839636,0.0,0.6661708,0.28852665,0.0,0.0,0.0,1.8499974,0.0,0.0,1.4134237,0.0,0.1876199,0.66930777,0.0,0.0,0.0,0.06946806,0.69219494,0.28299978,0.38187853,0.043053687,0.0,0.0,0.0,0.0,0.0,0.0,1.208424,0.45711595,0.0,0.0,0.0,0.4676778,0.0,0.15838036,0.0,0.91618764,0.0,0.0,0.0,0.7380367,0.0,0.0,0.0,0.0,0.0,0.41215208,0.0,0.0,0.0,0.9801542,1.84187,0.0,0.0,0.0,0.0,1.3217949,0.0,4.8618846,0.9628047,2.2639084,0.51093906,0.6743642,0.68185216,1.2285135,0.0,2.9414413,0.0,0.0,1.4020531,0.0,0.0,0.0,0.08317794,0.0,0.0,0.0,1.0418147,0.28334162,0.0,0.0,0.0,0.41802403,0.0,2,0,0.8670694,country,blues
0.0,0.0,0.0,2.1062884,0.0,0.0,2.4429586,0.0,2.2470071,0.0,0.0,0.2409577,0.0,0.0,0.0,0.0,0.0,2.7563927,0.0,0.0,0.8394598,0.93393,0.0,0.0,0.0,0.0,0.0,0.0,0.4640641,0.0,0.0,0.0,0.017412784,0.0,0.0,0.0,0.0,0.3353419,0.0,0.8030632,0.0,0.0,0.0,0.81672966,0.0,0.85858995,0.14069295,0.0,0.0,0.0,1.9270791,0.0,0.0,1.4379951,0.0,0.08060816,0.83062744,0.0,0.0,0.0,0.0,0.33952212,0.29853994,0.1899545,0.0,0.0,0.0,0.0,0.0,0.0,0.0,0.98385394,0.7520059,0.0,0.0,0.0,0.4265936,0.0,0.20959404,0.0,0.51715094,0.0,0.0,0.0,0.7998552,0.0,0.0,0.0,0.0,0.0,0.39805067,0.0,0.0,0.0,0.8867107,2.0029612,0.0,0.0,0.0,0.0,1.462012,0.0,4.6513433,1.2456774,2.225361,0.2892381,0.54729646,0.74185485,1.2122399,0.0,2.8386874,0.0,0.0,1.0233325,0.0,0.0,0.0,0.0,0.0,0.0,0.0,1.0017368,0.3176436,0.0,0.0,0.0,0.1803822,0.0,2,0,0.8213984,country,blues
0.0,0.0,0.0,1.4393492,0.0,0.0,2.4142368,0.28144145,2.4114575,0.0,0.0,0.6865739,0.0,0.0,0.0,0.0,0.0,2.3957474,0.0,0.0,0.5545017,0.9232474,0.0,0.0,0.0,0.0,0.0,0.0,0.14485276,0.0,0.0,0.0,0.0,0.0,0.0,0.0,0.0,0.21608031,0.0,0.75301415,0.0,0.0,0.0,0.7439729,0.46082082,0.5943857,0.39674845,0.0,0.0,0.0,1.7469691,0.0,0.0,1.3680767,0.028043652,0.22546013,0.48608163,0.0,0.0,0.0,0.0,0.4569026,0.5375015,0.0,0.0,0.0,0.0,0.0,0.15485157,0.0,0.0,1.0729892,0.53452045,0.0,0.0,0.0,0.46360928,0.0,0.037413217,0.0,0.2376921,0.0,0.0,0.0,0.52780867,0.0,0.0,0.0,0.0,0.0,0.42513433,0.06715297,0.0,0.0,0.7740883,1.5975764,0.0,0.0,0.0,0.0,1.3127674,0.0,4.1618276,1.3964089,1.8110567,0.10816793,0.5063716,0.5705345,0.72848606,0.0,2.898354,0.0,0.0,1.0997739,0.0,0.0,0.0,0.0,0.0,0.0,0.0,0.76486146,0.4107485,0.0,0.0,0.0,0.13405605,0.0,2,0,0.64736414,country,blues
0.0,0.0,0.0,2.2409937,0.0,0.0,3.0252051,0.6016946,2.8437605,0.0,0.0,0.9925358,0.0,0.0,0.0,0.7089859,0.0,2.1126122,0.0,0.0,0.92264295,0.5291938,0.0,0.0,0.0,0.0,0.0,0.09203963,0.0,0.0,0.0,0.0,0.1673704,0.0,0.0,0.0,0.0,0.88228774,0.0,1.3386506,0.0,0.0,0.0,1.123948,0.4699443,0.0,0.44929406,0.0,0.0,0.0,2.445501,0.0,0.0,1.143278,0.0,0.59446126,0.18157364,0.0,0.0,0.0,0.47504872,0.6217763,0.9222372,0.83679223,0.0,0.0,0.0,0.0,0.13631368,0.0,0.0,1.1162475,0.2524998,0.0,0.0,0.0,0.8989017,0.0,0.061883327,0.0,1.3587095,0.0,0.0,0.0,0.05780839,0.0,0.23735633,0.0,0.0,0.0,0.0,0.0,0.0,0.0,1.0197952,2.2700462,0.0,0.039682068,0.0,0.0,1.8252257,0.0,5.0280805,1.5472957,1.5764563,0.3844536,0.44865447,0.9283195,1.5539218,0.0,3.4229467,0.16429569,0.0,0.50267804,0.0,0.0,0.0,0.114175536,0.0,0.0,0.0,1.1675766,0.27955702,0.0,0.0,0.0,0.39280143,0.0,2,0,0.71503437,country,blues
0.0,0.0,0.0,0.50081354,0.9943058,0.0,0.73134,0.0,0.0,0.12167893,0.0,0.0,0.0,0.0,0.0,0.0,0.0,0.98034966,0.0,0.0,0.0,0.26319942,0.0,0.18417068,1.1375941,0.0,0.0,0.0,0.0,0.0,0.0,0.0,0.27699447,0.0,0.0,0.0,0.0,0.46530536,0.0,0.0,0.0,0.0,0.2589474,0.17561136,0.0,2.2380946,1.276709,0.49807096,0.0,1.9695119,0.3324071,0.0,0.0,0.0,0.2974544,0.0,1.8816729,0.0,0.0,0.0,0.0,0.28288558,0.0,0.0,0.048790798,0.0,0.0,0.0,0.0,0.0,0.0,1.7340211,0.0,0.0,0.04936589,0.0,1.2724077,0.0,1.2556355,0.0,0.0,0.028145794,0.0,1.0711465,2.8966706,0.0,0.0,0.0,0.48414698,0.0,0.37654015,0.0,0.0,0.0,0.3375386,0.0,0.84674764,0.0,0.0,0.0,0.6961836,0.96088964,3.5700128,1.1310941,1.552473,2.6432564,0.0,0.04811367,0.47949743,0.0,1.0378848,0.0,0.15662897,0.4076125,0.0,1.2750239,0.0,0.0,0.0,0.0,0.0,0.5530123,0.0,0.0,0.0,0.28329906,0.24348833,0.0,2,0,0.37385857,country,blues
0.0,0.0,0.0,0.80606264,1.0846604,0.0,0.6980448,0.0,0.0,0.0,0.0,0.0,0.0,0.0,0.0,0.0,0.0,0.70619106,0.0,0.0,0.0,0.7501534,0.0,0.41135818,1.1467103,0.0,0.0,0.0,0.0,0.0,0.0,0.0,0.30600268,0.0,0.0828301,0.0,0.0,0.11889433,0.0,0.0,0.0,0.14726871,0.04809009,0.0,0.0,2.4231737,1.7117698,0.0,0.0,1.8293234,0.013147681,0.0,0.0,0.0,0.80134356,0.0,1.7707945,0.0,0.0,0.0,0.0,0.0,0.0,0.0,0.0721377,0.0,0.0,0.0,0.0,0.0,0.0126816165,1.6860892,0.0,0.0,0.5261195,0.0,1.3444737,0.0,1.2715834,0.0,0.0,0.47814077,0.0,1.2981887,3.158431,0.0,0.0,0.0,0.9601174,0.0,0.4707824,0.0,0.0,0.0,0.34161812,0.0,1.4492025,0.0,0.0,0.0,0.8589614,1.0969408,3.8870254,0.99225175,1.4507397,3.0782745,0.0,0.0,0.0,0.0,1.1572686,0.0,0.2967076,0.5341461,0.0,1.3802407,0.0,0.0,0.0,0.0,0.0,0.7299237,0.0,0.0,0.0,0.6727715,0.44334015,0.0,2,2,0.44491303,country,country
0.0,0.0,0.0,0.6321556,1.4838352,0.0,1.1887087,0.0,0.0,0.0,0.0,0.0,0.0,0.0,0.0,0.0,0.0,1.0203677,0.0,0.0,0.0,1.026157,0.0,0.39980352,1.0596462,0.0,0.0,0.0,0.0,0.0,0.0,0.0,0.59631413,0.0,0.0,0.0,0.0,0.0,0.0,0.0,0.0,0.33386433,0.0,0.32392794,0.0,2.1044438,1.5977877,0.14559026,0.0,1.2235572,0.19760434,0.0,0.0,0.0,0.90634596,0.0,1.2864602,0.0,0.0,0.0,0.0,0.0,0.0,0.0,0.019316034,0.0,0.0,0.0,0.0,0.0,0.12770969,1.7760396,0.0,0.0,0.81834394,0.0,0.8627281,0.0,1.2692671,0.0,0.0,0.0,0.0,0.78815025,2.7306983,0.0,0.0,0.0,0.9216147,0.0,0.49575016,0.0,0.0,0.0,0.37269104,0.0,0.75613636,0.0,0.0,0.47863257,1.1751876,1.044224,3.7203426,1.2124237,1.30612,2.31849,0.0,0.0,0.0,0.0,0.8301121,0.0,0.33696774,0.7014252,0.0,0.9688462,0.0,0.0,0.01133464,0.0,0.0,1.54505,0.0,0.0,0.0,0.7751314,0.12963672,0.0,2,2,0.5236621,country,country
0.0,0.0,0.0,0.19949721,0.7382713,0.0,0.49272135,0.0,0.0,0.65214396,0.0,0.0,0.0,0.0,0.0,0.0,0.0,0.7589726,0.0,0.0,0.0,0.90205395,0.0,0.5849924,1.0139494,0.0,0.0,0.0,0.012302307,0.0,0.0,0.0,0.4674709,0.0,0.0,0.0,0.0,0.261614,0.0,0.0,0.0,0.26440674,0.11553588,0.4640358,0.0,2.0137799,1.4972788,0.74933594,0.0,1.984011,0.12291772,0.0,0.0,0.0,0.5386691,0.0,1.8176453,0.0,0.0,0.0,0.14979237,0.0,0.0,0.0,0.2902922,0.0,0.0,0.0,0.0,0.0,0.0,2.4797308,0.0,0.0,0.7854041,0.0,0.90853417,0.0,0.9313592,0.0,0.0,0.0,0.0,0.6274498,2.4983523,0.0,0.0,0.0,0.2231498,0.0,0.0,0.0,0.0,0.0,0.4489091,0.0,0.92273843,0.0,0.0,0.41068769,1.2497717,1.0641986,3.4513958,1.4550762,1.5615411,2.4507706,0.0,0.3230589,0.61453867,0.0,0.50953996,0.0,0.7181577,0.039432153,0.0,0.6385928,0.0,0.0,0.0,0.0,0.0,1.0942695,0.0,0.0,0.0,0.65040076,0.0,0.0,2,2,0.4856329,country,country
0.40775833,0.0,0.0,0.5239752,0.4971444,0.0,0.9016884,0.0,0.0,0.023041457,0.0,0.0,0.0,0.0,0.0,0.0,0.0,0.49630803,0.0,0.0,0.0,1.194825,0.0,1.299379,0.89130926,0.0,0.010792521,0.0,0.5518017,0.0,0.0,0.0,0.07530499,0.0,0.0,0.0,0.0,0.0,0.0,0.0,0.0,1.0926176,0.0,0.3651908,0.0,1.2140118,1.6130335,1.375438,0.0,1.5947584,0.0,0.0,0.0,0.0,0.9877097,0.0,1.9608891,0.0,0.0,0.0,0.16477145,0.0,0.0,0.0,0.20700233,0.52068824,0.0,0.0,0.0,0.0,0.08369149,2.6753123,0.0,0.0,0.3945162,0.0,0.0,0.0,1.2574612,0.0,0.0,0.0,0.0,1.40113,2.1278224,0.0,0.0,0.0,0.0,0.0,0.0,0.0,0.0,0.0,0.0,0.21346015,1.062838,0.0,0.0,0.7016331,1.7844609,0.7641662,2.9693904,1.7647274,2.1294634,2.597568,0.0,0.91583264,0.5435899,0.0,0.29935426,0.0,0.70626485,0.15627389,0.0,0.30104747,0.0,0.0,0.0,0.0,0.0,0.6308355,0.5653016,0.0,0.0,1.1025541,0.0,0.0,2,2,0.74038583,country,country
0.0,0.0,0.0,1.5859324,1.5371037,0.0,0.6895756,0.0,1.3605896,0.0,0.0,0.0,0.0,0.0,0.0,0.0,0.0,2.5834556,0.0,0.0,0.57979846,1.5416946,0.0,1.586637,0.61479,0.0,0.0,0.0,0.3021424,0.0,0.0,0.0,0.002084518,0.0,0.0,0.0,0.0,0.0,0.0,0.0,0.0,2.0493941,0.0,0.6672599,0.0,1.823889,1.0608457,0.0,0.0,0.9228391,0.0,0.0,0.0,1.1677073,1.0268208,0.0,1.1556673,0.9707987,0.0,0.0,0.0223884,0.0,0.0,0.4425184,0.4561265,0.5697949,0.0,0.0,0.0,0.0,0.0,2.093155,0.13834652,0.0,1.0318111,0.0,0.5249548,0.0,0.80485487,0.0,0.0,0.0,0.0,1.0899111,2.9013543,0.0,0.0,0.0,0.0,0.0,0.0,0.0,0.0,0.0,1.0071499,0.78354555,1.1631258,0.0,0.0,0.6565656,2.552797,0.5596019,2.9988887,0.9363843,2.0181713,1.6562011,0.23339544,0.0,0.6883982,0.0,1.8777872,0.0,0.120737575,0.504571,0.0,0.06982382,0.0,0.0,0.0,0.0,0.0,0.5156997,0.7267037,0.0,0.0,1.151863,0.13708271,0.0,2,2,0.5035198,country,country
0.10865328,0.0,0.0,1.5846599,1.6726161,0.0,0.2966864,0.0,0.7785718,0.0,0.0,0.0,0.0,0.0,0.0,0.0,0.0,2.5575173,0.0,0.0,0.18881072,1.4799185,0.0,1.2555943,0.23043422,0.0,0.0,0.0,0.32058942,0.0,0.0,0.0,0.0,0.0,0.12254052,0.0,0.0,0.0,0.0,0.0,0.0,1.9437339,0.0,0.44098526,0.0,1.8934141,1.4297562,0.0,0.0,1.3088658,0.0,0.0,0.0,1.2453864,1.2040898,0.0,0.9137529,0.82814133,0.0,0.0,0.0,0.0,0.0,0.0,0.0,0.37567797,0.0,0.0,0.0,0.0,0.0,1.7966222,0.123501815,0.0,0.8242349,0.0,0.64695615,0.0,1.2314273,0.0,0.0,0.0,0.0,1.3832959,2.8735034,0.0,0.0,0.0,0.0,0.0,0.2038424,0.0,0.0,0.0,0.9038372,0.33534664,1.5251226,0.0,0.0,0.68533134,2.34944,0.47968143,2.7231603,0.7872877,1.9755802,1.600004,0.15116847,0.0,0.3235917,0.0,1.5351202,0.0,0.16185866,0.62204677,0.0,0.41696244,0.0,0.0,0.0,0.0,0.0,0.3810008,0.30652183,0.0,0.0,1.2281446,0.45847598,0.0,2,2,0.5886638,country,country
0.0,0.0,0.0,1.2661691,1.75723,0.0,0.7720878,0.0,0.64044976,0.0,0.0,0.0,0.0,0.0,0.0,0.0,0.0,3.0269678,0.0,0.0,0.20574519,1.4820837,0.0,1.294071,0.15482742,0.0,0.0,0.0,0.6912644,0.0,0.0,0.0,0.0,0.0,0.0,0.0,0.0,0.0,0.0,0.0,0.0,2.075244,0.0,0.0,0.0,1.9541023,0.9189935,0.19462723,0.0,1.2634279,0.0,0.0,0.0,0.8107277,1.0347854,0.0,0.844468,0.65464437,0.0,0.0,0.0,0.0,0.0,0.0,0.08650403,0.8492638,0.0,0.0,0.0,0.0,0.21768242,1.2903363,0.0,0.0,0.77986836,0.0,0.03337133,0.0,1.463578,0.0,0.0,0.0,0.0,1.2896975,2.600006,0.0,0.0,0.0,0.0,0.0,0.5074248,0.0,0.0,0.0,1.2525353,0.3603887,1.0564464,0.0,0.0,0.7536379,1.65763,1.0417463,2.7897913,0.65586853,2.016794,1.1517946,0.2577758,0.0,0.42442632,0.0,1.7152548,0.0,0.29156232,0.6324035,0.0,0.24725848,0.0,0.0,0.5044089,0.0,0.0,0.0,0.8142729,0.0,0.0,1.1649163,0.0,0.0,2,2,0.43594843,country,country
0.37122598,0.0,0.0,1.6081355,1.3050052,0.0,0.72903657,0.0,0.20399809,0.0,0.0,0.0,0.0,0.0,0.0,0.0,0.0,2.4736953,0.0,0.0,0.8424715,1.5652512,0.0,1.54683,0.03030756,0.0,0.0,0.0,0.7557576,0.0,0.0,0.0,0.0,0.0,0.0,0.0,0.0,0.0,0.0,0.0,0.0,2.4221601,0.26320842,0.0,0.0,1.7503144,1.0450015,0.6377363,0.0,0.93013734,0.0,0.0,0.0,0.9732062,1.0415702,0.0,1.3224379,1.1997501,0.0,0.0,0.0,0.0,0.0,0.0,0.26603904,0.5001328,0.0,0.0,0.0,0.0,0.5387226,1.7152234,0.0,0.0,1.1535105,0.0,0.0,0.0,1.5266347,0.0,0.0,0.0,0.0,1.2519253,2.4098523,0.0,0.0,0.0,0.0,0.0,0.0,0.0,0.0,0.0,0.76508385,0.24317148,1.1797495,0.0,0.0,0.764406,1.7947037,0.7855354,2.7569335,0.15409784,1.767913,1.3859226,0.37966332,0.0,0.7831537,0.0,1.0365944,0.0,0.3250999,0.61495525,0.07312479,0.1301675,0.0,0.0,0.0,0.0,0.0,0.10474257,0.5592516,0.0,0.0,1.6589129,0.17117852,0.0,2,2,0.39595523,country,country
0.07343866,0.0,0.0,1.4553012,1.7584386,0.3687145,1.194313,0.0,0.8745853,0.0,0.0,0.0,0.0,0.0,0.0,0.0,0.0,1.8887194,0.0,0.0,0.21025857,1.1179322,0.0,0.8925445,0.0,0.0,0.0,0.0,0.7548503,0.0,0.0,0.0,0.0,0.0,0.3010798,0.0,0.0,0.0,0.0,0.0,0.0,2.2344234,0.143411,0.0,0.0,1.9871168,1.1479689,0.0,0.0,0.63324475,0.0,0.0,0.0,1.3804684,1.1867865,0.0,1.1722294,1.0207571,0.0,0.0,0.0,0.0,0.0,0.0,0.43897277,0.33388227,0.0,0.0,0.0,0.0,0.0,1.4180014,0.35187227,0.0,0.83192563,0.0,0.0,0.0,0.9637995,0.0,0.0,0.0,0.0,0.5694231,2.465052,0.0,0.0,0.0,0.0,0.0,0.0,0.0,0.0,0.0,0.20338818,0.6409571,1.0361054,0.0,0.0,0.5344232,1.6948047,0.0,3.0288107,0.50496113,2.1379554,1.42239,0.6586748,0.0,0.28261197,0.0,0.74747396,0.0,0.050990243,0.00067418115,0.0,0.15551119,0.0,0.0,0.0,0.0,0.0,0.31120262,0.65363806,0.0,0.0,1.1362687,0.31934765,0.0,2,2,0.5118365,country,country
0.0,0.0,0.0,1.1511263,1.6343884,0.0,1.2615124,0.0,0.82771116,0.0,0.0,0.0,0.0,0.0,0.0,0.0,0.0,1.9769144,0.0,0.0,0.31735352,1.2401403,0.0,1.0298946,0.5764547,0.0,0.0,0.0,0.6079279,0.0,0.0,0.0,0.5650404,0.0,0.0,0.0,0.0,0.06163551,0.0,0.0,0.0,1.4166346,0.0,0.8334054,0.0,1.9346657,1.49376,0.0,0.0,0.8822998,0.03808497,0.0,0.0,0.33919606,1.1785762,0.0,1.6230056,0.85150987,0.0,0.0,0.0,0.0,0.0,0.1994219,0.87760514,0.7363042,0.0,0.0,0.0,0.0,0.011452315,1.8114945,0.37112838,0.0,0.67245305,0.0,0.82108176,0.0,1.197838,0.0,0.0,0.0,0.0,1.1782483,2.4529126,0.0,0.0,0.0,0.121750414,0.0,0.06621094,0.0,0.0,0.0,0.8079586,1.0096061,1.2396555,0.0,0.0,0.77152723,1.4555811,0.67506737,3.204432,1.4355756,1.9805809,1.5638998,0.0,0.0,1.0811265,0.0,1.5323261,0.0,0.24778277,1.0104309,0.0,0.52080387,0.0,0.0,0.0,0.0,0.0,0.8789825,0.72229505,0.0,0.0,0.76218724,0.0,0.0,2,2,0.4624538,country,country
0.24533471,0.0,0.0,1.0168086,1.2460781,0.0,0.9308661,0.0,0.98446935,0.0,0.0,0.0,0.0,0.0,0.0,0.0,0.0,2.081063,0.0,0.0,0.07594942,1.5308794,0.0,1.4913396,0.35917312,0.0,0.0,0.0,0.5185146,0.0,0.0,0.0,0.11271157,0.0,0.035731874,0.0,0.0,0.0,0.0,0.0,0.0,1.7211534,0.0,0.44120532,0.0,1.9124566,1.5320858,0.05546786,0.0,0.84846693,0.0,0.0,0.0,0.0,1.6244656,0.0,1.5256213,0.6480843,0.0,0.0,0.0,0.0,0.0,0.0,0.42541984,0.98135316,0.0,0.0,0.0,0.0,0.5401477,1.7298759,0.15075482,0.0,1.0902759,0.0,0.7014512,0.0,1.5757629,0.0,0.0,0.0,0.0,1.3279059,2.532808,0.0,0.0,0.0,0.10164528,0.0,0.34865183,0.0,0.0,0.0,0.62777364,0.6067123,0.99277276,0.0,0.0,0.72870576,1.7590399,0.703922,2.2932634,0.8577246,1.4324973,1.4553041,0.16451931,0.0,0.5510611,0.0,1.4608601,0.0,0.519658,0.8144173,0.0,0.3080522,0.0,0.0,0.0,0.0,0.0,0.7732265,0.57811296,0.0,0.0,0.8491811,0.1372513,0.0,2,2,0.65596896,country,country
0.29565817,0.0,0.0,1.1845139,1.4759285,0.0,0.920017,0.0,1.2197965,0.0,0.0,0.0,0.0,0.0,0.0,0.0,0.0,2.0220697,0.0,0.0,0.64423853,1.0239259,0.0,1.4396158,0.30702734,0.0,0.0,0.0,0.7061031,0.0,0.0,0.0,0.0,0.0,0.0149957985,0.0,0.0,0.18010433,0.0,0.0,0.0,1.6376535,0.013119876,0.3197507,0.0,2.0043619,1.5224422,0.054086253,0.0,1.0114139,0.16883628,0.0,0.0,0.28817,1.163288,0.0,1.3702121,0.456699,0.0,0.0,0.0,0.0,0.0,0.0,0.80994725,0.6491127,0.0,0.0,0.0,0.0,0.45431098,1.3496302,0.0,0.0,0.9201483,0.0,0.5116919,0.0,1.2814265,0.0,0.0,0.0,0.0,1.1626147,2.191716,0.0,0.0,0.0,0.4661502,0.0,0.25151068,0.0,0.0,0.0,0.79251707,0.51727575,0.9504141,0.0,0.0,0.7280204,1.497576,0.78589725,2.7077515,0.51041424,1.9953067,1.8054928,0.0,0.0,0.5658797,0.0,1.0883807,0.0,0.00464193,0.8981522,0.0,0.17857815,0.0,0.0,0.0,0.0,0.0,0.8245333,0.47618496,0.0,0.0,0.7210707,0.44831136,0.0,2,2,0.4177893,country,country
0.0,0.0,0.0,0.95037633,1.0554429,0.0,1.0890055,0.0,1.3848032,0.0,0.0,0.0,0.0,0.0,0.0,0.0,0.0,2.2694585,0.0,0.0,0.7360832,0.8892819,0.0,1.1695945,0.37539497,0.0,0.0,0.0,0.9815055,0.0,0.0,0.0,0.0,0.0,0.0,0.0,0.0,0.0,0.0,0.0,0.0,1.3246927,0.0,0.0,0.0,2.0923097,1.6684324,0.14593011,0.0,0.838918,0.0,0.0,0.0,0.4322709,1.6019378,0.0,0.9589654,0.89291155,0.0,0.0,0.0,0.0,0.0,0.0,0.908936,0.7223752,0.0,0.0,0.0,0.0,0.27372926,1.6310681,0.0,0.0,0.24954535,0.0,0.77547544,0.0,1.7074332,0.0,0.0,0.0,0.0,1.5052962,2.4604747,0.0,0.0,0.0,0.64170676,0.0,0.31165963,0.0,0.0,0.0,0.7089721,0.6055675,0.64087856,0.0,0.0,0.8595272,1.9052079,0.37240195,3.2970476,1.2032312,2.40148,1.787192,0.0,0.15027153,0.85532546,0.0,0.89575434,0.0,0.34673056,0.9001476,0.0,0.39907232,0.0,0.0,0.0,0.0,0.0,0.8811969,0.50542426,0.0,0.0,1.0371329,0.13864471,0.0,2,2,0.5373406,country,country
0.0,0.0,0.0,0.78898054,0.99573916,0.0,0.8810826,0.0,1.6945974,0.0,0.0,0.0,0.0,0.0,0.0,0.0,0.0,2.1324897,0.0,0.0,0.47128448,0.70191437,0.0,0.90569836,0.0,0.0,0.0,0.0,0.5701868,0.0,0.0,0.0,0.051055465,0.0,0.0,0.0,0.0,0.0,0.0,0.0,0.0,1.436295,0.0,0.2221297,0.0,1.9080002,1.616158,0.21818808,0.0,0.96621305,0.0,0.0,0.0,0.5884688,1.6651307,0.0,1.3569652,0.71380645,0.0,0.0,0.0,0.0,0.0,0.0,0.6472777,0.74577683,0.0,0.0,0.0,0.0,0.0,1.6361451,0.048787735,0.0,0.34818965,0.0,0.9976705,0.0,1.3543556,0.0,0.0,0.0,0.0,0.81793255,2.3726528,0.0,0.0,0.0,0.30959052,0.0,0.27783155,0.0,0.0,0.0,0.7141328,0.75882846,0.9421376,0.0,0.0,0.9267235,1.415469,0.0,2.681435,1.2528714,2.2046628,1.1347219,0.0,0.0,0.74182427,0.0,1.0976269,0.0,0.41690716,0.4902814,0.0,0.71052647,0.0,0.0,0.0,0.0,0.0,0.9339367,0.6546544,0.0,0.0,1.0259236,0.0,0.0,2,2,0.63019866,country,country
0.0,0.0,0.0,1.6183466,1.331576,0.15468927,0.9525445,0.0,0.6671097,0.0,0.0,0.0,0.0,0.0,0.0,0.0,0.0,2.5401764,0.0,0.0,0.4271548,0.98084176,0.0,0.28575358,0.0,0.0,0.0,0.0,0.5306689,0.0,0.0,0.0,0.4804336,0.0,0.23030017,0.0,0.0,0.0,0.0,0.0,0.0,1.696668,0.0,0.0,0.0,0.88911057,0.65006137,0.41108915,0.0,0.0,0.0,0.0,0.0,0.97193134,1.4381012,0.0,0.43206936,0.85521066,0.0,0.0,0.0,0.0,0.0,0.0,0.0,0.50849247,0.0,0.0,0.0,0.0,0.8384811,0.4386913,0.11652789,0.0,0.30530918,0.0,0.5211497,0.0,1.2485217,0.0,0.0,0.0,0.0,2.0184488,2.3132377,0.0,0.0,0.0,0.012291489,0.0,0.51252794,0.0,0.0,0.1998916,0.68992114,0.7057692,0.0,0.0,0.0,1.0990728,1.521485,1.5275289,2.8202002,0.34086016,1.2035497,1.1675074,0.0,0.0,0.0,0.0,1.394542,0.0,0.0,0.6257902,0.0,0.4223829,0.0,0.0,0.0,0.0,0.0,0.17076872,0.6671157,0.0,0.0,1.4199052,0.0,0.0,2,9,0.41328958,country,rock
0.0,0.0,0.0,1.9145337,1.5997013,0.09374813,1.1437545,0.0,1.0885407,0.0,0.0,0.0,0.0,0.0,0.0,0.0,0.0,3.1568954,0.0,0.0,0.8003487,1.5100609,0.0,0.19728552,0.0037200514,0.0,0.0,0.0,0.87688476,0.0,0.0,0.0,0.050230835,0.0,0.0,0.0,0.0,0.0,0.0,0.0,0.0,1.9076676,0.0,0.0,0.0,1.9035966,0.632334,0.052244082,0.0,0.21501379,0.0,0.0,0.0,1.1457138,1.4823021,0.0,0.8824303,1.5570971,0.0,0.0,0.0,0.0,0.0,0.0,0.47473705,0.62995106,0.0,0.0,0.0,0.0,0.902095,0.64929587,0.43617386,0.0,0.78378546,0.0,0.0,0.0,1.4417989,0.0,0.0,0.0,0.0,1.3361044,2.9012647,0.0,0.0,0.0,0.0,0.11258033,0.37264132,0.0,0.0,0.0,0.84712255,0.40768522,0.0,0.0,0.0,0.98071754,1.8903576,1.387458,3.5700035,0.36476654,1.8416122,1.2100717,0.17963424,0.0,0.4629117,0.0,1.3491567,0.0,0.034191515,1.5029045,0.0,0.09106242,0.0,0.0,0.0,0.0,0.0,0.29665694,0.72482127,0.0,0.0,1.655397,0.0,0.0,2,9,0.36389247,country,rock
0.0,0.0,0.0,1.3041105,0.8864436,0.5757592,1.1482935,0.0,0.6942915,0.0,0.0,0.0,0.0,0.0,0.0,0.0,0.0,2.1088011,0.0,0.0,1.031586,1.2181264,0.0,0.1089088,0.0,0.0,0.0,0.0,1.5284312,0.0,0.0,0.0,0.10195744,0.0,0.0,0.0,0.0,0.0,0.0,0.0,0.0,1.6958879,0.0,0.0,0.36545095,1.2401628,0.50169843,0.25105768,0.0,0.0,0.0,0.0,0.0,0.43036738,1.3452098,0.0,1.3753197,1.8198613,0.0,0.0,0.0,0.0,0.0,0.0,0.05806279,0.14540125,0.0,0.0,0.0,0.0,0.5785981,0.55808514,0.11358821,0.0,0.4142211,0.0,0.0,0.12970895,1.7167948,0.0,0.0,0.0,0.0,0.91966516,1.6685501,0.0,0.0,0.0,0.009960173,0.17812435,0.0,0.0,0.0,0.40789816,0.25756592,0.34437105,0.0,0.0,0.0,0.78015435,1.5763121,1.0128868,2.6209884,0.46132168,1.2277479,0.109601825,0.6534438,0.0,0.82046694,0.0,0.4496184,0.0,0.0,1.4536415,0.0,0.0,0.0,0.0,0.2351105,0.0,0.0,0.34533253,0.4818242,0.0,0.0,1.4748892,0.0,0.0,2,9,0.47178727,country,rock
0.0,0.0,0.0,1.7282494,0.77377146,0.29328203,1.1194701,0.0,1.1652205,0.0,0.0,0.0,0.0,0.0,0.0,0.0,0.0,1.8335096,0.0,0.0,0.5931352,1.2041394,0.0,0.08859218,0.0,0.0,0.0,0.0,1.4247359,0.0,0.0,0.0,0.0,0.0,0.0,0.0,0.0,0.0,0.0,0.0,0.0,1.3206925,0.0,0.0,0.15201563,1.0268488,0.2112413,0.014098875,0.0,0.0,0.0,0.0,0.12796561,0.88648653,1.1409053,0.0,1.025639,1.6734458,0.0,0.0,0.0,0.0,0.0,0.0,0.2600851,0.23263028,0.0,0.0,0.0,0.0,0.807262,0.4573842,0.0,0.0,0.07998063,0.1393951,0.0,0.3670889,1.561752,0.0,0.0,0.0,0.0,0.48161596,1.7409397,0.0,0.0,0.0,0.0,0.4374556,0.10744865,0.0,0.0,0.30547097,0.030247474,0.5713496,0.0,0.0,0.0,0.981353,1.9527458,0.7120612,2.7376604,0.26842183,0.9618385,0.0,0.75390494,0.1501314,1.2293111,0.0,0.15618135,0.0,0.0,0.81283104,0.081170976,0.0,0.0,0.0,0.694232,0.0,0.0,0.2284721,0.51622915,0.0,0.0,1.5280701,0.0,0.0,2,9,0.50459665,country,rock
0.0,0.0,0.0,1.8580081,1.3830549,0.0,1.3204274,0.0,2.0018067,0.0,0.0,0.0,0.0,0.0,0.0,0.0,0.0,3.03267,0.0,0.0,0.38943186,1.7817073,0.0,0.85329676,0.0,0.0,0.0,0.0,1.2804971,0.0,0.0,0.0,0.0,0.0,0.0,0.0,0.0,0.0,0.0,0.11323651,0.0,1.5997409,0.0,0.0,0.0,1.3465558,0.29217017,0.0,0.0,0.0,0.14717525,0.0,0.0,2.171778,0.80836636,0.0,1.1559784,0.90595686,0.0,0.0,0.0,0.0,0.0,0.0,0.17913134,0.6534411,0.0,0.0,0.0,0.0,0.8636287,0.9279654,0.35023183,0.0,0.19138266,0.35869017,0.0,0.00056429685,1.0074581,0.0,0.0,0.0,0.0,0.18128318,2.159606,0.0,0.0,0.0,0.0,0.6659168,0.5467942,0.0,0.0,0.0,0.21874218,1.1503624,0.0,0.0,0.0,0.9121932,2.4853268,0.124641284,3.563951,0.5444556,2.020016,0.040129934,0.790808,0.4045772,1.2688518,0.0,1.31274,0.0,0.5465797,0.95960027,0.0,0.0,0.0,0.0,0.5193316,0.0,0.0,1.0409139,0.9648022,0.0,0.0,1.5584137,0.0,0.0,2,2,0.36660337,country,country
0.20321041,0.0,0.0,1.2768403,0.96955043,0.0,0.78490204,0.0,0.0,0.0,0.0,0.0,0.0,0.0,0.0,0.0,0.0,1.8813194,0.0,0.0,0.0,1.098275,0.0,1.4908755,1.0120564,0.0,0.0,0.0,0.17281893,0.0,0.0,0.0,0.5750537,0.0,0.0,0.0,0.009502073,0.3760632,0.0,0.0,0.0,1.1916876,0.0,0.0,0.0,1.8633419,1.3454847,0.14957626,0.0,1.2582308,0.19252193,0.0,0.0,0.0,1.376938,0.0,1.5579612,0.16168146,0.0,0.0,0.0,0.0,0.0,0.061977375,0.7583237,0.26076648,0.0,0.0,0.0,0.0,0.7381547,1.5930523,0.0,0.0,1.0876157,0.0,0.29519674,0.0,1.2785603,0.0,0.0,0.0,0.0,1.5083545,2.9956453,0.0,0.0,0.0,0.61596066,0.0,0.38861978,0.0,0.0,0.0,0.2761858,0.0,0.90791315,0.0,0.0,0.478884,1.2471802,1.8218074,2.7575903,0.78240824,1.5589203,2.1288502,0.0,0.0,0.23991038,0.0,1.1437411,0.0,0.47878763,0.28144288,0.0,0.33748546,0.0,0.0,0.0,0.0,0.0,0.0986533,0.81147504,0.0,0.3185541,1.6019224,0.33710018,0.0,2,2,0.6588356,country,country
0.0,0.0,0.0,0.5612622,1.3133582,0.0,0.91927123,0.0,0.0,0.0,0.0,0.0,0.0,0.0,0.0,0.0,0.0,1.5924504,0.0,0.0,0.0,0.65548253,0.0,0.6386052,0.6911753,0.0,0.0,0.0,0.8181247,0.0,0.0,0.0,0.9557772,0.0,0.38212195,0.0,0.0,0.0,0.0,0.0,0.0,0.9693166,0.0,0.0,0.0,1.720035,1.1302218,0.2410863,0.0,1.0457712,0.14379834,0.0,0.0,0.27567688,1.2814473,0.0,1.7030373,0.20822431,0.0,0.0,0.0,0.0,0.0,0.0,0.07487744,0.37837097,0.0,0.0,0.0,0.0,1.2770286,1.8006147,0.29482782,0.0,0.6920588,0.0,0.0,0.0,0.5696789,0.0,0.0,0.0,0.0,1.2828422,2.373625,0.0,0.0,0.0,0.8512113,0.016474975,0.079519145,0.0,0.0,0.0,0.22325541,0.0,0.78005016,0.0,0.0,0.4757066,1.5066242,2.1187341,2.6823823,0.8391707,1.8435382,1.6730589,0.48057428,0.0,0.0,0.0,0.601319,0.0,0.43154976,0.231852,0.0,0.14400755,0.0,0.0,0.038369335,0.0,0.0,0.0,1.1418676,0.0,0.68529975,1.9901508,0.3463903,0.0,2,2,0.7744371,country,country
0.0,0.0,0.0,1.362983,2.2882278,0.07362806,1.4402568,0.0,0.117236145,0.0,0.0,0.0,0.0,0.0,0.0,0.0,0.0,1.9755322,0.0,0.0,0.0,1.494243,0.0,1.1954068,0.39264712,0.0,0.0,0.0,0.50255895,0.0,0.0,0.0,0.51286685,0.0,0.11048229,0.0,0.0,0.0,0.0,0.0,0.0,1.8236111,0.0,0.0,0.0,1.9490325,0.7202185,0.53528965,0.0,0.8060432,0.64217514,0.0,0.0,0.535718,0.8290077,0.0,1.9816092,0.5550941,0.0,0.0,0.0,0.0,0.0,0.0,0.27160603,0.7501826,0.0,0.0,0.0,0.0,1.2513158,0.9915537,0.4027411,0.0,1.1218833,0.0,0.0,0.0,1.0186406,0.0,0.0,0.0,0.0,0.9211456,2.6055717,0.0,0.0,0.0,0.0034469352,0.0,0.54306346,0.0,0.0,0.0,0.4871943,0.0,0.60170525,0.0,0.0,0.6986529,1.5244987,1.4311187,3.2148561,0.32109898,1.9984477,1.4202323,0.24569567,0.0,0.82416975,0.0,1.4259835,0.0,0.0,0.6848418,0.0,0.31652886,0.0,0.0,0.0,0.0,0.0,0.30733874,0.40222394,0.0,0.07027267,1.4371716,0.62077147,0.0,2,2,0.39781106,country,country
0.0,0.0,0.0,1.6083063,1.3226898,0.0,1.9703453,0.0,0.26132497,0.099843115,0.0,0.0,0.0,0.0,0.0,0.0,0.0,1.8223749,0.0,0.0,0.014082616,1.6367251,0.0,1.3771489,0.6995595,0.0,0.0,0.0,0.71257776,0.0,0.0,0.0,0.39432648,0.0,0.0,0.0,0.0,0.0,0.0,0.0,0.0,1.8911002,0.0,0.18086563,0.0,1.7926453,0.65664107,0.71258456,0.0,0.60997677,0.3212677,0.0,0.0,0.4470217,0.69158846,0.0,2.1369407,0.75442255,0.0,0.0,0.0,0.0,0.0,0.35634428,0.8647603,0.3008111,0.0,0.0,0.0,0.0,1.1910855,1.2790058,0.0,0.0,0.650333,0.0,0.0,0.0,1.7835535,0.0,0.0,0.0,0.0,0.4982636,2.342029,0.0,0.0,0.0,0.0,0.0,0.18003696,0.0,0.0,0.0,0.0,0.8640608,0.0,0.0,0.0,0.3168212,1.456742,0.9715171,3.5032697,0.8599014,1.8460736,1.4347757,0.09684415,0.13877557,1.3639166,0.0,1.1130675,0.0,0.0,1.0980115,0.0,0.0,0.0,0.0,0.0,0.0,0.0,1.3830303,0.24068582,0.0,0.0,1.137925,0.0,0.0,2,0,0.40628374,country,blues
0.0,0.0,0.0,1.223019,0.7243692,0.0,1.7033933,0.0,0.8253378,0.0,0.0,0.0,0.0,0.0,0.0,0.0,0.0,2.6543999,0.0,0.0,0.0,1.9001527,0.0,0.77828735,0.35691878,0.0,0.6849037,0.0,0.20733589,0.0,0.0,0.0,0.50127023,0.0,0.0,0.0,0.0,0.0,0.0,0.0,0.0,1.9420187,0.0,0.11651305,0.0,2.0145504,1.0495441,0.36153442,0.0,0.87266433,0.07363044,0.0,0.0,0.481652,1.0336497,0.0,2.1423104,0.3586162,0.0,0.0,0.0,0.0,0.0,0.29740813,0.38520342,0.8511361,0.0,0.0,0.0,0.0,0.74900734,1.7255791,0.48186457,0.0,0.24641155,0.0,0.0,0.0,1.2426333,0.0,0.0,0.0,0.0,0.60214835,2.5883596,0.0,0.0,0.0,0.0,0.0,0.27450728,0.0,0.0,0.0,0.6203383,1.2012445,0.0,0.0,0.0,0.32017168,1.7595532,0.88613284,3.5883539,1.322803,2.3265574,0.76247555,0.0,0.21948461,1.0994736,0.0,1.6200751,0.0,0.35318705,1.0262994,0.0,0.0,0.0,0.0,0.0,0.0,0.0,1.0713844,1.0805525,0.0,0.0,1.3918508,0.0,0.0,2,2,0.6778402,country,country
0.37765568,0.0,0.0,0.0,0.4391714,0.0,0.23867956,0.0,0.0,0.0,0.0,0.0,0.0,0.0,0.0,0.0,0.0,0.0,0.0,0.10184383,0.48513559,0.0,0.0,0.66318125,0.0,0.0,0.0,0.0,0.81815,0.0,0.0,0.0,0.65200764,0.0,0.6343031,0.0,0.0,0.0,0.0,0.0,0.0,0.33027676,0.92388344,0.0240301,0.25474656,1.2373036,1.582374,0.0,0.0,1.5932004,0.0,0.0,0.017436247,0.06485132,1.4301783,0.0,1.2818712,0.0,0.0,0.0,0.6984304,0.0,0.0,0.0,0.0,0.21919678,0.0,0.0,0.0,0.0,0.0,1.3552189,0.0,0.0,0.27487648,0.6799944,0.0,0.0,1.2675672,0.0,0.0,0.0,0.302206,0.5388613,0.901576,0.0,0.0,0.0,0.94932204,0.0,0.0,0.5716145,0.0,0.0,0.0,0.0,0.85211176,0.0,0.20998745,0.21589537,1.3910804,0.15781072,1.0836885,1.4035407,1.302979,1.2726302,0.0,0.8804344,0.0,0.0,0.0,0.0,0.91728175,0.0,0.031905506,0.62557906,0.0,0.0,0.22081567,0.0,0.0,0.0,0.5441015,0.0,0.0,0.0,0.0622577,0.0,2,2,0.4646602,country,country
0.0,0.0,0.0,0.0,0.20042919,0.0,0.7627977,0.0,0.019343857,0.0,0.0,0.0,0.0,0.0,0.0,0.0,0.0,1.4395928,0.0,0.0,0.0,0.54181695,0.0,0.1441847,0.0,0.0,0.10890204,0.0,0.24448864,0.0,0.0,0.0,0.6718017,0.0,0.0,0.0,0.0,0.0,0.0,0.0,0.0,0.88153005,0.0,0.23177433,0.0,1.5561486,1.0822725,0.41942042,0.0,1.69678,0.0,0.0,0.0,0.19573626,1.6055893,0.0,1.6674601,0.0,0.0,0.0,0.0,0.0,0.0,0.0,0.0,0.38995555,0.0,0.0,0.0,0.0,0.0,2.025741,0.30642852,0.0,0.0,0.0,0.18688901,0.0,1.3195225,0.0,0.0,0.0,0.0,0.91284466,2.355778,0.0,0.0,0.0,0.3793261,0.0,0.028665869,0.0,0.0,0.0,0.35984743,0.21198915,0.64873916,0.0,0.0,0.5346758,1.7571404,0.8327221,2.0230958,1.539052,1.5757672,1.192928,0.0,0.5034383,0.22715864,0.0,0.25935817,0.0,1.2345055,0.12515068,0.0,0.57202715,0.0,0.0,0.0,0.0,0.0,0.18602255,1.157801,0.0,0.0,0.40862194,0.0,0.0,2,2,0.8005462,country,country
0.0,0.0,0.0,0.0,0.6307058,0.0,1.1429881,0.0,0.59084773,0.0,0.0,0.0,0.0,0.0,0.0,0.0,0.0,1.3677952,0.0,0.0,0.0,0.07777974,0.0,0.0,0.0,0.0,0.26171377,0.0,0.34750894,0.0,0.0,0.0,0.046634775,0.0,0.0,0.0,0.0,0.112184525,0.0,0.0,0.0,0.6733867,0.0,0.0,0.0,1.5786101,0.52965945,0.0,0.0,1.2247528,0.39172244,0.0,0.0,0.064643584,1.678209,0.0,1.0715287,0.0,0.0,0.0,0.0,0.0,0.0,0.0,0.0,0.3383223,0.0,0.0,0.0,0.0,0.0,1.1619434,0.14264719,0.0,0.0,0.0,0.41558984,0.0,1.2917702,0.0,0.0,0.0,0.0,1.0426288,2.1113737,0.0,0.0,0.0,0.6585714,0.0,0.1443952,0.0,0.0,0.0,0.34279874,0.50169986,0.058879558,0.0,0.0,0.4685964,1.5972968,0.48370436,2.002702,1.995275,1.7617737,1.190204,0.0,0.33603013,0.3260807,0.0,0.6715648,0.0,0.8150271,0.44554144,0.0,0.32150728,0.0,0.0,0.0,0.0,0.0,0.4957485,1.1731765,0.0,0.0,0.6822688,0.0,0.0,2,2,0.6495406,country,country
0.0,0.0,0.0,0.1276231,0.46581054,0.0,0.62432307,0.0,0.73551697,0.0,0.0,0.0,0.0,0.0,0.0,0.0,0.0,2.0329127,0.0,0.0,0.041725267,0.43697813,0.0,0.24183533,0.32601172,0.0,0.18667379,0.0,0.24646762,0.0,0.0,0.0,0.08420302,0.0,0.0,0.0,0.0,0.0,0.0,0.0,0.0,0.910878,0.0,0.6037288,0.0,1.693476,0.96960604,0.0,0.0,1.4676613,0.33694515,0.0,0.0,0.19122414,1.3929234,0.0,1.0620497,0.0,0.0,0.0,0.0,0.0,0.0,0.0,0.23106492,0.0,0.0,0.0,0.0,0.0,0.0,1.6115202,0.32534,0.0,0.0,0.0,0.6172716,0.0,1.5718483,0.0,0.0,0.0,0.0,0.8765708,2.5910506,0.0,0.0,0.0,0.5699405,0.0,0.047112625,0.0,0.0,0.0,0.15229844,0.60263103,0.8280969,0.0,0.0,0.35940534,1.4907901,0.92118615,2.5398743,1.5633457,2.1042764,1.3724588,0.0,0.2757558,0.90831673,0.0,0.75993174,0.0,0.86036426,0.5996328,0.0,0.22393735,0.0,0.0,0.0,0.0,0.0,0.22021674,0.98719513,0.0,0.0,0.8299566,0.0,0.0,2,2,0.6321372,country,country
0.27768487,0.0,0.0,0.36647686,0.3185848,0.008036274,0.05918447,0.0,0.88202024,0.0,0.0,0.0,0.0,0.0,0.0,0.0,0.0,1.5818776,0.0,0.0,0.41603616,0.55731106,0.0,0.9027563,0.4909896,0.0,0.30955166,0.0,0.0,0.0,0.0,0.0,0.10056104,0.0,0.017205946,0.0,0.044107668,0.0,0.0,0.0,0.0,1.4124264,0.0,0.16088368,0.0,2.2560968,1.9477533,0.0,0.0,1.3098922,0.0,0.0,0.0,0.15930991,1.6823417,0.0,1.1357231,0.18892066,0.0,0.0,0.0,0.0,0.0,0.0,0.6484827,0.42800555,0.0,0.0,0.0,0.0,0.0,1.9986665,0.16516307,0.0,0.1536119,0.0,1.12774,0.0,1.434301,0.0,0.0,0.0,0.0,1.0970486,2.6483877,0.0,0.0,0.0,0.8796812,0.0,0.120426424,0.0,0.0,0.0,0.030543918,0.8432727,1.3106412,0.0,0.0,0.5658351,1.0381948,0.36456448,2.6056724,1.3960034,1.9482316,1.8532543,0.0,0.0,0.53720653,0.0,0.8844958,0.0,0.8665065,0.0,0.0,0.4954241,0.0,0.0,0.0,0.0,0.0,0.92954063,0.63142824,0.0,0.0,0.926766,0.0,0.0,2,2,0.81136376,country,country
0.074884705,0.0,0.0,1.8604915,0.0027652374,0.0,1.4969492,0.0,2.673252,0.0,0.0,0.0,0.0,0.0,0.0,0.0,0.0,2.3604088,0.0,0.0,0.9300299,1.7739801,0.0,1.2249796,0.0,0.0,0.46980533,0.0,0.45538667,0.0,0.0,0.0,0.0,0.0,0.0,0.0,0.0,0.0,0.0,0.87124753,0.0,1.5078532,0.065486066,0.8791093,0.0,0.1632879,0.87382835,0.0,0.0,0.0,0.8422312,0.0,0.0,1.2269598,0.6106829,0.0,0.56321913,1.1067613,0.0,0.0,0.29715294,0.0,0.0,0.97006625,0.1637839,0.4152873,0.0,0.0,0.0,0.0,0.0,2.025614,0.0,0.0,0.0,0.064088285,0.61556596,0.0,1.5950972,0.0,0.3408143,0.0,0.0,0.012941439,1.8551055,0.0,0.98855406,0.0,0.0,0.0,0.0,0.0,0.0,0.0,0.037571933,2.8698874,0.0,0.053466875,0.0,0.5378661,2.7479877,0.0,3.017056,0.35681754,1.1291895,0.7896091,0.14198655,1.3058745,2.7909076,0.0,1.8346118,0.0,0.688026,0.5316246,0.0,0.0,0.0,0.0,0.0,0.0,0.0,1.0976337,0.7366256,0.0,0.0,0.36156467,0.0,0.0,2,3,0.5736764,country,disco
0.0,0.0,0.0,1.6739488,0.0,0.0,0.7959682,0.0,2.8810346,0.0,0.0,0.0,0.0,0.0,0.0,0.0,0.0,2.4670448,0.0,0.0,0.6332542,1.1717918,0.0,1.3111131,0.0,0.0,0.3734695,0.0,0.36609796,0.0,0.0,0.0,0.0,0.0,0.0,0.0,0.0,0.0,0.0,0.0,0.0,1.4483242,0.07756215,1.0776594,0.0,0.64163584,1.1758417,0.0,0.0,0.20302808,0.35829836,0.0,0.0,1.5233499,1.2054542,0.0,0.61039525,0.944368,0.0,0.0,0.19828172,0.0,0.0,1.1943289,0.034362182,0.6129695,0.0,0.0,0.0,0.0,0.0,2.8605442,0.11608999,0.0,0.0,0.0,1.1599293,0.0,1.6889734,0.0,0.07085262,0.0,0.0,0.6218133,2.3493693,0.0,0.64413273,0.0,0.0,0.0,0.0,0.0,0.0,0.0,0.52225554,2.558005,0.15280107,0.015077096,0.0,0.7306435,3.364094,0.0,3.2136102,0.52258307,1.4229798,1.4223782,0.15948963,1.3175613,2.1660814,0.0,1.8123434,0.0,0.40473118,0.54688644,0.0,0.19768423,0.0,0.0,0.0,0.0,0.0,1.0743015,0.6957527,0.0,0.0,1.0048422,0.0,0.0,2,3,0.4247813,country,disco
0.0,0.0,0.0,2.1246386,0.46626624,0.0,0.9946079,0.0,2.666094,0.0,0.0,0.0,0.0,0.0,0.0,0.0,0.0,2.975437,0.0,0.0,0.8615299,1.3236542,0.0,1.2963387,0.0,0.0,0.015187134,0.0,0.7120472,0.0,0.0,0.0,0.0,0.0,0.0,0.0,0.0,0.0,0.0,0.032548532,0.0,1.7713437,0.0,0.44667834,0.0,0.9141239,0.9144931,0.0,0.0,0.42669693,0.46578044,0.0,0.0,1.7632818,1.0616572,0.0,0.7275725,0.82226264,0.0,0.0,0.0,0.0,0.0,0.89638346,0.22189051,0.48775807,0.0,0.0,0.0,0.0,0.0,2.6666386,0.48592088,0.0,0.10712893,0.0,0.53747874,0.0,1.299748,0.0,0.012130906,0.0,0.0,0.25644043,2.2284048,0.0,0.002481723,0.0,0.0,0.0,0.0,0.0,0.0,0.0,0.2808705,2.6511853,0.055830408,0.0,0.0,0.5635658,3.0065029,0.0,3.910133,0.72961843,2.0489132,1.0302857,0.8060086,0.775906,1.9904206,0.0,1.9331751,0.0,0.5145446,0.76516205,0.0,0.0,0.0,0.0,0.0,0.0,0.0,1.0134864,1.0946455,0.0,0.0,0.6673185,0.0,0.0,2,0,0.43580544,country,blues
0.0,0.0,0.0,1.8213216,0.19263078,0.0,1.1524996,0.0,2.4482534,0.0,0.0,0.0,0.0,0.0,0.0,0.0,0.0,2.7483459,0.0,0.0,0.5617563,1.4822519,0.0,1.2393653,0.10536495,0.0,0.19841196,0.0,0.55723196,0.0,0.0,0.0,0.046986822,0.0,0.0,0.0,0.0,0.0,0.0,0.2368769,0.0,1.5286317,0.0,0.7273186,0.0,0.8223116,0.7402654,0.0,0.0,0.10822936,0.7273395,0.0,0.0,1.5151683,0.79810697,0.0,0.70428014,0.3361972,0.0,0.0,0.053440247,0.0,0.0,0.7471592,0.33834258,0.3043495,0.0,0.0,0.0,0.0,0.0,2.3270051,0.30108336,0.0,0.111134246,0.0,0.53199,0.0,1.0886674,0.0,0.0,0.0,0.0,0.36485627,2.0540001,0.0,0.0,0.0,0.0,0.0,0.0,0.0,0.0,0.0,0.2659212,2.6510952,0.30798137,0.0,0.0,0.2781152,2.767151,0.0,3.622104,0.8296619,2.1913939,1.110387,0.6406193,0.5147114,1.3924963,0.0,2.0847754,0.0,0.58540463,0.832849,0.0,0.0,0.0,0.0,0.0,0.0,0.0,0.77770954,1.1549032,0.0,0.0,0.3414745,0.022484817,0.0,2,0,0.41964275,country,blues
0.17925899,0.0,0.0,0.97409886,0.07765228,0.0,0.8691082,0.0,2.0465245,0.0,0.0,0.0007487142,0.0,0.0,0.0,0.0,0.0,1.7995962,0.0,0.0,0.47787216,0.84870964,0.0,0.9978366,0.13891149,0.0,0.12894775,0.0,0.50214636,0.0,0.0,0.0,0.0,0.0,0.0,0.0,0.0,0.0,0.0,0.0,0.0,0.94812953,0.0,0.19062777,0.0,0.44691956,1.0648904,0.0,0.0,0.32935157,0.92332166,0.0,0.0,1.2821691,0.38309002,0.0,0.6084245,0.0,0.0,0.0,0.0,0.0,0.0,0.61622286,0.31135827,0.4949787,0.0,0.0,0.0,0.0,0.0,2.109769,0.2286442,0.0,0.0,0.0,0.032554884,0.0,1.0825056,0.0,0.0,0.0,0.0,0.23850654,0.874204,0.0,0.0,0.0,0.0,0.0,0.0,0.0,0.0,0.0,0.4855948,2.5029435,0.019243341,0.0,0.0,0.23021112,2.3614454,0.0,2.3332317,0.8327837,1.6181358,0.85407704,0.32356766,1.3380358,1.3074132,0.0,1.1954358,0.0,0.6823574,0.29359424,0.0,0.0,0.0,0.0,0.0,0.0,0.0,0.045491654,1.0949019,0.0,0.0,0.2523879,0.0,0.0,2,2,0.31732145,country,country
0.0,0.0,0.0,1.8726963,0.0,0.0,1.0888269,0.78663623,1.7236352,0.0,0.0,0.93597114,0.0,0.0,0.0,0.47774792,0.0,1.580095,0.0,0.0,1.1689107,0.0,0.0,0.75738955,0.0,0.0,0.877927,0.0024032216,0.0,0.0,0.0,0.0,0.2374598,0.0,0.0,0.0,0.7636885,0.0,0.0,1.2589794,0.8497563,0.0,0.54423946,0.0,0.0,0.0,0.014765208,0.7824848,0.0,0.0,1.5161091,0.0,0.0,0.0,0.0,0.0,0.0,0.8932245,0.0,0.0,1.6279197,1.0178717,0.41117525,1.7793206,0.0,0.0,0.5306483,0.0,0.0,0.0,0.0,0.43276924,0.0,0.0,0.0,0.39912206,1.4263206,0.0,1.259408,0.0,0.5359494,0.0,0.0,1.4471465,0.0,0.1704043,1.9060278,0.0,0.0,0.0,0.0,0.0,1.813179,0.0,0.0,2.3107781,0.0,0.0,1.8481717,0.0,2.2167745,0.0,1.3560668,0.7870184,0.0,1.2558604,0.0,1.0628397,2.691824,0.0,1.8317955,0.53689235,0.41297558,0.0,0.11234734,0.0,0.0,0.0,0.0,0.0,0.0,0.92622304,0.0,0.0,0.0,0.248085,0.7354347,0.0,3,3,0.95850265,disco,disco
0.0,0.0,0.0,2.0588074,0.0,0.0,1.1035755,0.5727912,1.474123,0.0,0.0,1.3820949,0.0,0.0,0.0,0.5589212,0.0,1.7944708,0.0,0.1997483,0.93913764,0.0,0.0,0.5416428,0.0,0.0,0.95271367,0.04330249,0.0,0.0,0.0,0.0,0.036934573,0.0,0.0,0.0,0.6121404,0.0,0.0,1.1733241,0.76487404,0.0,0.18050347,0.0,0.0,0.0,0.0,0.4642011,0.0,0.0,1.5292761,0.0,0.0,0.0,0.0,0.0,0.0,0.60943156,0.0,0.0,1.3445451,1.4390751,0.81241935,1.5885593,0.0,0.0,0.7412855,0.0,0.0,0.0,0.0,0.46215448,0.0,0.0,0.0,0.26813316,1.4686397,0.0,1.1695658,0.0,0.11430743,0.0,0.0,1.7857405,0.0,0.0,1.8505443,0.0,0.0,0.0,0.0,0.0,1.7509692,0.0,0.0,2.057864,0.0,0.0,1.5364044,0.0,1.8053757,0.0,1.5168049,0.73100877,0.0,1.2326189,0.0,0.85056204,2.236128,0.0,2.0539966,0.25783867,0.45796221,0.0,0.0,0.0,0.0,0.0,0.0,0.0,0.0,0.94753224,0.0,0.0,0.0,0.24913464,0.9089651,0.0,3,3,0.92581254,disco,disco
0.0,0.0,0.0,1.8030723,0.0,0.0,1.069126,1.1172035,1.4939512,0.0,0.0,0.98201007,0.0,0.0,0.0,0.70381105,0.0,1.7269795,0.0,0.0,1.1858747,0.0,0.0,0.53426623,0.0,0.0,1.0088893,0.0,0.0,0.0,0.0,0.0,0.2437688,0.0,0.0,0.0,0.85529804,0.0,0.0,1.0868973,1.0259979,0.0,0.20322302,0.0,0.0,0.0,0.0,0.7473994,0.0,0.0,1.5571669,0.0,0.0,0.0,0.0,0.0,0.0,0.8457182,0.0,0.0,1.7054399,1.5054959,0.4923458,1.5560873,0.0,0.0,0.86288375,0.0,0.0,0.0,0.0,0.47470042,0.0,0.0,0.0,0.25070116,1.5260664,0.0,1.0362757,0.0,0.20735672,0.0,0.0,1.6857109,0.0,0.08376912,1.8765273,0.0,0.0,0.0,0.0,0.0,1.8522638,0.0,0.0,2.0325882,0.0,0.0,1.8797956,0.0,2.087907,0.0,1.3843637,0.55347025,0.0,1.1661414,0.0,0.9467465,2.6981373,0.0,2.1081302,0.68950117,0.56750745,0.0,0.0,0.0,0.0,0.0,0.0,0.0,0.0,0.88156205,0.0,0.0,0.0,0.4166626,0.5962951,0.0,3,3,0.9495211,disco,disco
0.0,0.0,0.0,1.8385252,0.0,0.0,1.4485369,1.1091083,2.183852,0.0,0.0,0.60368884,0.0,0.0,0.0,0.6755008,0.0,1.8464992,0.0,0.0,1.0973526,0.11951123,0.0,0.6514965,0.0,0.0,1.6742182,0.0,0.0,0.0,0.0,0.0,0.44107375,0.0,0.0,0.0,0.047581542,0.0,0.0,1.2737947,1.004177,0.0,0.1732444,0.10209204,0.0,0.0,0.0,0.94065887,0.0,0.0,1.803729,0.0,0.0,0.0,0.0,0.0,0.0,0.7480984,0.0,0.0,1.8053043,0.9293825,0.40798664,2.2407398,0.0,0.0,0.5569118,0.0,0.0,0.0,0.0,0.49560413,0.0,0.0,0.0,0.65043896,1.0855285,0.0,1.3006269,0.0,0.4845701,0.0,0.0,0.76699996,0.0,0.2245237,2.248255,0.0,0.0,0.0,0.0,0.0,1.7336953,0.0,0.0,2.518096,0.0,0.3974342,1.9370015,0.0,2.549807,0.0,1.6020447,0.8754017,0.0,0.66322076,0.0,1.723306,3.0394785,0.0,2.1943278,0.6196077,0.44228125,0.0,0.0752125,0.0,0.0,0.0,0.0,0.0,0.0,0.87732273,0.0,0.0,0.0,0.09786381,0.13646618,0.0,3,3,0.98424536,disco,disco
0.0,0.0,0.0,2.1474295,0.0,0.0,1.7652903,0.38116813,2.547189,0.0,0.0,0.0,0.0,0.0,0.0,0.47089002,0.0,2.5479205,0.0,0.0,1.3038431,0.6244714,0.0,0.31125593,0.07145573,0.0,1.3902054,0.0,0.43314663,0.0,0.0,0.0,0.72563213,0.0,0.0,0.0,0.0,0.0,0.0,1.9821532,0.40626818,0.0,0.0,1.1807274,0.0,0.0,0.1794408,0.0,0.0,0.0,2.350101,0.0,0.0,0.3741457,0.0,0.006381123,0.0,1.120338,0.0,0.0,1.3621733,0.14487457,0.5486136,2.3686213,0.0,0.0,0.9017672,0.0,0.0,0.0,0.0,0.40926066,0.0,0.0,0.0,0.44738007,0.73363924,0.0,1.6726322,0.0,1.108343,0.0,0.0,0.0,0.54672164,0.17579684,1.9216504,0.0,0.0,0.0,0.0,0.0,0.8189882,0.0,0.7503586,2.6314223,0.0,1.1253995,0.77965164,0.0,2.8450162,0.0,2.7398899,0.3284603,0.0,0.75544554,0.0,1.8669258,3.188029,0.0,2.989014,0.18087062,0.0,0.13863012,0.0,0.0,0.0,0.024631485,0.0,0.0,0.0,0.71333075,0.0,0.0,0.0,0.0,0.0,0.0,3,3,0.93963504,disco,disco
0.57634753,0.0,0.0,0.7439868,0.0,0.0,1.236622,1.0450972,3.3099627,0.0,0.0,0.6106816,0.0,0.0,0.0,0.9571738,0.0,0.73364455,0.0,0.0,0.0,0.0,0.0,1.3308665,0.0,0.0,1.3525918,0.23223457,0.15416819,0.0,0.0,0.0,0.0,0.0,0.0,0.0,0.69985306,0.0,0.0,1.3557609,0.40319014,0.0,0.029010763,1.9884609,0.0,0.0,0.9699507,0.0,0.0,0.0,2.354712,0.0,0.0,0.0,0.0,0.08066358,0.0,0.26949495,0.0,0.0,2.2950373,0.0,0.0,2.338944,0.12966777,0.0,0.71121037,0.0,0.0,0.0,0.0,1.3808507,0.0,0.0,0.0,0.81112236,1.360985,0.0,1.9256108,0.0,1.2726214,0.0,0.0,0.940875,0.12076766,0.9392671,1.9787941,0.0,0.0,0.0,0.0,0.0,2.1984074,0.0,0.0,3.6815407,0.27690768,2.4903667,1.7812988,0.0,2.3413415,0.0,1.2442113,1.7645978,0.0,1.3590953,0.0,2.4794517,2.2409637,0.0,2.045976,0.0,0.83907753,0.0,0.42064717,0.0,0.0,0.0,0.0,0.0,0.0,1.9643291,0.0,0.0,0.0,0.0,0.22733615,0.0,3,3,0.9986891,disco,disco
1.142227,0.0,0.0,1.4296187,0.0,0.0,1.2342018,0.40408957,2.6261759,0.0,0.0,0.54961044,0.0,0.0,0.0,0.49261838,0.0,1.0460991,0.0,0.0,0.35970202,0.13106237,0.0,1.99816,0.0,0.0,0.87548316,0.119975045,0.0,0.0,0.0,0.0,0.014253007,0.0,0.0,0.0,0.37916934,0.21680704,0.0,1.4077173,0.3268851,0.042961586,0.6622791,1.8550527,0.0,0.0,1.1197,0.21308717,0.0,0.0,2.4302275,0.0,0.0,0.15130882,0.0,0.0,0.0,0.21151587,0.0,0.0,2.1414561,0.0,0.0,1.9186707,0.5412783,0.0,0.5854848,0.0,0.0,0.0,0.0,1.5328233,0.0,0.0,0.0,0.7578052,1.712593,0.0,2.3329647,0.0,1.5836611,0.0,0.0,0.7984351,0.8644389,0.42050356,1.1494586,0.0,0.0,0.0,0.0,0.0,1.5885507,0.0,0.0,3.4845672,0.86479884,2.0562344,1.4133095,0.0,2.519783,0.0,1.6493226,1.2826895,0.0,1.9282067,0.0,2.667161,2.6827111,0.0,1.670252,0.0,0.7192602,0.0,0.06779515,0.0,0.0,0.0,0.0,0.0,0.0,2.037194,0.0,0.0,0.0,0.2388493,0.16178446,0.0,3,3,0.99580634,disco,disco
1.3951449,0.0,0.0,1.7353301,0.0,0.0,1.2901493,0.4836403,2.005233,0.0,0.0,0.59277105,0.0,0.0,0.0,0.43663383,0.0,1.4541612,0.0,0.0,0.51050967,0.35885125,0.0,1.9442116,0.0,0.0,0.0,0.19512908,0.0,0.0,0.0,0.0,0.35456175,0.0,0.28601268,0.0,0.10655575,0.31402245,0.0,1.1653471,0.22110419,0.036588132,1.1132126,1.7843605,0.0,0.0,1.2792594,0.0,0.0,0.0,2.0543995,0.0,0.0,0.027693793,0.0,0.0,0.0,0.38503855,0.0,0.0,1.9075711,0.0,0.055426147,1.1836739,0.4822232,0.004248751,0.67477405,0.0,0.0,0.0,0.0,1.0217428,0.0,0.0,0.0,0.6884462,2.2657158,0.0,2.090054,0.0,1.5088573,0.0,0.0,1.0066673,1.0244343,0.040625867,1.0451252,0.0,0.0,0.0,0.0,0.0,1.6857784,0.0,0.0,2.867611,1.4480884,1.661631,1.0533159,0.0,1.827141,0.0,1.7374494,0.5582677,0.0,2.2437723,0.0,2.1658537,2.1147652,0.0,1.9582634,0.0,0.3023687,0.0,0.27496648,0.15707499,0.0,0.0,0.0,0.0,0.0,2.0614593,0.0,0.0,0.0,0.0,0.4721944,0.0,3,3,0.9750013,disco,disco
1.5411196,0.0,0.0,2.0125868,0.0,0.0,1.1797888,0.8444308,1.5504769,0.0,0.0,0.5566012,0.0,0.0,0.0,0.47364438,0.0,1.3927814,0.0,0.0,0.88560504,0.5397793,0.0,2.3750832,0.0,0.0,0.0,0.6530697,0.11480244,0.0,0.0,0.0,0.4991487,0.0,0.43400693,0.0,0.45989367,0.50864166,0.0,1.3662835,0.8553208,0.023646845,1.0695889,1.9643854,0.054817107,0.0,1.8377193,0.0,0.0,0.0,1.6801469,0.0,0.0,0.0,0.0,0.0,0.0,0.9981853,0.0,0.0,1.8979136,0.0,0.28223497,1.3244714,0.09387167,0.2685457,0.97293305,0.0,0.0,0.0,0.0,0.5442649,0.0,0.0,0.0,0.82962984,2.4891005,0.0,2.0325363,0.0,1.7506443,0.0,0.0,1.146767,1.3196019,0.0,1.1269902,0.0,0.0,0.0,0.0,0.0,1.3474575,0.0,0.0,2.2633047,2.3202558,2.071953,1.572024,0.44558904,1.786847,0.0,1.7736646,0.525722,0.0,2.3653095,0.0,1.6101203,2.2055953,0.0,1.808988,0.0,0.14533073,0.0,0.8885365,0.20720464,0.0,0.0,0.30788115,0.0,0.0,2.679708,0.0,0.0,0.0,0.26765922,0.8963877,0.0,3,3,0.9710397,disco,disco
1.5420688,0.0,0.0,1.8957478,0.0,0.0,1.191065,0.9862019,2.2565699,0.0,0.0,0.0,0.0,0.0,0.0,0.05817773,0.0,1.3214043,0.0,0.0,1.0371095,0.8992589,0.0,2.6511233,0.0,0.0,0.0,0.14010298,0.27456066,0.0,0.0,0.0,0.42962328,0.0,0.0,0.0,0.37757263,0.31661868,0.0,1.3328644,1.0351585,0.5050991,0.83403194,2.178858,0.0,0.0,1.7054404,0.33681074,0.0,0.0,1.9100845,0.0,0.0,0.03866856,0.0,0.0,0.0,1.4752398,0.0,0.0,2.0891442,0.0,0.0,1.9764764,0.0,0.0,1.0568295,0.0,0.0,0.0,0.0,1.529341,0.0,0.0,0.0,0.74942213,1.8056277,0.0,2.2492414,0.0,2.22212,0.0,0.0,0.68211496,1.4830312,0.5189471,1.0254582,0.0,0.0,0.0,0.0,0.0,0.70716953,0.0,0.0,2.6624246,2.1527615,2.6858819,1.8500813,0.0,2.3595796,0.0,1.4534101,0.19188227,0.0,2.6763456,0.0,2.292267,2.6120474,0.0,1.5005043,0.0,0.43034387,0.0,0.7416034,0.0,0.0,0.0,0.0,0.0,0.0,2.409637,0.0,0.0,0.0,0.8573974,0.19126433,0.0,3,3,0.98950326,disco,disco
0.0,0.0,0.0,1.5125116,0.0,0.0,1.7500176,0.55768704,2.886919,0.0,0.0,0.0,0.0,0.16430704,0.0,0.9528179,0.0,2.0127134,0.0,0.0,0.0,1.8536974,0.0,1.4777387,0.0,0.0,1.8873981,0.35664684,0.0,0.0,0.0,0.0,0.0,0.0,0.0,0.0,0.0,0.0,0.0,1.8855361,1.5781178,0.0,0.0,1.4244341,0.0,0.0,1.1228497,0.0,0.0,0.0,2.452163,0.0,0.0,0.2850282,0.0,1.087298,0.0,0.89906394,0.0,0.0,0.87518424,0.0,0.0,2.9673033,0.0,0.17665586,0.99923295,0.0,0.0,0.0,0.0,0.45625067,0.0,0.0,0.0,1.7969352,0.5487858,0.0,2.8341155,0.0,1.0391966,0.0,0.0,0.32940993,0.28064653,0.75665617,2.4029984,0.0,0.0,0.0,0.0,0.0,2.0322275,0.0,0.413173,2.8726504,0.0,2.332369,1.1023139,0.0,3.094323,0.0,1.8902174,1.3142625,0.0,0.44172272,0.0,2.5025895,3.0682921,0.0,2.7957652,0.56113267,0.255663,0.25168395,0.29879212,0.0,0.0,0.0,0.059133854,0.0,0.0,1.7890009,0.0,0.0,0.0,0.05408995,0.0,0.0,3,3,0.9980539,disco,disco
0.0,0.0,0.0,1.7980973,0.0,0.0,1.7081506,0.51653385,3.1239593,0.0,0.0,0.14704935,0.0,0.11993121,0.0,0.8038191,0.0,2.1039932,0.0,0.0,0.0,1.3313895,0.0,1.8635645,0.0,0.0,1.4593682,0.09072388,0.0,0.0,0.0,0.0,0.0,0.0,0.0,0.0,0.0,0.0,0.0,1.556602,0.9538278,0.0,0.0,1.5153497,0.0,0.0,1.1339712,0.0,0.0,0.0,2.5739717,0.0,0.0,0.84743625,0.0,0.61445415,0.0,0.5612346,0.0,0.0,0.8376834,0.0,0.0,3.2592363,0.0,0.24212258,0.7298154,0.0,0.0,0.0,0.0,0.9010749,0.0,0.0,0.0,1.5605385,0.5690986,0.0,2.8891323,0.0,1.0510952,0.0,0.0,0.54472744,0.5214774,0.7657029,2.2317443,0.0,0.0,0.0,0.0,0.0,1.8136563,0.0,0.5325804,3.1363358,0.0,2.1978776,0.608577,0.04530526,3.2962217,0.0,1.9497045,1.1973922,0.0,1.0103427,0.0,2.8705394,3.125724,0.0,2.6566935,0.0,0.58847606,0.0,0.082925275,0.0,0.0,0.0,0.0,0.0,0.0,1.8222687,0.0,0.0,0.0,0.18052836,0.0,0.0,3,3,0.9981839,disco,disco
0.0,0.0,0.0,2.004762,0.0,0.0,2.468354,0.45616275,3.4734263,0.0,0.0,0.639383,0.0,0.19144882,0.0,0.64733076,0.0,1.5994489,0.0,0.0,0.0,0.49905506,0.0,1.7025656,0.0,0.0,1.1635449,0.035580575,0.40475073,0.0,0.0,0.0,0.0,0.0,0.0,0.0,0.0,0.019799264,0.0,1.7384818,0.0,0.0,0.0,1.6425215,0.0,0.0,1.056979,0.0,0.0,0.0,3.137833,0.0,0.0,0.91556203,0.0,0.0,0.0,0.08716129,0.0,0.0,0.7923279,0.0,0.0,2.5534055,0.0,0.0,0.7420463,0.0,0.10793427,0.0,0.0,1.2636687,0.0,0.0,0.0,1.3478011,0.99558544,0.0,3.0127616,0.0,1.1661512,0.0,0.0,0.9448203,1.0746558,0.39707705,2.0050015,0.0,0.0,0.0,0.0,0.0,1.6258516,0.0,0.08288754,3.1744597,0.0,1.536024,0.66738576,0.0,2.5397396,0.0,2.6851463,1.1980404,0.11380489,1.803772,0.0,2.8125863,2.7917187,0.0,2.4619746,0.0,0.5153213,0.0,0.0,0.0,0.0,0.0,0.019331785,0.0,0.0,1.2608892,0.0,0.0,0.0,0.043575972,0.30774134,0.0,3,3,0.99597305,disco,disco
0.0,0.0,0.0,1.7722121,0.0,0.0,1.9290133,0.7506877,3.883432,0.0,0.0,0.67412955,0.0,0.24021381,0.0,0.40508407,0.0,1.1986912,0.0,0.0,0.0,0.63889307,0.0,1.284583,0.0,0.0,1.8531859,0.24299696,0.0,0.0,0.0,0.0,0.0,0.0,0.0,0.0,0.12942737,0.0,0.0,1.5380051,0.45826408,0.0,0.0,0.9132428,0.0,0.0,0.49189898,0.1312728,0.0,0.0,3.0318027,0.0,0.0,0.94239,0.0,0.0,0.0,0.023721104,0.0,0.0,0.9418188,0.07379946,0.0,2.501489,0.0,0.0,0.60961336,0.0,0.2100318,0.0,0.0,1.3003178,0.0,0.0,0.0,1.5889826,0.88160723,0.0,2.2300978,0.0,1.0873808,0.0,0.0,0.7123513,0.66303784,0.61636275,2.0601094,0.0,0.0,0.0,0.0,0.0,1.3534644,0.0,0.0,2.905989,0.0,1.618629,1.0637375,0.0,2.486236,0.0,2.3981576,1.3743153,0.0,1.3571867,0.0,2.756486,2.416172,0.0,2.344888,0.0,0.769756,0.0,0.18026847,0.0,0.0,0.11683368,0.0,0.0,0.0,1.3654771,0.23488256,0.0,0.0,0.10077839,0.013373517,0.0,3,3,0.9967186,disco,disco
0.0,0.0,0.0,1.0970325,0.0,0.0,1.2193911,0.40615502,3.44092,0.0,0.0,0.03462667,0.0,0.11523102,0.0,0.48017997,0.0,1.8327904,0.0,0.0,0.0,1.6983364,0.0,1.5670277,0.0,0.0,1.8748691,0.043940682,0.0,0.0,0.0,0.0,0.0,0.0,0.0,0.0,0.0,0.0,0.0,1.424241,1.266126,0.0,0.0,0.90823114,0.0,0.0,0.85898936,0.0,0.0,0.0,2.168554,0.0,0.0,0.9417649,0.0,0.6040896,0.0,0.3815376,0.0,0.0,0.78241915,0.0,0.0,2.781594,0.0,0.32285297,0.37150306,0.0,0.0,0.0,0.0,0.80836195,0.0,0.0,0.0,1.9725537,0.26805288,0.0,2.142421,0.0,0.58421534,0.0,0.0,0.0,0.040849008,0.8313234,2.0430317,0.0,0.0,0.0,0.0,0.0,1.4504571,0.0,0.15024908,2.9218955,0.0,1.9637473,1.0035472,0.080331504,2.9572296,0.0,1.4290556,1.2033511,0.0,0.22426184,0.0,2.684369,2.4113119,0.0,2.4771829,0.22576542,0.73388875,0.0,0.10592136,0.0,0.0,0.0,0.0,0.0,0.0,1.6378558,0.18997693,0.0,0.0,0.0,0.0,0.0,3,3,0.9958805,disco,disco
0.0,0.0,0.0,1.8446357,0.0,0.0,0.6470933,0.24145621,2.5373604,0.0,0.0,0.0,0.0,0.0,0.0,0.5389032,0.0,2.8157253,0.0,0.0,1.6554223,1.2546031,0.0,1.4762454,0.36166462,0.0,0.8213773,0.0,0.25210345,0.0,0.0,0.0,0.5473559,0.0,0.0,0.0,0.0,0.0,0.0,1.1181422,0.88238156,0.0,0.0,1.2613966,0.0,0.0,0.9501871,0.27570665,0.0,0.0,1.4902765,0.0,0.0,0.0,0.0,0.17897838,0.0,1.0901315,0.0,0.0,0.9801187,0.15615627,0.9582204,2.1798654,0.0,0.6397274,0.76077056,0.0,0.0,0.0,0.0,0.3763251,0.0,0.0,0.0,0.43023947,1.4506654,0.0,2.3523033,0.0,0.0,0.0,0.0,0.0,0.0,0.2007649,1.4223088,0.0,0.0,0.0,0.0,0.0,1.8550825,0.0,0.8323178,2.8412006,0.0,1.6241153,1.6161944,0.0,2.0588224,0.0,0.2725212,0.3802508,0.0,0.55744135,0.0,1.9159856,2.747623,0.0,2.9858768,0.112667955,0.5747922,0.0,0.025861563,0.0,0.0,0.0,0.0,0.0,0.0,1.3999684,0.0,0.56197166,0.0,0.0,0.027922355,0.0,3,3,0.9863144,disco,disco
1.0180714,0.0,0.0,1.6219126,0.0,0.0,0.30182582,1.2629476,1.9658253,0.0,0.09645546,0.0,0.0,0.0,0.0,0.13246632,0.0,1.8689699,0.0,0.0,1.7765331,0.4367762,0.0,1.8278445,0.045226455,0.0,0.7241908,0.0,0.0,0.0,0.0,0.0,0.39733002,0.0,0.0,0.0,0.5622625,0.0,0.0,0.7471671,1.7655654,0.0,0.6117331,0.32374153,0.0,0.0,0.6657326,1.1862458,0.0,0.0,0.4262075,0.0,0.0,0.0,0.0,0.02906668,0.0,1.112683,0.0,0.0,1.6442566,0.7376283,0.33619404,1.3471531,0.0,0.0,1.2150527,0.0,0.0,0.0,0.0,0.0,0.0,0.0,0.0,0.0,1.8553803,0.0,2.0158296,0.0,0.0,0.0,0.0,1.5231133,0.0,0.38389114,1.9908315,0.0,0.0,0.0,0.0,0.0,2.1157587,0.0,0.0,2.0074985,0.018764842,1.2082906,2.486423,0.0,1.7488381,0.0,0.0,0.26014376,0.0,0.7414127,0.0,1.2889118,2.3121073,0.0,2.0864697,0.23105374,0.48155355,0.0,0.49793422,0.0,0.0,0.0,0.0,0.0,0.0,1.3509319,0.0,0.4815684,0.0,0.030423405,0.104402244,0.0,3,3,0.97895014,disco,disco
1.345421,0.0,0.0,1.8852674,0.0,0.10646459,0.863942,1.6424471,1.7512193,0.0,0.0,0.61162275,0.0,0.0,0.0,0.0,0.0,1.1910483,0.0,0.0,1.4330918,0.0,0.0,2.0701354,0.0,0.0,0.29337928,0.42439497,0.0,0.0,0.0,0.0,0.022925185,0.0,0.0,0.0,1.2673247,0.0,0.0,0.4748519,1.5009688,0.0,0.8212529,0.0,0.0,0.0,0.83508486,0.9590265,0.0,0.0,0.471002,0.48163778,0.0,0.0,0.0,0.0,0.0,0.7349271,0.0,0.0,1.5891978,0.89429337,0.109040886,0.71564287,0.0,0.0,1.4870503,0.0,0.0,0.0,0.0,0.2674645,0.0,0.0,0.0,0.0,2.364083,0.0,1.9880508,0.0,0.3295669,0.0,0.0,2.2007918,0.22206791,0.0,1.5937011,0.0,0.0,0.0,0.0,0.0,2.1141984,0.0,0.0,1.8414452,0.5864717,1.0810277,2.854312,0.0,1.5429475,0.0,0.16943163,0.52433795,0.0,1.8338825,0.0,1.3034285,2.0140321,0.0,1.2883526,0.0,0.6682004,0.0,0.84217334,0.54806346,0.0,0.0,0.0,0.0,0.0,1.6201655,0.0,0.35642993,0.0,0.26216894,0.15127882,0.0,3,3,0.9440946,disco,disco
1.4886655,0.0,0.0,2.086472,0.0,0.07664656,0.6388752,1.2376548,2.0870144,0.0,0.3770995,0.56460726,0.0,0.0,0.0,0.0,0.0,1.352531,0.0,0.0,1.3173529,0.15791063,0.0,2.2254536,0.0,0.0,0.78496,0.3757265,0.0,0.0,0.0,0.0,0.10889502,0.0,0.0,0.0,0.978103,0.0,0.0,0.3873377,1.4995503,0.0,0.5078611,0.2893702,0.0,0.0,1.560726,1.0248362,0.0,0.0,0.5685227,0.44913402,0.0,0.0,0.15788972,0.0,0.0,0.8827031,0.0,0.0,1.5596094,0.47605717,0.22337821,0.95866466,0.0,0.086307056,1.752745,0.0,0.0,0.0,0.0,0.52341807,0.0,0.0,0.0,0.0,2.4206362,0.0,1.8013002,0.0,0.81384635,0.0,0.0,1.7398646,0.6574896,0.0,1.2659495,0.0,0.0,0.0,0.0,0.0,1.8140718,0.0,0.0,2.1941867,0.7037795,1.4660254,2.9124353,0.0,2.1031451,0.0,0.3521671,0.51089585,0.0,1.6041505,0.0,1.2406143,1.8241451,0.0,1.3399307,0.0,0.8635847,0.0,1.1381258,0.09064905,0.0,0.0,0.0,0.0,0.0,2.0390494,0.0,0.5119488,0.0,0.511212,0.0,0.0,3,3,0.9647473,disco,disco
0.8494138,0.0,0.0,1.736857,0.0,0.0,0.22247268,1.0081571,2.021586,0.0,0.0,0.8768717,0.0,0.0,0.0,0.18773529,0.0,1.5861031,0.0,0.0,1.4880998,0.12819165,0.0,1.5629139,0.0,0.0,0.95507616,0.12257012,0.0,0.0,0.0,0.0,0.0,0.0,0.0,0.0,0.60689706,0.0,0.0,0.74724686,1.1963577,0.0,0.2358355,0.0,0.0,0.0,1.1695493,1.0828782,0.0,0.0,0.5990513,0.0,0.0,0.0,0.0,0.0,0.0,1.0392746,0.0,0.0,1.3457334,0.9272967,0.33172122,0.9545064,0.0,0.06654498,1.2608715,0.0,0.0,0.0,0.0,0.45912343,0.0,0.0,0.0,0.047271818,1.9726645,0.0,1.9312903,0.0,0.0,0.0,0.0,1.786332,0.080109484,0.0,1.8492044,0.0,0.0,0.0,0.0,0.0,1.9018972,0.0,0.0,2.4270613,0.0,0.7591924,2.7424595,0.0,2.353459,0.0,0.36082935,0.99951345,0.0,1.1844233,0.0,1.5847807,1.8942784,0.0,1.4475242,0.0,0.838136,0.0,0.44997934,0.0,0.0,0.0,0.0,0.0,0.0,1.7895594,0.0,0.042278167,0.0,0.5221108,0.23271719,0.0,3,3,0.9813286,disco,disco
0.0,0.0,0.0,1.5750811,0.0,0.0,2.4967947,0.15500484,2.395855,0.0,0.0,0.0,0.0,0.0,0.0,0.5472051,0.0,2.4878314,0.0,0.0,0.0,2.080401,0.0,0.9666395,0.0,0.0,1.145047,0.15249275,0.0,0.0,0.0,0.0,0.0,0.0,0.0,0.0,0.0,0.0,0.0,1.7890476,0.0,0.0,0.0,1.4763291,0.0,0.0,0.911708,0.0,0.0,0.0,2.493051,0.0,0.0,0.7193782,0.0,0.0,0.0,0.0,0.0,0.0,0.6101742,0.16157937,0.0,1.2821121,0.0,0.1259255,0.17908183,0.0,0.0,0.0,0.0,1.4264764,0.0,0.0,0.0,1.2414995,0.40319574,0.0,1.9046675,0.0,0.5073952,0.0,0.0,0.07461415,0.7351331,0.0,1.3934878,0.0,0.0,0.0,0.0,0.0,0.75349444,0.0,0.04691579,2.6654212,0.0,1.347872,0.56847155,0.0,2.762797,0.0,2.8571231,1.0628709,0.56479675,0.16617803,0.0,1.8860346,1.8620417,0.0,3.223922,0.0,0.61496896,0.0,0.0,0.0,0.0,0.0,0.0,0.0,0.0,1.5732193,0.0,0.0,0.0,0.0,0.08394775,0.0,3,3,0.9679772,disco,disco
0.0,0.0,0.0,1.2308528,0.0,0.32121402,1.9347417,0.2633445,2.236005,0.0,0.0,0.20062569,0.0,0.23555708,0.0,0.6087114,0.0,2.235763,0.0,0.0,0.0,1.8927497,0.0,0.84999937,0.0,0.0,1.9109029,0.029035939,0.0,0.0,0.0,0.0,0.0,0.0,0.0,0.0,0.0,0.0,0.0,2.1014898,0.22679526,0.0,0.0,2.0596523,0.0,0.0,0.51480794,0.0,0.0,0.0,2.1807551,0.0,0.0,0.5979562,0.0,0.06683325,0.51111907,0.07927407,0.0,0.0,0.522975,0.4894777,0.0,1.0433028,0.0,0.01099393,0.7745192,0.0,0.0,0.0,0.0,1.6217928,0.0,0.0,0.0,1.194937,0.19526304,0.0,1.6713663,0.0,0.1958904,0.0,0.0,0.54039484,1.1785516,0.0,2.0143337,0.0,0.0,0.0,0.0,0.0,0.62869316,0.0,0.2567388,2.353845,0.0,1.5795251,0.68946886,0.0,2.8331256,0.0,2.748795,1.1412847,0.3861119,0.0,0.0,1.6825501,2.4379642,0.0,2.9028635,0.0,0.9090634,0.0,0.0,0.0,0.0,0.0,0.0,0.0,0.0,1.9108496,0.0,0.0,0.0,0.009905981,0.0,0.0,3,3,0.97796774,disco,disco
0.0,0.0,0.0,0.9932898,0.0,0.3938663,1.8250389,0.39901328,2.0557628,0.0,0.0,0.07858238,0.0,0.54564184,0.0,0.80888015,0.0,2.1695247,0.0,0.0,0.0,1.8187821,0.0,0.9058577,0.0,0.0,2.0568042,0.23064241,0.0,0.0,0.0,0.0,0.0,0.0,0.0,0.0,0.0,0.0,0.0,1.8593918,0.34203297,0.0,0.0,2.0311096,0.0,0.0,0.67904264,0.0,0.0,0.0,1.9772947,0.0,0.0,0.4557935,0.0,0.12764768,0.5122572,0.32568398,0.0,0.0,0.61932015,0.23835444,0.0,1.05514,0.0,0.10236349,1.1132575,0.0,0.032220785,0.0,0.0,2.0002937,0.0,0.0,0.0,1.2495906,0.24353777,0.0,1.6807978,0.0,0.3874707,0.0,0.0,0.55796343,1.4908745,0.0,1.9938699,0.0,0.0,0.0,0.0,0.0,0.6922693,0.0,0.10239596,2.4192343,0.0,1.7677952,0.7357998,0.0,2.892121,0.0,2.705326,1.4118311,0.17053506,0.0,0.0,1.5318369,2.4525125,0.0,2.6871114,0.0,1.2284803,0.0,0.0,0.0,0.0,0.0,0.0,0.0,0.0,2.1114523,0.09075507,0.0,0.0,0.15626054,0.0,0.0,3,3,0.98537165,disco,disco
0.0,0.0,0.0,1.0381006,0.0,0.0,2.2342143,0.34063342,2.9416494,0.0,0.0,0.20377193,0.0,0.0,0.0,0.8711308,0.0,2.3864408,0.0,0.0,0.0,2.0865164,0.0,1.3464253,0.0,0.0,1.8220893,0.11061742,0.0,0.0,0.0,0.0,0.0,0.0,0.0,0.0,0.0,0.0,0.0,1.7133147,0.0,0.0,0.0,1.5715501,0.0,0.0,0.8833439,0.0,0.0,0.0,2.5250454,0.0,0.0,1.5192671,0.084703006,0.041431367,0.4361368,0.0,0.0,0.0,0.48169807,0.0,0.0,1.3749902,0.0,0.22871025,0.42988372,0.0,0.011833648,0.0,0.0,2.2508934,0.0,0.0,0.0,1.0119543,0.0,0.0,1.9570769,0.0,0.35894483,0.0,0.0,0.19873728,1.3897191,0.0,1.7509638,0.0,0.0,0.0,0.0,0.0,0.72377384,0.0,0.0,2.8687673,0.0,1.5490367,0.5309911,0.0,3.3384774,0.0,3.623612,2.0364304,1.1951196,0.09723964,0.0,2.123657,2.1790621,0.0,2.89304,0.0,1.2980158,0.0,0.0,0.0,0.0,0.0,0.0,0.0,0.0,2.1173387,0.33119658,0.0,0.0,0.0,0.0,0.0,3,3,0.9842779,disco,disco
0.0,0.0,0.0,1.6587497,0.0,0.0,2.562144,0.29598898,3.3255396,0.0,0.0,0.3302391,0.0,0.0,0.0,1.0151376,0.0,2.6738508,0.0,0.0,0.0,2.2870522,0.0,1.1857952,0.0,0.0,1.350169,0.26046687,0.0,0.0,0.0,0.0,0.0,0.0,0.0,0.0,0.0,0.0,0.0,1.6913835,0.0,0.02654971,0.0,0.6929176,0.0,0.0,1.011598,0.0,0.0,0.0,2.8367703,0.0,0.0,1.8800083,0.0,0.084640235,0.1329781,0.0,0.0,0.0,0.12136112,0.0,0.0,1.6872137,0.14714317,0.66025037,0.054093793,0.0,0.0,0.0,0.0,1.6860408,0.0,0.0,0.0,1.250718,0.111695915,0.0,1.8223968,0.0,0.34624812,0.0,0.0,0.0,0.8056327,0.0,1.1450076,0.0,0.0,0.0,0.0,0.0,0.68116015,0.0,0.0,3.4501114,0.0,1.2744185,0.40551934,0.0,3.15347,0.0,3.5113087,1.7370683,1.3359082,0.0,0.0,2.3670704,2.1350715,0.0,3.4401867,0.0,0.96433413,0.0,0.0,0.0,0.0,0.0,0.0,0.0,0.0,1.9753081,0.68812674,0.0,0.0,0.0,0.0,0.0,3,3,0.97569895,disco,disco
1.0761248,0.0,0.0,1.8749464,0.0,0.0,1.5724548,0.17079607,2.4117575,0.0,0.0,0.2641078,0.0,0.0,0.0,0.4543769,0.0,2.0222914,0.0,0.0,0.82297736,0.43628687,0.0,1.960319,0.0,0.0,0.5282632,0.0,0.71564376,0.0,0.0,0.0,0.48691627,0.0,0.0,0.0,0.5033359,0.42306837,0.0,1.3316723,0.0,0.07507182,0.086094745,1.6862121,0.0,0.0,0.8753391,0.4338002,0.0,0.0,1.4973295,0.0,0.0,0.0,0.0,0.0,0.0,1.4185934,0.0,0.0,1.7408357,0.0,0.0,2.2727513,0.0,0.0,1.6259772,0.0,0.0,0.0,0.0,1.1056949,0.0,0.0,0.0,0.7308855,2.453487,0.0,2.4613075,0.0,1.7330787,0.0,0.0,1.7665656,0.8981739,0.0,1.6611505,0.0,0.0,0.0,0.0,0.0,2.3490872,0.0,0.18319668,2.6421971,1.4147938,1.8468361,1.4983375,0.0,2.9442854,0.0,1.5305398,1.1333656,0.0,2.7927144,0.0,1.8796564,2.724561,0.0,2.106357,0.0,0.504814,0.0,0.37451386,0.0,0.0,0.0,0.0,0.0,0.0,1.8756157,0.0,0.0,0.0,1.0135707,0.7137784,0.0,3,3,0.9943415,disco,disco
1.045935,0.0,0.0,1.7204633,0.0,0.0,1.6440995,0.25189435,2.7649024,0.0,0.0,0.0,0.0,0.0,0.0,0.30641967,0.0,2.0635893,0.0,0.0,1.0079101,0.18576644,0.0,1.217551,0.23968686,0.0,1.009087,0.42667612,0.6606417,0.0,0.0,0.0,0.1836713,0.0,0.0,0.0,0.69956565,0.42337593,0.0,1.4498096,0.0,0.26989964,0.0,2.2795255,0.0,0.0,0.9239598,0.60432696,0.0,0.0,1.6525711,0.0,0.0,0.0,0.0,0.0,0.0,1.6737705,0.0,0.0,1.7088714,0.0,0.0,2.7426085,0.0,0.0,2.005769,0.0,0.0,0.0,0.0,1.1502447,0.0,0.0,0.0,0.44922617,2.4270122,0.0,2.1621957,0.0,2.1007667,0.0,0.0,1.566648,1.0359658,0.0,1.7465591,0.0,0.0,0.0,0.0,0.0,2.3701208,0.0,0.41446954,3.0002284,1.3157616,2.1108708,1.4209757,0.0,2.863277,0.0,1.539183,1.1589692,0.0,2.9309826,0.0,1.6830338,2.1827908,0.0,2.4557722,0.0,0.48739034,0.0,0.16286291,0.0,0.0,0.0,0.0,0.0,0.0,1.9492636,0.0,0.0,0.0,1.0234662,0.53623915,0.0,3,3,0.9930093,disco,disco
1.1586794,0.0,0.0,1.3192776,0.0,0.0,0.80315775,0.23005268,2.798195,0.0,0.0,0.0,0.0,0.0,0.0,0.10238898,0.0,2.2590063,0.0,0.0,1.4736199,0.64728296,0.0,1.3912762,0.4882694,0.0,1.6381209,0.0,0.0802863,0.0,0.0,0.0,0.35800338,0.0,0.0,0.0,0.67441136,0.0,0.0,1.5682541,0.5335429,0.0,0.0,2.352493,0.0,0.0,1.0394949,0.2672493,0.0,0.0,1.257648,0.0,0.0,0.0,0.0,0.0,0.0,1.9377528,0.0,0.0,1.6125226,0.0,0.096561395,3.0314064,0.0,0.0,2.0099657,0.0,0.0,0.0,0.0,1.0906317,0.0,0.0,0.0,0.23791017,2.492239,0.0,1.9158945,0.0,1.9444078,0.0,0.0,1.2843182,0.7593561,0.0,2.039877,0.0,0.0,0.0,0.0,0.0,2.4207184,0.0,0.7212147,2.9490967,1.2614043,2.806614,1.991098,0.0,2.9261842,0.0,0.8560485,0.8357601,0.0,2.6575937,0.0,1.4380137,1.8692564,0.0,2.5237837,0.0,0.9073801,0.0,0.1893158,0.0,0.0,0.0,0.0,0.0,0.0,1.812509,0.0,0.0,0.0,0.9194124,0.0,0.0,3,3,0.9962166,disco,disco
0.86968565,0.0,0.0,1.5430211,0.0,0.0,1.054518,0.1322883,2.4007587,0.0,0.0,0.3519434,0.0,0.0,0.0,0.08477021,0.0,2.4415896,0.0,0.0,1.4287,0.62641007,0.0,1.1814097,0.73174244,0.0,1.3423952,0.0,0.28406474,0.0,0.0,0.0,0.59208775,0.0,0.0,0.0,0.30524516,0.053371556,0.0,1.827825,0.31725588,0.0,0.0,2.0507803,0.0,0.0,0.86114216,0.9122305,0.0,0.0,1.1098238,0.0,0.0,0.0,0.0,0.0,0.0,1.9073244,0.0,0.0,1.3415802,0.0,0.0,2.717823,0.0,0.0,1.9880867,0.0,0.0,0.012032751,0.0,1.0791258,0.0,0.0,0.0,0.0,2.7685118,0.0,1.8914133,0.0,1.3194205,0.0,0.0,2.1456351,1.2099121,0.0,1.7455649,0.0,0.0,0.0,0.0,0.0,2.6529794,0.0,0.9274018,2.3599064,0.8665466,2.3734787,1.851356,0.0,2.797079,0.0,0.700755,1.1859683,0.0,2.9599426,0.0,1.392156,2.1971345,0.0,2.3567228,0.0,0.9957787,0.0,0.0,0.0,0.0,0.0,0.0,0.0,0.0,1.6212234,0.0,0.0,0.0,1.1681222,0.526935,0.0,3,3,0.9942774,disco,disco
1.630279,0.0,0.0,1.5429449,0.0,0.0,0.63294375,0.49756515,0.9785054,0.0,0.0,0.0,0.0,0.0,0.0,0.27534363,0.10169631,2.0926552,0.0,0.0,2.0592651,0.12900907,0.0,1.3940414,0.9290014,0.0,1.4162198,0.1876074,0.15256761,0.0,0.0,0.0,0.6668933,0.0,0.0,0.0,1.4620427,0.0,0.0,1.4695491,1.0947969,0.0,0.654967,1.8294029,0.0,0.0,0.31147394,1.8879844,0.0,0.0,0.35389912,0.0,0.0,0.0,0.0,0.0,0.0,2.448016,0.0,0.0,1.157144,0.0,0.0,2.6033473,0.0,0.0,1.4979392,0.0,0.0,0.0,0.0,1.0371766,0.0,0.27127153,0.0,0.0,1.7223783,0.0,1.8590786,0.0,1.7612398,0.0,0.0,2.0466053,0.15292783,0.0,1.6210786,0.0,0.0,0.0,0.0,0.0,2.336235,0.0,0.26994288,1.7232957,1.4137316,2.072006,1.9844187,0.0,2.1211927,0.0,0.0,0.93743306,0.0,2.726087,0.0,0.99044985,2.3825953,0.0,1.6602532,0.0,0.5903631,0.13879198,0.15014969,0.0,0.0,0.0,0.0,0.0,0.0,1.3574133,0.0,0.0,0.0,1.1205764,0.0,0.0,3,3,0.9832298,disco,disco
0.0,0.0,0.0,1.6966561,0.0,0.0,1.4489515,0.30136108,2.680856,0.0,0.0,0.27689996,0.0,0.0,0.0,0.0,0.0,2.6070383,0.0,0.0,0.71748126,0.43692428,0.0,0.53823614,0.06508058,0.0,0.5337713,0.0,0.587379,0.0,0.0,0.0,0.5390797,0.0,0.0,0.0,0.0,0.20771068,0.0,1.1814342,0.0,0.0,0.024716428,2.532602,0.0,0.23660544,0.9902793,0.0,0.0,0.0,1.6997019,0.0,0.0,0.71522826,0.0,0.0,0.24075162,1.0591924,0.0,0.0,1.3406113,0.0,0.0,1.8426138,0.0,0.0,1.4386748,0.0,0.0,0.0,0.0,1.4121199,0.0,0.0,0.0,0.14262258,2.1515198,0.0,1.6650307,0.0,1.4753488,0.0,0.0,0.72428566,1.3680667,0.0,1.3749125,0.0,0.0,0.0,0.0,0.0,0.7291413,0.0,0.5615736,1.660552,0.6378127,1.3825624,0.5729856,0.17959715,3.032868,0.0,2.9878285,0.21910815,0.24486016,2.4101503,0.26318014,1.5831306,2.7718549,0.0,2.2225306,0.0,0.0,0.18219459,0.0,0.0,0.0,0.81235766,0.0,0.0,0.0,1.3738692,0.2372218,0.0,0.0,0.3925176,0.0,0.0,3,3,0.83530706,disco,disco
0.19928886,0.0,0.0,1.9516914,0.0,0.0,0.9342459,0.20899795,2.9028275,0.0,0.0,0.0,0.0,0.0,0.0,0.0,0.0,2.6617599,0.0,0.0,0.6370147,0.57433814,0.0,1.4564184,0.46484655,0.0,0.48995578,0.0,0.9575423,0.0,0.0,0.0,0.43927717,0.0,0.0,0.0,0.0,0.0,0.0,1.4783049,0.0,0.11530153,0.3438515,2.7145698,0.0,0.0,0.7163347,0.1426459,0.0,0.0,1.6638165,0.0,0.0,0.16893338,0.0,0.0,0.03339014,1.4929507,0.0,0.0,1.5723565,0.0,0.0,2.1233814,0.0,0.0,1.1650404,0.0,0.0,0.0,0.0,1.000396,0.0,0.0,0.0,0.55460227,1.9433682,0.0,2.2496083,0.0,1.3835554,0.0,0.0,0.9719787,1.1658361,0.0,1.5827993,0.0,0.0,0.0,0.0,0.0,1.0426824,0.0,0.6944952,2.1069164,1.0674982,1.4536753,0.67633605,0.08830704,2.9611762,0.0,1.8955642,0.0,0.0,1.627234,0.26999235,1.6011434,2.8336568,0.0,2.5617113,0.0,0.08581163,0.056500643,0.28701723,0.0,0.0,0.19208904,0.0,0.0,0.0,1.5811077,0.0,0.0,0.0,0.887051,0.0,0.0,3,3,0.95337886,disco,disco
0.44939423,0.0,0.0,1.8473746,0.0,0.0,1.4894309,0.6139966,3.4171345,0.0,0.0,0.0,0.0,0.0,0.0,0.0,0.0,2.368302,0.0,0.0,0.99481386,0.20948061,0.0,1.5676928,0.1849558,0.0,0.833823,0.1174244,1.2535701,0.0,0.0,0.0,0.23573467,0.0,0.0,0.0,0.0,0.0,0.0,0.9755818,0.13398205,0.18310711,0.15835324,2.8485637,0.0,0.0,0.0,0.7053662,0.0,0.0,1.6356956,0.0,0.0,0.0,0.0,0.0,0.0,2.0271683,0.0,0.0,1.8242644,0.0,0.0,2.3654323,0.12865865,0.0,1.9004585,0.0,0.0,0.0,0.0,1.5090601,0.0,0.0,0.0,0.6030207,1.8601367,0.0,2.4073904,0.0,2.1221611,0.0,0.0,1.0684612,0.9735673,0.035060328,1.8520433,0.0,0.0,0.0,0.0,0.0,0.94972533,0.0,0.1497264,2.612538,1.3850741,1.752376,0.99728173,0.15514705,3.2160487,0.0,2.1674552,0.22184412,0.0,2.0435462,0.34365457,1.3547885,3.0050187,0.0,2.1219127,0.0,0.0,0.2061698,0.6446315,0.0,0.0,0.48897144,0.0,0.0,0.0,2.0466053,0.018828953,0.0,0.0,1.4745711,0.0,0.0,3,3,0.97546536,disco,disco
0.038625926,0.0,0.0,2.5463984,0.0,0.0,1.6503737,1.1931677,2.8834858,0.0,0.0,0.0,0.0,0.0,0.0,0.0,0.0,2.494146,0.0,0.0,1.4481933,0.0,0.0,1.7465886,0.0,0.0,0.63863033,0.4530491,1.0282483,0.0,0.0,0.0,0.1256292,0.0,0.0,0.0,0.17924286,0.0,0.0,0.96331036,0.34542158,0.0,0.061890546,2.5948167,0.0,0.0,0.58120453,0.8235244,0.0,0.0,1.551947,0.10825379,0.0,0.0,0.0,0.0,0.0,2.0693378,0.0,0.0,1.76074,0.0,0.15810917,2.0558043,0.0,0.0,1.9729674,0.0,0.0,0.0,0.0,0.91058815,0.0,0.0,0.0,0.4761879,2.6704829,0.0,2.2821884,0.0,1.9523029,0.0,0.0,1.4475754,1.2608291,0.0,2.1846805,0.0,0.0,0.0,0.0,0.0,1.7642028,0.0,0.3997363,2.3970027,1.2018423,1.3592315,1.3166693,0.1259839,2.8896627,0.0,2.3532553,0.45453277,0.0,2.3330483,0.0,1.4951458,2.9229524,0.0,2.1895902,0.0,0.023580486,0.0,0.60266984,0.0,0.0,0.5487735,0.0,0.0,0.0,2.4598532,0.0,0.0,0.0,1.2454951,0.0,0.0,3,3,0.9847445,disco,disco
0.19717465,0.0,0.0,2.7645943,0.0,0.0,1.2233367,0.8650249,2.1365607,0.0,0.0,0.0,0.0,0.0,0.0,0.0,0.0,2.612265,0.0,0.0,1.4044565,0.9287794,0.0,2.0538235,0.0,0.0,0.7321373,0.09612936,0.6696973,0.0,0.0,0.0,0.12257376,0.0,0.0,0.0,0.11513214,0.0,0.0,0.92254144,0.6971984,0.98969305,0.15383983,2.3988347,0.0,0.0,1.1376514,0.8327032,0.0,0.0,1.2706283,0.15907906,0.0,0.45971674,0.0,0.0,0.0,2.0429032,0.0,0.0,1.2202212,0.12111336,0.0,1.7415012,0.0,0.06515216,1.7923055,0.0,0.0,0.0,0.0,0.79076976,0.0,0.0,0.0,0.44852614,2.8057334,0.0,2.4657502,0.0,1.1890607,0.0,0.0,1.4619557,1.6117334,0.0,2.229094,0.0,0.0,0.0,0.0,0.0,1.3029116,0.0,0.5502228,1.7923967,0.7377044,1.2257255,1.4451535,0.18884778,3.0052986,0.0,1.9410398,0.33678412,0.0,1.8050548,0.0,1.3973471,3.0447524,0.0,2.30663,0.0,0.07762925,0.16302642,0.95200604,0.0,0.0,0.060389146,0.0,0.0,0.0,2.7918613,0.0,0.0,0.0,1.6592693,0.0,0.0,3,3,0.9878342,disco,disco
0.42305708,0.0,0.0,1.4386836,0.0,0.0,1.9567142,1.1265391,3.0332937,0.0,0.0,0.0,0.0,0.042770267,0.0,1.4922149,0.0,1.619775,0.0,0.0,1.0089427,1.0504379,0.0,1.4107975,0.0,0.0,2.5413685,0.38236707,0.0,0.0,0.0,0.0,0.0,0.0,0.0,0.0,0.22151192,0.0,0.0,1.7817211,1.2860745,0.0,0.17883879,1.8351963,0.0,0.0,0.9578512,0.46984074,0.0,0.0,2.4030027,0.0,0.0,0.35297334,0.0,0.0,0.0,0.52488583,0.0,0.0,1.5574223,0.57826245,0.0,2.4801638,0.0,0.0,0.5634249,0.0,0.0,0.0,0.0,1.6169949,0.0,0.0,0.0,1.0157125,1.8775207,0.0,2.4705393,0.0,1.3893495,0.0,0.0,1.2106622,0.3430562,0.27296922,2.6852767,0.0,0.0,0.0,0.0,0.0,2.6334486,0.0,0.0,3.0981877,0.0,2.1446884,2.355797,0.0,3.6098678,0.0,1.4995149,1.2964883,0.0,0.9635745,0.0,2.46034,3.189642,0.0,2.5753982,0.0,0.9509378,0.0,0.3617856,0.0,0.0,0.0,0.0,0.0,0.0,2.3470216,0.0,0.0,0.0,0.40879044,0.03251531,0.0,3,3,0.99953043,disco,disco
0.5020051,0.0,0.0,1.3311734,0.0,0.0,2.0297694,1.1908944,3.016224,0.0,0.0,0.0,0.0,0.12866803,0.0,1.610283,0.0,1.1594487,0.0,0.0,0.7333401,1.0075734,0.0,1.4047147,0.0,0.0,2.5755932,0.2466644,0.0,0.0,0.0,0.0,0.0016893169,0.0,0.0,0.0,0.15224801,0.0,0.0,1.6131613,1.1091127,0.0,0.2657557,1.8474325,0.0,0.0,0.7233501,0.4003446,0.0,0.0,2.4237103,0.0,0.0,0.1427844,0.0,0.0,0.0,0.5500992,0.0,0.0,1.7504879,0.3660651,0.0,2.5329545,0.0,0.0,0.38225624,0.0,0.0,0.0,0.0,1.4491785,0.0,0.0,0.0,0.92731345,1.6470557,0.0,2.473429,0.0,1.5385896,0.0,0.0,1.2026329,0.05560986,0.75276655,2.4152794,0.0,0.0,0.0,0.0,0.0,2.5696757,0.0,0.0,2.9360194,0.0,2.2989163,2.372456,0.0,3.518604,0.0,1.2812425,1.1646831,0.0,1.0379367,0.0,2.4912262,3.271185,0.0,2.2356186,0.0,0.79058456,0.0,0.35206667,0.0,0.0,0.0,0.0,0.0,0.0,2.219782,0.0,0.0,0.0,0.49083507,0.09222263,0.0,3,3,0.99949217,disco,disco
0.8843854,0.0,0.0,1.0561341,0.0,0.0,1.7422017,1.2325219,3.0906084,0.0,0.0,0.0,0.0,0.11419395,0.0,1.6809886,0.0,1.1207838,0.0,0.0,0.61746347,0.8200594,0.0,1.5718913,0.0,0.0,2.8196063,0.14999723,0.0,0.0,0.0,0.0,0.0,0.0,0.0,0.0,0.50691235,0.0,0.0,1.6336024,1.4495947,0.0,0.019924661,1.7587277,0.0,0.0,0.5421428,0.5112342,0.0,0.0,2.1295128,0.0,0.0,0.0,0.0,0.0,0.0,0.71069384,0.0,0.0,1.8347511,0.4885268,0.0,2.590519,0.0,0.0,0.74628115,0.0,0.0,0.0,0.0,1.3485748,0.0,0.0,0.0,1.148223,1.6337415,0.0,2.4907818,0.0,1.3049152,0.0,0.0,1.2351674,0.13962927,0.9301401,2.7430217,0.0,0.0,0.0,0.0,0.0,3.0327616,0.0,0.0,2.7429607,0.0,2.1477504,2.7106705,0.0,3.558246,0.0,0.92300624,1.2678088,0.0,0.80591583,0.0,2.645596,3.2629132,0.0,2.4426165,0.13712017,1.0463929,0.0,0.6211761,0.0,0.0,0.0,0.0,0.0,0.0,2.0959501,0.0,0.0,0.0,0.87394494,0.0,0.0,3,3,0.99966085,disco,disco
0.7056736,0.0,0.0,1.3247958,0.0,0.0,1.9122546,1.0641814,3.0083325,0.0,0.0,0.0,0.0,0.065279275,0.0,1.5742846,0.0,1.3699722,0.0,0.0,0.7521532,0.7664477,0.0,1.3893898,0.0,0.0,2.6557107,0.34707788,0.0,0.0,0.0,0.0,0.0,0.0,0.0,0.0,0.49045998,0.0,0.0,1.5921327,1.1071906,0.0,0.16428068,1.6703652,0.0,0.0,0.81215733,0.6783535,0.0,0.0,2.3672366,0.0,0.0,0.19597313,0.0,0.0,0.0,0.54023314,0.0,0.0,1.8693745,0.5511759,0.0,2.4543362,0.0,0.0,0.6028112,0.0,0.0,0.0,0.0,1.4156684,0.0,0.0,0.0,1.0529963,1.8572856,0.0,2.3821704,0.0,1.5499147,0.0,0.0,1.2281121,0.28303766,0.75438863,2.5902889,0.0,0.0,0.0,0.0,0.0,2.766682,0.0,0.0,2.834401,0.0,2.0149271,2.498063,0.0,3.6876168,0.0,1.3636814,1.2256162,0.0,1.2188956,0.0,2.5330522,3.2057476,0.0,2.520317,0.012709163,0.97685117,0.0,0.45142573,0.0,0.0,0.0,0.0,0.0,0.0,2.2004025,0.0,0.0,0.0,0.75812715,0.15642504,0.0,3,3,0.99957067,disco,disco
0.69297063,0.0,0.0,1.8719884,0.0,0.0,2.129164,0.5277321,2.9065092,0.0,0.0,0.0,0.0,0.0,0.0,1.3575406,0.0,1.6286689,0.0,0.0,0.9357924,0.87613076,0.0,1.520507,0.0,0.0,2.3871565,0.09091282,0.0,0.0,0.0,0.0,0.0,0.0,0.0,0.0,0.019016024,0.0,0.0,1.7818282,0.6141463,0.0,0.28597495,1.6735166,0.0,0.0,0.8501477,0.7276939,0.0,0.0,2.376212,0.0,0.0,0.57879734,0.0,0.0,0.0,0.6346142,0.0,0.0,1.4891466,0.26817104,0.0,2.5476544,0.0,0.0,0.385409,0.0,0.0,0.0,0.0,1.7503835,0.0,0.0,0.0,0.83523166,1.5722891,0.0,2.4795494,0.0,1.6368084,0.0,0.0,1.4216228,0.5556869,0.56864,2.172658,0.0,0.0,0.0,0.0,0.0,2.21835,0.0,0.0,3.1378953,0.0,1.6869102,2.2157412,0.0,4.0771184,0.0,1.860869,1.3629365,0.0,1.578092,0.0,2.6962984,3.4136722,0.0,2.2032382,0.0,0.94623125,0.0,0.21640624,0.0,0.0,0.0,0.0,0.0,0.0,2.2213187,0.0,0.0,0.0,0.7831947,0.0,0.0,3,3,0.9992742,disco,disco
0.0,0.0,0.0,1.7018301,0.0,0.0,1.3311648,0.20259096,2.7353292,0.0,0.0,0.0,0.0,0.0,0.0,0.64693385,0.0,3.208529,0.0,0.0,1.6314784,2.3110318,0.0,0.8775509,0.80926883,0.0,2.515963,0.0,0.0,0.0,0.0,0.0,0.30201903,0.0,0.0,0.0,0.0,0.0,0.0,1.5437752,1.2896991,0.0,0.0,2.3137095,0.0,0.0,0.91744065,0.2565011,0.0,0.0,1.8280095,0.0,0.0,0.603385,0.0,0.0070985095,0.0,1.2430768,0.0,0.0,0.42364264,0.0,0.0,2.9470377,0.0,0.5468243,1.3750297,0.0,0.0,0.0,0.0,1.1443696,0.0,0.0,0.0,0.29911903,1.0518739,0.0,1.8831922,0.0,1.227585,0.0,0.0,0.0,0.19857602,0.054932,2.7166724,0.0,0.0,0.0,0.0,0.0,1.2130994,0.0,1.2999427,2.5430262,0.0,2.3391118,1.3572539,0.0,3.530095,0.0,1.7051444,0.1354127,0.0,0.47498563,0.0,2.042431,3.5332174,0.0,3.466722,0.0,0.09404029,0.97445875,0.0,0.0,0.0,0.1781437,0.0,0.0,0.0,1.6188675,0.0,0.0,0.0,0.21482345,0.0,0.0,3,3,0.99016505,disco,disco
0.0,0.0,0.0,1.594207,0.0,0.0,1.4077314,0.5798759,2.8741279,0.0,0.0,0.0,0.0,0.0,0.0,0.7772304,0.0,3.3307593,0.0,0.0,1.7122816,2.1965082,0.0,0.4632182,1.1196183,0.0,2.6921904,0.0,0.0,0.0,0.0,0.0,0.22437006,0.0,0.0,0.0,0.0,0.0,0.0,1.504563,1.5167309,0.0,0.0,2.1235106,0.0,0.0,0.9417257,0.5544634,0.0,0.0,1.8253124,0.0,0.0,0.5905519,0.0,0.0,0.0,1.3010123,0.0,0.0,0.09503576,0.0,0.0,3.0659785,0.0,0.20736332,1.3689215,0.0,0.0,0.0,0.0,1.3033574,0.0,0.0,0.0,0.0,1.1468127,0.0,1.5729321,0.0,1.2663062,0.0,0.0,0.0,0.10926294,0.0,2.617433,0.0,0.0,0.0,0.0,0.0,1.5368962,0.0,1.4738398,2.324542,0.0,2.1489222,1.7272942,0.0,3.7010987,0.0,2.053409,0.43760252,0.0,0.24415247,0.0,1.9187418,3.6902199,0.0,3.6730146,0.096675634,0.14958255,0.83367616,0.0,0.0,0.0,0.28064442,0.0,0.0,0.0,1.4617778,0.026102984,0.0,0.0,0.25239804,0.0,0.0,3,3,0.99078965,disco,disco
0.0,0.0,0.0,1.9215099,0.0,0.0,1.6222607,0.34097302,3.0205073,0.0,0.0,0.0,0.0,0.0,0.0,0.89751333,0.0,3.5007722,0.0,0.0,1.4269234,2.23376,0.0,0.7759283,1.0558099,0.0,2.7597938,0.0,0.0,0.0,0.0,0.0,0.27683848,0.0,0.0,0.0,0.0,0.0,0.0,1.8847306,1.0830293,0.0,0.0,2.1548672,0.0,0.0,0.91435087,0.43644562,0.0,0.0,2.1612446,0.0,0.0,0.6948326,0.0,0.0,0.0,1.078415,0.0,0.0,0.4466893,0.0,0.0,3.0326366,0.0,0.13034214,1.3812253,0.0,0.0,0.0,0.0,1.5197966,0.0,0.0,0.0,0.32622764,1.3058325,0.0,2.0279999,0.0,1.1836083,0.0,0.0,0.0,0.48211575,0.0,2.6407154,0.0,0.0,0.0,0.0,0.0,1.5634977,0.0,1.44775,2.642634,0.0,2.2614162,1.7973087,0.0,3.8024602,0.0,2.2565486,0.60125273,0.0,0.5604082,0.0,2.171532,3.264646,0.0,3.7681468,0.0,0.22870183,0.89088756,0.0,0.0,0.0,0.27253953,0.0,0.0,0.0,1.6273574,0.08284094,0.0,0.0,0.17517069,0.0,0.0,3,3,0.99491704,disco,disco
0.0,0.0,0.0,2.1932826,0.0,0.0,1.2113916,0.3430732,3.2902966,0.0,0.0,0.0,0.0,0.0,0.0,0.76513493,0.0,3.2498188,0.0,0.0,1.4830108,1.7038716,0.0,1.465266,1.0716335,0.0,3.0277812,0.0,0.012853048,0.0,0.0,0.0,0.19231191,0.0,0.0,0.0,0.0,0.0,0.0,2.0783532,1.3687401,0.0,0.0,1.818029,0.0,0.0,1.0700359,0.7075322,0.0,0.0,2.408897,0.0,0.0,0.56098616,0.0,0.0,0.0,1.207096,0.0,0.0,0.6097901,0.0,0.0,3.2437909,0.0,0.0,1.2118146,0.0,0.0,0.0,0.0,1.6262599,0.0,0.0,0.0,0.49063447,1.5123909,0.0,2.4159243,0.0,1.2103943,0.0,0.0,0.038620636,0.77994365,0.37777624,3.1340365,0.0,0.0,0.0,0.0,0.0,2.2115965,0.0,1.2265834,3.0370634,0.0,2.3290608,2.3185608,0.0,3.9872324,0.0,1.8925296,0.47601488,0.0,1.1535851,0.0,2.6014926,3.5068388,0.0,3.726168,0.013375953,0.4724834,0.30441815,0.14461564,0.0,0.0,0.016649067,0.0,0.0,0.0,1.5542581,0.0,0.05277051,0.0,0.42084578,0.0,0.0,3,3,0.99902606,disco,disco
0.0,0.0,0.0,1.9999593,0.0,0.0,1.1853554,0.4058317,3.1791363,0.0,0.0,0.0,0.0,0.0,0.0,0.7422695,0.0,2.8612115,0.0,0.0,1.5454549,1.6700077,0.0,1.2358365,0.9793367,0.0,2.7517498,0.0,0.0,0.0,0.0,0.0,0.33523026,0.0,0.0,0.0,0.0,0.0,0.0,1.892932,1.2729164,0.0,0.0,1.5525554,0.0,0.0,0.8888987,0.7020065,0.0,0.0,2.3011231,0.0,0.0,0.48868874,0.0,0.0,0.0,1.0743247,0.0,0.0,0.6410143,0.0,0.0,3.04679,0.0,0.0,0.8722359,0.0,0.0,0.0,0.0,1.4657652,0.0,0.0,0.0,0.46774748,1.2036774,0.0,2.1547785,0.0,0.9115084,0.0,0.0,0.016406732,0.9110913,0.53462416,2.8223007,0.0,0.0,0.0,0.0,0.0,1.8124088,0.0,0.901214,2.7206047,0.0,1.9896518,2.1908689,0.0,4.0557175,0.0,1.9486374,0.57906634,0.0,0.98617274,0.0,2.5343275,3.3404138,0.0,3.64636,0.15193646,0.31223103,0.09245051,0.0,0.0,0.0,0.0,0.0,0.0,0.0,1.2441846,0.0,0.1698272,0.0,0.6227122,0.0,0.0,3,3,0.99816847,disco,disco
0.0,0.0,0.0,1.7018301,0.0,0.0,1.3311648,0.20259096,2.7353292,0.0,0.0,0.0,0.0,0.0,0.0,0.64693385,0.0,3.208529,0.0,0.0,1.6314784,2.3110318,0.0,0.8775509,0.80926883,0.0,2.515963,0.0,0.0,0.0,0.0,0.0,0.30201903,0.0,0.0,0.0,0.0,0.0,0.0,1.5437752,1.2896991,0.0,0.0,2.3137095,0.0,0.0,0.91744065,0.2565011,0.0,0.0,1.8280095,0.0,0.0,0.603385,0.0,0.0070985095,0.0,1.2430768,0.0,0.0,0.42364264,0.0,0.0,2.9470377,0.0,0.5468243,1.3750297,0.0,0.0,0.0,0.0,1.1443696,0.0,0.0,0.0,0.29911903,1.0518739,0.0,1.8831922,0.0,1.227585,0.0,0.0,0.0,0.19857602,0.054932,2.7166724,0.0,0.0,0.0,0.0,0.0,1.2130994,0.0,1.2999427,2.5430262,0.0,2.3391118,1.3572539,0.0,3.530095,0.0,1.7051444,0.1354127,0.0,0.47498563,0.0,2.042431,3.5332174,0.0,3.466722,0.0,0.09404029,0.97445875,0.0,0.0,0.0,0.1781437,0.0,0.0,0.0,1.6188675,0.0,0.0,0.0,0.21482345,0.0,0.0,3,3,0.99016505,disco,disco
0.0,0.0,0.0,1.594207,0.0,0.0,1.4077314,0.5798759,2.8741279,0.0,0.0,0.0,0.0,0.0,0.0,0.7772304,0.0,3.3307593,0.0,0.0,1.7122816,2.1965082,0.0,0.4632182,1.1196183,0.0,2.6921904,0.0,0.0,0.0,0.0,0.0,0.22437006,0.0,0.0,0.0,0.0,0.0,0.0,1.504563,1.5167309,0.0,0.0,2.1235106,0.0,0.0,0.9417257,0.5544634,0.0,0.0,1.8253124,0.0,0.0,0.5905519,0.0,0.0,0.0,1.3010123,0.0,0.0,0.09503576,0.0,0.0,3.0659785,0.0,0.20736332,1.3689215,0.0,0.0,0.0,0.0,1.3033574,0.0,0.0,0.0,0.0,1.1468127,0.0,1.5729321,0.0,1.2663062,0.0,0.0,0.0,0.10926294,0.0,2.617433,0.0,0.0,0.0,0.0,0.0,1.5368962,0.0,1.4738398,2.324542,0.0,2.1489222,1.7272942,0.0,3.7010987,0.0,2.053409,0.43760252,0.0,0.24415247,0.0,1.9187418,3.6902199,0.0,3.6730146,0.096675634,0.14958255,0.83367616,0.0,0.0,0.0,0.28064442,0.0,0.0,0.0,1.4617778,0.026102984,0.0,0.0,0.25239804,0.0,0.0,3,3,0.99078965,disco,disco
0.0,0.0,0.0,1.9215099,0.0,0.0,1.6222607,0.34097302,3.0205073,0.0,0.0,0.0,0.0,0.0,0.0,0.89751333,0.0,3.5007722,0.0,0.0,1.4269234,2.23376,0.0,0.7759283,1.0558099,0.0,2.7597938,0.0,0.0,0.0,0.0,0.0,0.27683848,0.0,0.0,0.0,0.0,0.0,0.0,1.8847306,1.0830293,0.0,0.0,2.1548672,0.0,0.0,0.91435087,0.43644562,0.0,0.0,2.1612446,0.0,0.0,0.6948326,0.0,0.0,0.0,1.078415,0.0,0.0,0.4466893,0.0,0.0,3.0326366,0.0,0.13034214,1.3812253,0.0,0.0,0.0,0.0,1.5197966,0.0,0.0,0.0,0.32622764,1.3058325,0.0,2.0279999,0.0,1.1836083,0.0,0.0,0.0,0.48211575,0.0,2.6407154,0.0,0.0,0.0,0.0,0.0,1.5634977,0.0,1.44775,2.642634,0.0,2.2614162,1.7973087,0.0,3.8024602,0.0,2.2565486,0.60125273,0.0,0.5604082,0.0,2.171532,3.264646,0.0,3.7681468,0.0,0.22870183,0.89088756,0.0,0.0,0.0,0.27253953,0.0,0.0,0.0,1.6273574,0.08284094,0.0,0.0,0.17517069,0.0,0.0,3,3,0.99491704,disco,disco
0.0,0.0,0.0,2.1932826,0.0,0.0,1.2113916,0.3430732,3.2902966,0.0,0.0,0.0,0.0,0.0,0.0,0.76513493,0.0,3.2498188,0.0,0.0,1.4830108,1.7038716,0.0,1.465266,1.0716335,0.0,3.0277812,0.0,0.012853048,0.0,0.0,0.0,0.19231191,0.0,0.0,0.0,0.0,0.0,0.0,2.0783532,1.3687401,0.0,0.0,1.818029,0.0,0.0,1.0700359,0.7075322,0.0,0.0,2.408897,0.0,0.0,0.56098616,0.0,0.0,0.0,1.207096,0.0,0.0,0.6097901,0.0,0.0,3.2437909,0.0,0.0,1.2118146,0.0,0.0,0.0,0.0,1.6262599,0.0,0.0,0.0,0.49063447,1.5123909,0.0,2.4159243,0.0,1.2103943,0.0,0.0,0.038620636,0.77994365,0.37777624,3.1340365,0.0,0.0,0.0,0.0,0.0,2.2115965,0.0,1.2265834,3.0370634,0.0,2.3290608,2.3185608,0.0,3.9872324,0.0,1.8925296,0.47601488,0.0,1.1535851,0.0,2.6014926,3.5068388,0.0,3.726168,0.013375953,0.4724834,0.30441815,0.14461564,0.0,0.0,0.016649067,0.0,0.0,0.0,1.5542581,0.0,0.05277051,0.0,0.42084578,0.0,0.0,3,3,0.99902606,disco,disco
0.0,0.0,0.0,1.9999593,0.0,0.0,1.1853554,0.4058317,3.1791363,0.0,0.0,0.0,0.0,0.0,0.0,0.7422695,0.0,2.8612115,0.0,0.0,1.5454549,1.6700077,0.0,1.2358365,0.9793367,0.0,2.7517498,0.0,0.0,0.0,0.0,0.0,0.33523026,0.0,0.0,0.0,0.0,0.0,0.0,1.892932,1.2729164,0.0,0.0,1.5525554,0.0,0.0,0.8888987,0.7020065,0.0,0.0,2.3011231,0.0,0.0,0.48868874,0.0,0.0,0.0,1.0743247,0.0,0.0,0.6410143,0.0,0.0,3.04679,0.0,0.0,0.8722359,0.0,0.0,0.0,0.0,1.4657652,0.0,0.0,0.0,0.46774748,1.2036774,0.0,2.1547785,0.0,0.9115084,0.0,0.0,0.016406732,0.9110913,0.53462416,2.8223007,0.0,0.0,0.0,0.0,0.0,1.8124088,0.0,0.901214,2.7206047,0.0,1.9896518,2.1908689,0.0,4.0557175,0.0,1.9486374,0.57906634,0.0,0.98617274,0.0,2.5343275,3.3404138,0.0,3.64636,0.15193646,0.31223103,0.09245051,0.0,0.0,0.0,0.0,0.0,0.0,0.0,1.2441846,0.0,0.1698272,0.0,0.6227122,0.0,0.0,3,3,0.99816847,disco,disco
0.0,0.0,1.6742027,0.1952559,0.9466291,0.0,0.0,0.2117437,0.0,0.0,0.0,1.0355064,0.0,0.0,0.0,0.0,0.94613284,3.1708908,0.0,1.4220146,2.6655858,2.6434765,0.0,0.0,0.47373626,0.0,0.0,0.0,0.44315624,0.0,0.60288644,0.0,0.41236004,0.0,0.8111487,0.0,0.0,0.0,0.0,0.0,0.90134674,0.0,0.06846564,1.5036626,0.0,0.0,0.8037708,0.0,0.0,0.0,0.0,0.0,0.0,0.0,0.0,0.7779485,0.0,2.0718336,0.0,0.0,0.0,1.0039309,1.3815138,0.0,0.0,2.3156369,2.161649,0.0,0.0,1.2014548,0.64955974,0.0,0.0,0.0,1.3972993,0.0,1.9269986,0.22259618,0.0,0.0,0.0,0.0,0.39905542,0.36709628,0.0,0.0,1.2571938,0.0,0.0,0.0,1.8321624,0.27777526,1.1558955,0.0,3.2398758,0.0,0.3341309,0.0,0.09012018,0.0,0.08094736,0.0,0.0,0.5669981,0.0,0.0,0.0,0.0,0.0,0.80141675,2.6702754,0.0,0.0,2.287931,0.0,0.0,0.0,0.0,0.5722847,0.0,0.0,0.3041835,0.0,0.0,0.0,0.0,0.0,0.0,4,4,0.988371,hiphop,hiphop
0.0,0.0,1.9543068,0.0,0.60381526,0.0,0.0,0.35481435,0.0,0.0,0.0,1.1080422,0.0,0.0,0.0,0.0,0.79516524,2.9132783,0.0,1.1918628,2.5845144,2.4073536,0.0,0.0,0.18089387,0.0,0.0,0.0,0.32884207,0.0,0.99618125,0.0,0.03752822,0.0,0.9979395,0.0,0.0,0.0,0.0,0.0,0.36545265,0.0,0.21739209,1.4436022,0.0,0.0,1.6032202,0.0,0.0,0.0,0.0,0.0,0.0,0.0,0.0,0.29430807,0.0,1.9721566,0.0,0.0,0.0,0.81440246,1.2825515,0.0,0.0,2.357602,2.121418,0.0,0.0,1.679253,0.18658026,0.0,0.0,0.0,1.2591466,0.0,2.7984486,0.48939645,0.0,0.0,0.0,0.0,0.7143332,0.6766878,0.0,0.0,0.8966588,0.0,0.0,0.0,1.9440231,0.63127327,1.3741386,0.0,3.25717,0.0,0.52426124,0.0,0.22021951,0.0,0.03537157,0.0,0.0,0.88697004,0.0,0.0,0.0,0.0,0.0,0.442322,2.2570183,0.0,0.0,1.7585784,0.0,0.0,0.0,0.0,0.280682,0.0,0.0,0.74934065,0.0,0.0,0.0,0.0,0.0,0.0,4,4,0.99398005,hiphop,hiphop
0.0,0.0,1.863277,0.17765865,0.65428084,0.0,0.0,0.39466763,0.0,0.0,0.0,0.9235629,0.0,0.0,0.0,0.0,0.69275546,3.3073385,0.0,1.0636854,2.712192,2.696489,0.0,0.0,0.57871836,0.0,0.0,0.0,0.6607189,0.0,0.5803707,0.0,0.16986665,0.0,0.8848063,0.0,0.0,0.0,0.0,0.110522635,0.24177371,0.0,0.32461149,1.5384651,0.0,0.0,1.2254823,0.42778108,0.0,0.0,0.0,0.0,0.0,0.0,0.0,0.11741624,0.0020236424,2.141154,0.0,0.0,0.0,0.8101804,1.260425,0.0,0.0,2.0928285,2.4356432,0.0,0.0,1.604118,0.43495145,0.0,0.0,0.0,1.4965552,0.0,2.5692055,0.72122407,0.0,0.0,0.0,0.0,0.7161796,0.7081925,0.0,0.0,1.019797,0.0,0.0,0.0,1.9956322,0.78445554,1.3952979,0.0,3.4582992,0.0,0.61858845,0.0,0.0,0.0,0.2016014,0.0,0.0,0.7920759,0.0,0.0,0.0,0.0,0.0,0.5150599,2.3960912,0.0,0.0,2.2830024,0.0,0.0,0.0,0.0,0.6864884,0.0,0.0,0.79510707,0.0,0.0,0.0,0.0,0.0,0.0,4,4,0.9915673,hiphop,hiphop
0.0,0.0,1.6537454,0.34774163,0.75590307,0.0,0.0,0.2625544,0.0,0.0,0.009563499,0.7516524,0.0,0.0,0.0,0.0,0.6883533,3.5094569,0.0,0.7990875,2.7240963,2.631703,0.0,0.0,0.6138683,0.0,0.0,0.0,0.61318815,0.0,0.487138,0.0,0.21567717,0.0,0.584346,0.0,0.0,0.0,0.0,0.08716312,0.4813908,0.0,0.5246722,1.5326755,0.0,0.0,0.97172785,0.3261121,0.0,0.0,0.0,0.0,0.0,0.0,0.0,0.48092997,0.22523157,2.2077265,0.0,0.0,0.0,0.84591013,1.646868,0.0,0.0,1.9858203,2.205245,0.0,0.0,1.3249063,0.6030628,0.0,0.0,0.0,1.6014531,0.0,2.2500265,0.6879757,0.0,0.0,0.0,0.0,0.27092257,0.8838057,0.0,0.0,1.0320231,0.0,0.0,0.0,1.9948766,0.43446043,1.400712,0.0,3.467847,0.0,0.43205822,0.0,0.0,0.0,0.1792347,0.0,0.0,0.50504375,0.0,0.0,0.0,0.0,0.0,0.52428883,2.372832,0.0,0.0,2.5734386,0.0,0.0,0.0,0.0,0.7030467,0.0,0.0,0.5381598,0.0,0.0,0.0,0.0,0.0,0.0,4,4,0.98759335,hiphop,hiphop
0.0,0.0,1.9844508,0.42401242,1.3799609,0.0,0.0,0.03981748,0.0,0.0,0.2949403,0.49274328,0.0,0.0,0.0,0.0,1.039329,3.6424382,0.0,0.88416207,2.6464212,3.2210162,0.0,0.0,0.6762499,0.0,0.0,0.0,0.545064,0.0,0.3440112,0.0,0.5855244,0.0,0.62402064,0.0,0.0,0.0,0.0,0.0,0.5888444,0.0,0.69386023,1.8472264,0.0,0.0,1.4051533,0.008472621,0.0,0.0,0.0,0.0,0.0,0.0,0.0,0.35919395,0.6586346,2.3187854,0.0,0.0,0.0,0.51668894,1.5980837,0.0,0.0,2.212002,2.1044285,0.0,0.0,1.2190888,0.9177442,0.0,0.0,0.0,2.10607,0.0,1.8182908,0.50974566,0.0,0.0,0.0,0.0,0.5258788,0.6618113,0.0,0.0,0.8285782,0.0,0.0,0.0,2.1353538,0.13689804,0.6717211,0.0,3.755405,0.0,0.4419754,0.0,0.0,0.0,0.0,0.0,0.0,0.2861548,0.0,0.0,0.0,0.0,0.22678979,0.68994266,2.5902402,0.0,0.0,3.009687,0.0,0.0,0.0,0.16239391,0.8555006,0.0,0.0,0.58920926,0.0,0.0,0.0,0.0,0.0,0.0,4,4,0.98482877,hiphop,hiphop
0.0,0.0,1.4503579,0.6245606,0.15234509,0.0,0.0,0.0,0.0,0.0,0.23643884,0.10751697,0.0,0.0,0.0,0.0,1.03515,3.502306,0.0,1.5186121,2.8749795,2.7220821,0.0,0.0,0.8348894,0.0,0.23597349,0.0,0.19316171,0.0,0.0,0.0,0.14221698,0.0,0.47778654,0.0,0.0,0.30923048,0.0,0.22739902,0.36936703,0.0,0.46297163,2.452577,0.0,0.0,1.1271309,0.0,0.0,0.0,0.0,0.0,0.0,0.0,0.0,0.63099027,1.0753436,2.326078,0.0,0.0,0.0,0.4148348,1.7724897,0.5943093,0.0,1.9423981,2.3034556,0.0,0.0,1.9835836,0.0,0.0,0.0,0.0,1.3117322,0.0,1.9715145,0.0,0.0,0.0,0.04351188,0.0,0.2505171,0.20836285,0.0,0.0,0.53459626,0.0,0.0,0.0,1.0299735,0.0,1.1776062,0.0,2.9138446,0.0,0.55730885,0.5560626,0.0,0.0,0.0,0.0,0.0,0.30047354,0.0,0.0,0.0,0.0,0.24063215,0.45564362,2.9570243,0.0,0.0,3.1647675,0.0,0.0,0.0,0.09756162,0.0,0.0,0.0,1.0468142,0.0,0.21726184,0.0,0.0,0.0,0.0,4,4,0.98989046,hiphop,hiphop
0.0,0.0,1.1973636,0.70860213,0.0,0.0,0.0,0.23612061,0.0,0.0,0.2729973,0.25922507,0.0,0.0,0.0,0.180851,1.2723706,3.5486567,0.0,1.4068674,2.3447373,2.552075,0.0,0.0,1.1739782,0.0,0.03185308,0.0,0.52440953,0.0,0.0,0.0,0.06188642,0.0,0.658313,0.0,0.0,0.18010709,0.0,0.9508336,1.3627515,0.0,0.31809443,1.7427981,0.0,0.0,0.702798,0.0,0.0,0.0,0.0,0.0,0.0,0.0,0.0,1.428007,0.6837961,2.350136,0.0,0.0,0.0,0.7537559,1.7496475,0.9194373,0.0,2.1458883,2.2205884,0.0,0.0,1.568304,0.2686591,0.0,0.0,0.0,1.1366591,0.0,1.5540516,0.0,0.0,0.0,0.25548744,0.0,0.0,0.35425517,0.0,0.0,0.9215613,0.0,0.0,0.0,1.320609,0.0,1.3236133,0.0,2.7812355,0.0,0.45882612,0.73389006,0.0,0.0,0.2735401,0.0,0.0,0.4361167,0.0,0.0,0.0,0.0,0.12036686,0.60376257,2.9550903,0.0,0.0,2.961751,0.0,0.0,0.0,0.23604597,0.4662959,0.0,0.0,0.89472896,0.0,0.1493678,0.0,0.0,0.0,0.0,4,4,0.98477626,hiphop,hiphop
0.0,0.0,1.6412166,0.5718715,0.18158233,0.0,0.0,0.090447545,0.0,0.0,0.26792726,0.20288591,0.0,0.0,0.0,0.0,1.5581732,3.6685426,0.0,1.6592764,2.949052,2.9580307,0.0,0.0,1.2377006,0.0,0.027163317,0.0,0.19475392,0.0,0.0,0.0,0.12942223,0.0,0.6160083,0.0,0.0,0.0,0.0,0.5641748,1.9121565,0.0,0.7188824,1.7838646,0.0,0.0,1.3714488,0.0,0.0,0.0,0.0,0.0,0.0,0.0,0.0,2.0137472,0.53253204,2.2909338,0.0,0.0,0.0,0.62453383,1.9870852,0.81121945,0.0,2.4794147,2.0384762,0.0,0.0,1.4811535,0.0,0.0,0.0,0.0,1.7487531,0.0,1.5619675,0.0,0.0,0.0,0.5531382,0.0,0.04554312,0.5089081,0.0,0.0,0.9402523,0.0,0.0,0.0,1.3189207,0.0,1.719496,0.0,2.6285331,0.0,1.1687552,1.2877165,0.0,0.0,0.0,0.0,0.0,0.31542993,0.0,0.0,0.0,0.0,0.065972865,0.5533103,2.9446716,0.0,0.0,3.1758413,0.0,0.0,0.0,0.13834381,0.5002816,0.0,0.0,0.9752719,0.0,0.085029446,0.0,0.0,0.0,0.0,4,4,0.99482685,hiphop,hiphop
0.0,0.0,0.8734473,1.3319746,0.4026687,0.0,0.059924766,0.0,0.0,0.0,0.16162996,0.38495472,0.0,0.0,0.0,0.0,1.0507567,3.2861228,0.0,0.65294856,2.6379933,2.2985137,0.0,0.0,0.5677442,0.0,0.0,0.0,0.2612464,0.0,0.0,0.0,0.19873504,0.0,0.40910104,0.0,0.0,0.25942615,0.0,0.9475735,1.3449243,0.0,0.8444677,1.729521,0.0,0.0,1.5830319,0.0,0.0,0.0,0.0,0.0,0.0,0.0,0.0,0.750212,0.75987273,2.0775363,0.0,0.0,0.0,0.8715694,1.3914865,0.34133625,0.0,1.6327224,1.9430135,0.0,0.0,1.1531662,0.0,0.0,0.0,0.0,1.0155638,0.0,1.4242494,0.09304256,0.0,0.0,0.1934993,0.0,0.001203449,0.6256092,0.0,0.0,0.82817215,0.0,0.0,0.0,1.3566445,0.0,1.6457579,0.0,2.4811673,0.0,1.0522707,0.73160213,0.0,0.0,0.0,0.0,0.0,0.45428324,0.0,0.0,0.0,0.0,0.7657588,0.0,2.7334626,0.0,0.0,2.369624,0.0,0.039435573,0.0,0.13629392,0.39832267,0.0,0.0,1.2311373,0.0,0.0,0.0,0.0,0.0,0.0,4,4,0.975343,hiphop,hiphop
0.0,0.0,0.12077447,2.1682665,0.4201095,0.27812794,1.082419,0.12880908,0.0,0.0,0.0,0.9647655,0.0,0.0,0.0,0.0,0.68612784,2.3296757,0.0,0.24146236,2.5122607,1.201469,0.0,0.0,0.0,0.0,0.0,0.0,0.40265593,0.0,0.0,0.0,0.29817137,0.0,0.11895208,0.0,0.0,0.828679,0.0,1.2290652,1.1251628,0.0,0.9404116,1.0582545,0.0,0.0,1.2409999,0.63396376,0.0,0.0,0.0,0.0,0.0,0.0,0.0,0.0,0.46113333,1.7727226,0.0,0.0,0.0,1.0973476,1.0193094,0.20944905,0.0,0.69673496,2.0630066,0.0,0.0,0.736967,0.0,0.0,0.0,0.0,0.0,0.0,1.3901565,0.4828603,0.0,0.0,0.33227894,0.0,0.0,0.5968937,0.11173064,0.0,0.7529376,0.0,0.0,0.0,0.65836996,0.0,1.2555714,0.0,1.8340145,0.0,0.5060059,0.1286989,0.0,0.0,0.3515331,0.0,1.0117446,0.6052211,0.0,0.35918188,0.0,0.0,1.0394413,0.0,2.2773623,0.0,0.0,1.5845488,0.0,0.043564513,0.0,0.5627317,0.105989,0.0,0.0,1.1476794,0.0,0.12616993,0.0,0.0,0.0,0.0,4,4,0.7303011,hiphop,hiphop
0.5081763,0.0,1.6902208,0.54817504,0.20068225,0.4866682,0.0,0.0,0.0,0.0,0.0,0.26266477,0.0,0.0,0.0,0.3617706,0.94281954,2.5850542,0.0,1.2023662,3.4719133,2.497815,0.0,0.0,0.12730743,0.0,0.0,0.0,0.0,0.0,0.24299885,0.0,0.25770333,0.0,0.061803672,0.0,0.0,0.011628253,0.0,0.0,0.4223356,0.0,0.74434084,2.5535052,0.0,0.0,2.2950735,0.0,0.0,0.0,0.0,0.0,0.0,0.0,0.0,0.34379688,0.39293787,2.3969984,0.0,0.0,0.0,0.44978017,1.6511132,0.0,0.0,1.8320614,1.9960704,0.0,0.0,2.168346,0.0,0.0,0.0,0.0,0.98880744,0.0,2.6302855,0.0,0.0,0.0,0.0,0.0,0.68063724,1.0526935,0.0,0.0,0.8481219,0.0,0.0,0.0,0.9940432,0.004676588,1.6215752,0.0,2.2407496,0.0,1.4193423,0.62706506,0.5831146,0.0,0.0,0.0,0.0,1.1263319,0.0,0.19708128,0.0,0.0,0.0,0.0,1.912495,0.0,0.0,1.77067,0.0,0.020626701,0.0,0.0,0.3454137,0.0,0.0,2.0955637,0.0,0.19648463,0.0,0.0,0.0,0.0,4,4,0.9938613,hiphop,hiphop
0.22627424,0.0,1.810415,0.5307277,0.71667624,0.24992445,0.0,0.0,0.0,0.0,0.183365,0.37493676,0.0,0.0,0.0,0.22244775,1.0138228,3.3506534,0.0,1.2670025,3.033239,3.1333783,0.0,0.0,0.2794771,0.0,0.0,0.0,0.0,0.0,0.10810158,0.0,0.7870908,0.0,0.0,0.0,0.0,0.13427787,0.0,0.0,0.31621805,0.0,0.7910341,3.2365105,0.0,0.0,2.4941351,0.0,0.0,0.0,0.0,0.0,0.0,0.0,0.0,0.74042577,0.7114871,1.9841586,0.0,0.0,0.0,0.34941798,2.156933,0.0,0.0,2.1081078,2.0948346,0.0,0.0,2.522565,0.0,0.0,0.0,0.0,1.2710401,0.0,1.8631027,0.0,0.0,0.0,0.3414902,0.0,0.66923076,0.4161793,0.0,0.0,0.30077276,0.0,0.0,0.0,1.2920291,0.0,1.7122173,0.0,2.920566,0.0,1.4570562,0.9624351,0.116356686,0.0,0.0,0.0,0.010652362,0.7849861,0.0,0.0,0.0,0.0,0.0,0.008313827,2.567416,0.0,0.0,2.195038,0.0,0.18735912,0.0,0.0,0.86188716,0.0,0.0,2.1348379,0.0,0.01380498,0.0,0.0,0.0,0.0,4,4,0.9970354,hiphop,hiphop
0.24509329,0.0,1.7948252,0.78409684,0.16352764,0.0,0.0,0.060375255,0.0,0.0,0.13916908,0.5479333,0.0,0.0,0.0,0.4301731,1.0842309,3.006076,0.0,1.3189583,2.990449,2.8693185,0.0,0.0,0.3253717,0.0,0.1059321,0.0,0.0,0.0,0.20977414,0.0,0.5447225,0.0,0.037639182,0.0,0.0,0.0,0.0,0.0,0.24988881,0.0,0.47388086,2.8368673,0.0,0.0,2.1970286,0.0,0.0,0.0,0.0,0.0,0.0,0.0,0.0,0.45492524,0.2960667,2.0164828,0.0,0.0,0.0,0.41227058,1.7292304,0.0,0.0,2.2222292,2.517717,0.0,0.0,2.3799863,0.0,0.0,0.0,0.0,0.8120934,0.0,2.0661833,0.0,0.0,0.0,0.04416745,0.0,0.6079798,0.48895013,0.0,0.0,0.6166709,0.0,0.0,0.0,1.2085207,0.0,1.8064517,0.0,2.7751007,0.0,1.2757546,1.2345393,0.33889082,0.0,0.0,0.0,0.0,0.789016,0.0,0.0,0.0,0.0,0.19084667,0.073002435,2.6605804,0.0,0.0,2.1937537,0.0,0.0,0.0,0.0,0.6969201,0.0,0.0,2.2656724,0.0,0.3913406,0.0,0.0,0.0,0.0,4,4,0.9964713,hiphop,hiphop
0.40062314,0.0,1.6295595,0.87983626,0.2148729,0.0,0.0,0.06919368,0.0,0.0,0.36870083,0.5468116,0.0,0.0,0.0,0.543912,1.1782161,2.7585967,0.0,1.1179221,2.9423313,2.2764313,0.0,0.0,0.28226104,0.0,0.0,0.0,0.0,0.0,0.25138673,0.0,0.51113856,0.0,0.03605467,0.0,0.0,0.23249163,0.0,0.0,0.36600947,0.0,0.54862994,2.6860487,0.0,0.0,2.3449779,0.075262114,0.0,0.0,0.0,0.0,0.0,0.0,0.0,0.015841277,0.0,2.0377245,0.0,0.0,0.0,0.59349936,1.7338207,0.0,0.0,2.1608682,2.2615755,0.0,0.0,2.3469758,0.0,0.0,0.0,0.0,0.9353057,0.0,2.5637875,0.0,0.0,0.0,0.0,0.0,0.410106,0.81997347,0.0,0.0,0.55399376,0.0,0.0,0.0,1.2975619,0.0,1.53221,0.0,2.6406991,0.0,1.3188578,0.6913196,0.4682639,0.0,0.0,0.0,0.0,0.67352766,0.0,0.0,0.0,0.0,0.0,0.0,2.5495663,0.0,0.0,2.2668822,0.0,0.0,0.0,0.097861476,0.71805745,0.0,0.0,1.9000897,0.0,0.32926294,0.0,0.0,0.0,0.0,4,4,0.9951891,hiphop,hiphop
0.073651426,0.0,1.9852148,0.6165982,0.26576546,0.0,0.0,0.0,0.0,0.0,0.06787565,0.5224245,0.0,0.0,0.0,0.9844815,1.3121172,3.3908236,0.0,1.3658503,3.2942045,2.8166604,0.0,0.0,0.37499848,0.0,0.024977235,0.0,0.0,0.0,0.0,0.0,0.63788307,0.0,0.06260199,0.0,0.0,0.21784776,0.0,0.0,0.36181828,0.0,0.4498967,3.0434632,0.0,0.0,2.3262634,0.0,0.0,0.0,0.0,0.0,0.0,0.0,0.0,0.5416072,0.5247408,2.093569,0.0,0.0,0.0,0.3222934,2.221174,0.0,0.0,2.2192476,2.2825048,0.0,0.0,2.5331619,0.0,0.0,0.0,0.0,0.84951293,0.0,2.5834255,0.0,0.0,0.0,0.2379637,0.0,0.64317316,0.2754929,0.0,0.0,0.5565518,0.0,0.0,0.0,1.3289651,0.014468752,2.0526388,0.0,2.910908,0.0,1.2913972,1.0829589,0.17878905,0.0,0.0,0.0,0.0,0.86333925,0.0,0.0,0.0,0.0,0.26446086,0.06962112,2.7244804,0.0,0.0,2.6527483,0.0,0.0,0.0,0.14956911,0.68272406,0.0,0.0,2.139809,0.0,0.06461646,0.0,0.0,0.0,0.0,4,4,0.99784064,hiphop,hiphop
0.843318,0.0,1.6241136,1.3857625,1.0061724,0.5253381,0.0,0.04008199,0.0,0.0,1.1224115,0.0,0.0,0.0,0.0,0.0,0.9746935,2.9451632,0.0,1.3262444,4.077179,2.8703463,0.0,0.0,1.1550711,0.0,0.0,0.0,0.0,0.0,0.056916475,0.0,0.8568635,0.0,0.05801546,0.0,0.0,0.9687236,0.0,0.0,0.0,0.0,0.903538,3.306526,0.0,0.0,3.422692,0.0,0.0,0.0,0.0,0.0,0.0,0.0,0.0,0.5223178,0.65870386,2.5923977,0.0,0.0,0.0,0.0,2.4566426,0.0,0.0,2.225145,2.369923,0.0,0.0,3.2617273,0.0,0.0,0.0,0.0,2.2609134,0.0,2.0427034,0.0,0.0,0.0,1.7423536,0.0,0.79233426,0.18483832,0.0,0.0,0.09830292,0.0,0.0,0.0,0.770896,0.0,1.0926192,0.0,2.9560266,0.0,2.4915984,1.1823742,0.0,0.0,0.0,0.0,0.838379,0.457942,0.0,0.64819884,0.0,0.0,0.25073314,0.0,2.6386433,0.0,0.0,2.8252246,0.0,0.0,0.0,0.11138644,0.5928305,0.0,0.0,2.3062155,0.0,0.0,0.0,0.0,0.0,0.0,4,4,0.9926629,hiphop,hiphop
0.91972625,0.0,1.3996538,1.6310022,1.2198054,0.83146673,0.0,0.0,0.0,0.0,1.1784595,0.0,0.0,0.0,0.0,0.0,1.28921,2.2825675,0.0,1.753549,4.3339696,1.3849722,0.0,0.0,0.7932934,0.0,0.0,0.0,0.46109542,0.0,0.29135743,0.0,1.1816111,0.0,0.08256012,0.0,0.0,0.87266016,0.0,0.0,0.0,0.0,1.62144,2.948663,0.0,0.0,2.9306765,0.0,0.0,0.0,0.0,0.0,0.0,0.0,0.0,0.5277209,0.67127395,3.1208966,0.0,0.0,0.0,0.044567484,2.3533757,0.0,0.0,1.4967568,2.1693382,0.0,0.0,2.8743794,0.0,0.0,0.0,0.0,2.1380873,0.0,2.0585468,0.0,0.0,0.0,1.3979745,0.0,0.39475235,0.27689105,0.0,0.0,0.36988658,0.0,0.0,0.0,0.5942697,0.4377916,0.3783552,0.0,2.4579418,0.0,2.6990707,0.46412548,0.0,0.0,0.0,0.0,0.6799858,0.38271376,0.0,0.8125215,0.0,0.0,0.034677513,0.0,2.0323403,0.0,0.0,2.9138103,0.0,0.0,0.0,0.0,0.5705917,0.0,0.0,1.7258766,0.0,0.0,0.0,0.0,0.0,0.0,4,4,0.97459394,hiphop,hiphop
0.5934381,0.0,0.8148946,1.4231721,0.43186536,0.27764842,0.0,0.014305593,0.0,0.0,0.6444013,0.0,0.0,0.0,0.0,0.0,1.9726107,1.9304477,0.0,2.1545727,4.4364986,0.16777773,0.0,0.0,1.1472976,0.0,0.0,0.0,1.4797748,0.0,0.3358864,0.0,0.80306154,0.0,0.0,0.0,0.085142404,0.39244658,0.0,0.0,0.0,0.0,1.6197864,2.3193297,0.0,0.0,1.6049968,0.5295163,0.0,0.0,0.0,0.0,0.0,0.0,0.0,0.38415375,0.35680255,3.5879211,0.0,0.0,0.0,0.27481666,1.5462692,0.08389496,0.25444907,0.68530095,1.7497041,0.0,0.0,1.9547384,0.68748504,0.0,0.0,0.0,1.534748,0.0,1.5658312,0.0,0.0,0.0,0.7435835,0.0,0.0,0.7776231,0.0,0.0,1.4786385,0.0,0.0,0.0,0.013056552,1.120011,0.0,0.0,2.0366426,0.0,1.9657794,0.14093447,0.0,0.0,0.0,0.0,0.0,0.43381315,0.0,1.348363,0.0,0.0,0.36833602,0.0,1.5322398,0.0,0.0,3.0692723,0.0,0.0,0.0,0.0,0.0,0.0,0.0,0.93773246,0.0,0.0,0.0,0.0,0.0,0.0,4,4,0.8805051,hiphop,hiphop
0.76529497,0.0,0.768378,1.2056044,0.2974621,0.0,0.0,0.118991375,0.0,0.0,0.7685257,0.0,0.0,0.0,0.0,0.0,1.6484307,1.4989494,0.0,1.779953,4.1246033,0.5617087,0.0,0.0,0.6477508,0.0,0.0,0.0,0.63771063,0.0,0.19926539,0.0,0.61897004,0.0,0.0,0.0,0.27394813,0.5952606,0.0,0.0,0.11870691,0.0,1.270781,2.078106,0.0,0.0,2.5026178,0.0,0.0,0.0,0.0,0.0,0.0,0.0,0.0,0.6580441,0.25810766,3.3800576,0.0,0.0,0.0,0.2632235,1.7281636,0.0,0.0,1.4779034,1.9572096,0.0,0.0,2.46795,0.3114374,0.0,0.0,0.0,1.4464301,0.0,2.0594893,0.0,0.0,0.0,1.0457586,0.0,0.0,0.95715797,0.0,0.0,1.1902307,0.0,0.0,0.0,0.32372522,0.73978126,0.25988844,0.0,1.936535,0.0,1.8916478,0.5408151,0.0,0.0,0.0,0.0,0.0,0.5725757,0.0,1.4087427,0.0,0.0,0.0,0.0,1.6951121,0.0,0.0,2.735861,0.0,0.0,0.0,0.0,0.0,0.0,0.0,0.91125095,0.0,0.0,0.0,0.0,0.0,0.0,4,4,0.9621924,hiphop,hiphop
0.45409977,0.0,0.9612836,1.6780773,1.1830174,0.14596593,0.0,0.0,0.0,0.0,1.1401036,0.0,0.0,0.0,0.0,0.0,1.0574496,2.3263655,0.0,1.0691373,3.5535653,1.8811675,0.0,0.0,0.78840035,0.0,0.0,0.0,0.09876926,0.0,0.0,0.0,1.0242025,0.0,0.23642881,0.0,0.0,1.0219647,0.0,0.0,0.09795961,0.0,0.89191484,2.483714,0.0,0.0,3.2838135,0.0,0.0,0.0,0.0,0.0,0.0,0.0,0.0,0.7095949,0.5721916,2.7766724,0.0,0.0,0.0,0.0,2.1730719,0.0,0.0,2.053241,2.3553243,0.0,0.0,2.7751138,0.0,0.0,0.0,0.0,1.8509507,0.0,2.3541696,0.0,0.0,0.0,1.6573055,0.0,0.0031952136,0.48024327,0.0,0.0,0.4942288,0.0,0.0,0.0,0.74547064,0.0,1.1241008,0.0,2.7785876,0.0,2.4886336,1.2013905,0.0,0.0,0.0,0.0,0.81306845,0.16439386,0.0,0.7268928,0.0,0.0,0.0,0.0,2.5628185,0.0,0.0,2.5070872,0.0,0.0,0.0,0.5753197,0.7039946,0.0,0.0,2.1268365,0.0,0.0,0.0,0.0,0.0,0.0,4,4,0.9846415,hiphop,hiphop
1.0708108,0.0,2.821815,1.1306617,1.8100141,1.1130694,0.0,0.0,0.0,0.0,0.47342968,0.0,0.0,0.0,0.0,0.0,0.48262802,2.594522,0.0,0.7812544,3.9539566,3.416709,0.0,0.0,0.11489682,0.0,0.0,0.0,0.0,0.0,0.96383756,0.0,0.5832791,0.0,0.8276913,0.0,0.0,0.0,0.0,0.0,0.0,0.08906937,1.8881286,2.7966743,0.0,0.21899493,3.4458652,0.0,0.0,0.0,0.0,0.0,0.0,0.0,0.0,0.2132558,0.6857245,2.1087554,0.0,0.0,0.0,0.0,2.00006,0.0,0.0,1.7864568,1.9775236,0.0,0.0,2.8642886,0.0,0.0,0.0,0.0,2.7650185,0.0,2.1704142,0.0,0.0,0.0,0.5041913,0.0,1.7810588,0.5569069,0.0,0.0,0.0,0.0,0.0,0.0,1.0168973,0.0,0.8598613,0.0,3.238669,0.0,2.7213898,0.7050077,0.0,0.0,0.0,0.0,0.0,0.027174212,0.0,0.23759715,0.0,0.0,0.03408567,0.047000743,2.1562166,0.0,0.13264939,2.1981463,0.0,1.0357459,0.0,0.0,0.48228076,0.0,0.0,1.7803673,0.0,0.0,0.0,0.0,0.0,0.0,4,4,0.9965862,hiphop,hiphop
0.89189047,0.0,2.5928097,1.322702,1.6173012,0.9445943,0.0,0.0,0.0,0.0,0.23696359,0.0,0.0,0.0,0.0,0.0,0.8141003,2.190813,0.0,0.5526319,3.8178155,2.987364,0.0,0.0,0.0026281464,0.0,0.0,0.0,0.0,0.0,0.71254456,0.0,0.51743335,0.0,0.673475,0.0,0.0,0.048309203,0.0,0.0,0.0,0.1160926,1.7917267,2.7785468,0.0,0.438688,3.110833,0.0,0.0,0.0,0.0,0.0,0.0,0.0,0.0,0.31210062,0.76546025,2.2862208,0.0,0.0,0.0,0.0,1.649714,0.0,0.0,1.5990062,1.7447755,0.0,0.0,2.4678156,0.0,0.0,0.0,0.0,2.8599303,0.0,2.242747,0.0,0.0,0.0,0.55104035,0.0,1.1594754,0.8549257,0.13282375,0.0,0.0,0.0,0.0,0.0,1.015268,0.0,0.59178793,0.0,2.8174107,0.0,2.4306912,0.61298114,0.0,0.0,0.0,0.0,0.0,0.27595666,0.0,0.23886213,0.0,0.0,0.055768237,0.0,1.8949721,0.0,0.0680327,2.1786964,0.0,0.7463039,0.0,0.0,0.4088843,0.0,0.0,1.6398437,0.0,0.0,0.0,0.0,0.0,0.0,4,4,0.990915,hiphop,hiphop
0.9022885,0.0,2.534382,1.0691818,1.4073739,1.2153858,0.0,0.0,0.0,0.0,0.39184332,0.0,0.0,0.0,0.0,0.0,0.8401599,2.251844,0.0,0.57584476,3.4412322,2.9700708,0.0,0.0,0.0,0.0,0.0,0.0,0.0,0.0,0.8815022,0.0,0.32961407,0.0,0.07975003,0.0,0.0,0.23124123,0.0,0.0,0.112676404,0.043164283,1.5923382,2.7558932,0.0,0.28088865,2.88476,0.0,0.0,0.0,0.0,0.0,0.0,0.0,0.0,0.41129914,1.0603614,2.1006413,0.0,0.0,0.0,0.0,1.3965786,0.0,0.0,1.5480865,1.8522046,0.0,0.0,2.5412183,0.0,0.0,0.0,0.0,3.0151443,0.0,1.8303695,0.0,0.0,0.0,0.47730893,0.0,0.92560416,0.6073843,0.0,0.0,0.0,0.0,0.0,0.0,0.83391446,0.0,0.79538316,0.0,2.8091817,0.0,2.4623344,0.7258988,0.0,0.0,0.0,0.0,0.0,0.5640678,0.0,0.18581755,0.0,0.0,0.0,0.0,1.6128827,0.0,0.0,2.2420313,0.0,0.7268179,0.0,0.0,0.6264974,0.0,0.0,1.8336593,0.0,0.0,0.0,0.0,0.0,0.0,4,4,0.9910767,hiphop,hiphop
0.91565007,0.0,2.0716112,1.3147728,0.72804195,0.82676226,0.0,0.0,0.0,0.0,0.0,0.0,0.0,0.0,0.0,0.0,0.43905887,1.8448882,0.0,0.19528565,3.4323494,1.3741611,0.0,0.0,0.0,0.0,0.0,0.0,0.0,0.0,0.83427495,0.0,0.2432096,0.0,0.0,0.0,0.0,0.025683807,0.0,0.0,0.23539387,0.2984777,1.8414437,2.1931229,0.0,0.20599253,2.1882668,0.0,0.0,0.0,0.0,0.0,0.0,0.0,0.0,0.16764605,0.64244324,2.0496871,0.0,0.017377328,0.0,0.0,0.94779944,0.0,0.0,0.82676554,1.835499,0.0,0.0,1.8358727,0.0,0.0,0.0,0.0,2.2187483,0.0,1.8209848,0.0,0.0,0.0,0.4007121,0.0,0.43219626,1.0692912,0.12193539,0.0,0.0,0.0,0.0,0.0,0.60488415,0.13507074,0.43839547,0.0,2.4660966,0.0,1.8264349,0.12967375,0.0,0.15748246,0.0,0.0,0.0,0.2303515,0.0,0.47359666,0.0,0.0,0.42064562,0.0,1.1953803,0.0,0.0,1.918993,0.0,0.41928867,0.0,0.0,0.2475329,0.0,0.0,0.49767593,0.0,0.0,0.0,0.0,0.0,0.0,4,4,0.93157953,hiphop,hiphop
1.1116945,0.0,2.5600102,1.3098907,1.2668359,0.87927705,0.0,0.0,0.0,0.0,0.0,0.0,0.0,0.0,0.0,0.0,0.4728672,2.3494225,0.0,0.5593781,3.1465943,2.2018032,0.0,0.0,0.0,0.0,0.0,0.0,0.0,0.0,1.0353674,0.0,0.25084215,0.0,0.0,0.0,0.0,0.4189117,0.0,0.0,0.0,0.091609694,1.4333147,2.7027087,0.0,0.13907969,2.6310987,0.0,0.0,0.0,0.0,0.0,0.0,0.0,0.0,0.15220062,0.73552406,1.9969954,0.0,0.0,0.0,0.0,1.3875494,0.0,0.0,1.141834,1.8226119,0.0,0.0,2.0338862,0.0,0.0,0.0,0.0,2.6672776,0.0,1.9308895,0.0,0.0,0.0,0.39214796,0.0,0.87641746,0.66266626,0.09367314,0.0,0.0,0.0,0.0,0.0,0.66585445,0.08562018,0.22161607,0.0,2.4130342,0.0,2.0390716,0.33751827,0.0,0.0,0.0,0.0,0.0,0.34111115,0.0,0.22774282,0.0,0.0,0.28850657,0.0,1.3318516,0.0,0.0,1.8980119,0.0,0.6811664,0.0,0.0,0.01510796,0.0,0.0,0.9528001,0.0,0.0,0.0,0.0,0.0,0.0,4,4,0.9750796,hiphop,hiphop
0.0,0.0,1.5836527,0.04791404,0.21912448,0.0,0.0,1.2100981,0.7192279,0.0,0.64353055,1.6854585,0.0,0.0,0.0,0.87833476,1.0553089,3.0633366,0.0,0.9030166,1.4280343,2.523727,0.0,0.0,0.34709543,0.0,0.0,0.0,0.0,0.0,0.0,0.0,0.0,0.0,1.0440432,0.0,0.0,0.5248707,0.0,1.0533456,2.1944091,0.0,0.0,2.1772637,0.0,0.0,1.1469351,0.0,0.0,0.0,0.0,0.0,0.0,0.0,0.0,2.2692015,0.44396466,0.44996506,0.0,0.0,0.0,1.2996821,3.0370593,0.70892197,0.0,2.476113,2.6751213,0.0,0.0,1.4684051,0.0,0.0,0.12545119,0.0,0.9488029,0.0,2.000508,0.105170816,0.0,0.0,1.0494518,0.0,0.0,0.0,0.0,0.0,1.009198,0.0,0.0,0.0,1.9791473,0.0,1.4355806,0.0,2.6879706,0.5141183,0.7918662,1.4277624,0.26042432,0.0,0.0,0.0,0.48907542,0.65369654,0.0,0.0,0.0,0.0,0.0,0.0,3.4509895,0.0,0.021037163,2.859831,0.0,0.0,0.0,1.2809191,0.6780898,0.0,0.0,0.71455145,0.0,0.0,0.0,0.0,0.0,0.0,4,4,0.9940607,hiphop,hiphop
0.0,0.0,1.5008662,0.0,0.11811608,0.0,0.08237755,1.2406858,0.2868441,0.0,1.10249,1.242987,0.0,0.0,0.0,0.8920233,1.1959717,3.0662754,0.0,1.5135775,1.6404887,2.5674856,0.0,0.0,0.7287151,0.0,0.062650986,0.0,0.0702702,0.0,0.0,0.0,0.0065315384,0.0,0.48009932,0.0,0.0,0.15169144,0.0,1.3579518,2.7757833,0.0,0.0,1.8743044,0.0,0.0,0.74129,0.0,0.0,0.0,0.0,0.0,0.0,0.0,0.0,2.8299043,0.30874923,0.91178787,0.0,0.0,0.0,1.5853478,3.0401437,1.063287,0.0,2.4656944,2.4812217,0.0,0.0,1.5732726,0.0,0.0,0.5164758,0.0,1.2688919,0.0,1.242311,0.18551977,0.0,0.0,0.9222995,0.0,0.0,0.0,0.0,0.0,1.0771672,0.0,0.0,0.0,2.016791,0.0,1.1292275,0.0,2.909396,0.39852178,0.29104257,1.3726642,0.31157574,0.0,0.0,0.0,0.15550381,0.89855164,0.0,0.0,0.18181692,0.0,0.0,0.018401198,3.26912,0.32458556,0.040178407,3.2560043,0.0,0.0,0.0,0.6707885,0.82135004,0.0,0.0,0.6067529,0.0,0.0,0.0,0.0,0.0,0.0,4,4,0.99055326,hiphop,hiphop
0.0,0.0,1.1204758,0.0,0.0,0.0,0.25785354,0.61769533,0.36918992,0.0,0.95096135,0.7971219,0.0,0.0,0.0,0.8320044,0.45341,2.676505,0.0,1.3944283,1.970791,1.9112117,0.0,0.0,0.6308295,0.0,0.0,0.0,0.04259266,0.0,0.0,0.0,0.0808762,0.0,0.0,0.0,0.0,0.28241023,0.0,1.5088171,2.9737675,0.0,0.0,1.1458367,0.13993642,0.0,0.2887621,0.0,0.0,0.0,0.0,0.0,0.0,0.0,0.0,2.5282817,0.4415962,1.1289886,0.0,0.0,0.0,1.7040863,2.4526155,1.1377963,0.0,1.846465,1.9909172,0.0,0.0,0.7576316,0.0,0.0,0.3653653,0.0,1.1260587,0.0,0.86789054,0.0,0.0,0.0,0.4697274,0.0,0.0,0.0,0.0,0.0,0.90689546,0.0,0.0,0.0,1.6350653,0.0,1.1089534,0.0,2.5041628,0.03501144,0.0,1.1492147,0.26682794,0.0,0.0,0.0,0.0,0.62025505,0.0,0.0,0.19291216,0.0,0.3202407,0.0,2.734395,0.72333145,0.0,2.7391899,0.0,0.0,0.0,0.2306552,0.50019234,0.0,0.0,0.30745065,0.0,0.0,0.0,0.0,0.0,0.0,4,4,0.96389264,hiphop,hiphop
0.0,0.0,0.26444614,0.5226732,0.0,0.0,0.93733376,0.7063953,0.9211581,0.0,0.60141695,0.98369867,0.0,0.0,0.0,1.0956651,0.3121433,2.5757823,0.0,0.96240354,1.5913434,1.2063237,0.0,0.0,0.0,0.0,0.0,0.0,0.0,0.0,0.0,0.0,0.60635126,0.0,0.17906694,0.0,0.0,0.81403404,0.14514588,1.9033202,2.3155584,0.0,0.0,1.1820252,0.04440472,0.0,0.49777153,0.0,0.0,0.0,0.247636,0.0,0.0,0.0,0.0,1.7210466,0.0,0.88353103,0.0,0.0,0.39831263,1.5333277,2.3587716,1.2866818,0.0,1.418735,1.724,0.0,0.0,0.38611966,0.0,0.0,0.5834544,0.0,0.15625882,0.0,0.7794233,0.0,0.0,0.0,0.5370011,0.0,0.0,0.0,0.0,0.0,1.1246395,0.0,0.0,0.0,1.1006032,0.0,1.3717673,0.0,1.9284077,0.80924815,0.0,1.0033724,0.0,0.0,0.0,0.0,0.21365926,0.40320346,0.0,0.0,0.1989674,0.0,1.0261954,0.0,2.89411,0.64777285,0.050819054,1.9146686,0.0,0.0,0.0,0.8091609,0.22547673,0.0,0.0,0.33912465,0.0,0.0,0.0,0.0,0.0,0.0,4,4,0.8102823,hiphop,hiphop
0.0,0.0,0.1390797,0.3783318,0.0,0.0,0.43663004,0.826773,0.73787236,0.0,0.2729452,1.2619635,0.0,0.0,0.0,1.0739998,0.44603854,2.1231854,0.0,0.9257892,1.3053879,1.0771493,0.0,0.0,0.0,0.0,0.0,0.0,0.1468544,0.0,0.0,0.0,0.6275931,0.0,0.22281289,0.0,0.0,0.6044996,0.114830606,1.8719422,1.7054629,0.0,0.0,0.9888186,0.0,0.0,0.0,0.0,0.0,0.0,0.2982858,0.0,0.0,0.0,0.0,1.6039835,0.0,1.0336095,0.0,0.0,0.5789177,1.2912878,2.0213237,0.77451617,0.0,1.2551596,1.813095,0.0,0.0,0.4803117,0.0,0.0,0.6605869,0.0,0.03282782,0.0,1.040951,0.0,0.0,0.0,0.16619937,0.0,0.0,0.0,0.0,0.0,0.88718975,0.0,0.0,0.0,0.8384781,0.0,1.3945634,0.0,1.4651035,0.536666,0.015788633,0.58633435,0.20525008,0.0,0.0,0.0,0.1617631,0.781849,0.0,0.0,0.023996297,0.0,0.43610469,0.0,2.6682594,0.39889643,0.3686705,1.4117976,0.0,0.0,0.0,0.4931545,0.29802403,0.0,0.0,0.21501656,0.0,0.0,0.0,0.0,0.057362784,0.0,4,4,0.7718066,hiphop,hiphop
0.0,0.0,2.4290462,0.595595,2.358953,0.0,0.0,0.0,0.0,0.0,0.5400913,1.0272597,0.0,0.0,0.0,0.04100677,1.0664612,4.1974287,0.0,0.81087714,2.368443,3.1908293,0.0,0.0,0.8513011,0.0,0.0,0.0,0.0,0.0,0.17249781,0.0,0.0,0.0,1.1979836,0.0,0.0,0.21956071,0.0,0.24203022,0.46243817,0.0,0.8503689,3.1949155,0.0,0.20541517,2.563209,0.0,0.0,0.0,0.0,0.0,0.0,0.0,0.0,1.1211021,1.0277048,0.74365836,0.0,0.0,0.0,0.6974406,2.540347,0.0,0.0,2.8345425,2.595983,0.0,0.0,2.964202,0.0,0.0,0.0,0.0,2.3230913,0.0,2.503288,0.9164117,0.0,0.0,0.0,0.0,1.258094,0.0,0.0,0.0,0.63363826,0.0,0.0,0.0,2.928768,0.0,1.3457164,0.0,4.443807,0.0,1.9108739,0.77214295,0.0,0.0,0.0,0.0,0.4349951,0.8548389,0.0,0.0,0.0,0.0,0.061141796,0.0,3.95477,0.0,0.076980144,3.2846282,0.0,0.4130222,0.0,0.17752099,1.6934226,0.0,0.0,1.8984779,0.0,0.0,0.0,0.0,0.0,0.0,4,4,0.9992931,hiphop,hiphop
0.0,0.0,2.6205852,0.8686331,2.5573177,0.27846563,0.0,0.0,0.0,0.0,0.23812951,1.0758032,0.0,0.0,0.0,0.030131748,1.2880188,3.8405497,0.0,0.7161538,2.5308073,3.3763592,0.0,0.0,0.5091495,0.0,0.0,0.0,0.0,0.0,0.4834104,0.0,0.010249557,0.0,1.5268029,0.0,0.0,0.10673705,0.0,0.0,0.35363388,0.0,0.877564,3.372833,0.0,0.30838192,3.143353,0.0,0.0,0.0,0.0,0.0,0.0,0.0,0.0,0.6315587,0.91532344,1.0848155,0.0,0.0,0.0,0.38941762,2.3593924,0.0,0.0,2.823645,2.6460235,0.0,0.0,2.9213536,0.0,0.0,0.0,0.0,2.5521579,0.0,2.863218,0.7144787,0.0,0.0,0.0,0.0,1.3904061,0.2987732,0.0,0.0,0.67590684,0.0,0.0,0.0,2.76281,0.0,1.8860365,0.0,4.5298004,0.0,2.5951965,0.8637113,0.0,0.0,0.0,0.0,0.0,1.0580814,0.0,0.0,0.0,0.0,0.25967062,0.0,3.8691432,0.0,0.24107698,3.1260726,0.0,0.8247513,0.0,0.0,1.3814074,0.0,0.0,2.69963,0.0,0.0,0.0,0.0,0.0,0.0,4,4,0.99960953,hiphop,hiphop
0.0,0.0,2.247403,0.6506811,2.6126041,0.0,0.0,0.09446917,0.0,0.0,0.47201073,1.064168,0.0,0.0,0.0,0.011489747,1.2912537,3.7799823,0.0,0.24202476,2.1335866,3.7224426,0.0,0.0,0.45742086,0.0,0.0,0.0,0.0,0.0,0.34186855,0.0,0.0,0.0,1.3835411,0.0,0.0,0.0,0.0,0.0,0.9758514,0.0,0.1794176,2.9294243,0.0,0.0,2.401736,0.0,0.0,0.0,0.0,0.0,0.0,0.0,0.0,1.22439,0.72078824,0.909763,0.0,0.0,0.0,0.71947014,2.1497552,0.0,0.0,2.7883186,3.0022585,0.0,0.0,2.3755014,0.015617637,0.0,0.0,0.0,2.3311684,0.0,2.657774,1.3004042,0.0,0.0,0.0,0.0,0.7552009,0.2322371,0.0,0.0,1.0577466,0.0,0.0,0.0,3.224902,0.0,1.8199996,0.0,4.3667507,0.0,1.9358656,0.707459,0.0,0.0,0.0,0.0,0.0,0.9150327,0.0,0.0,0.0,0.0,0.53216004,0.0,4.1470113,0.0,0.0,3.0289536,0.0,0.48544744,0.0,0.20171502,1.8910967,0.0,0.0,2.4657423,0.0,0.0,0.0,0.0,0.0,0.0,4,4,0.9992674,hiphop,hiphop
0.0,0.0,2.0801566,0.39379674,2.551491,0.0,0.0,0.0665531,0.0,0.0,0.81927377,1.0052549,0.0,0.0,0.0,0.0,1.1837409,4.186818,0.0,0.45429316,2.1050723,3.8072793,0.0,0.0,0.69520116,0.0,0.0,0.0,0.0,0.0,0.0,0.0,0.0,0.0,1.4453324,0.0,0.0,0.073820494,0.0,0.23125905,0.75424105,0.0,0.549208,3.0301793,0.0,0.0,2.1303704,0.0,0.0,0.0,0.0,0.0,0.0,0.0,0.0,1.1840322,0.8486628,0.8851292,0.0,0.0,0.0,0.48697802,2.5534863,0.0,0.0,2.8815405,2.7261066,0.0,0.0,2.5660565,0.13450846,0.0,0.0,0.0,2.3005712,0.0,2.4258049,1.0136144,0.0,0.0,0.0,0.0,1.018753,0.0,0.0,0.0,0.5366632,0.0,0.0,0.0,3.0503805,0.0,1.7019005,0.0,4.507328,0.0,1.9581109,0.7799296,0.0,0.0,0.0,0.0,0.30496958,0.7030556,0.0,0.0,0.0,0.0,0.5050716,0.0,4.2752385,0.0,0.0,3.3333032,0.0,0.6168915,0.0,0.058496445,1.7428751,0.0,0.0,1.9976722,0.0,0.0,0.0,0.0,0.0,0.0,4,4,0.9991906,hiphop,hiphop
0.0,0.0,2.5522654,1.0296714,2.4994946,0.18803295,0.0,0.0,0.0,0.0,0.4328737,0.48118228,0.0,0.0,0.0,0.0,1.1493503,4.30437,0.0,0.76601636,2.2615936,3.8890266,0.0,0.0,0.7039418,0.0,0.0,0.0,0.0,0.0,0.36196956,0.0,0.0,0.0,1.4164932,0.0,0.0,0.20485884,0.0,0.0,0.535269,0.0,0.9227854,3.31292,0.0,0.2530842,2.483038,0.0,0.0,0.0,0.0,0.0,0.0,0.0,0.0,1.0375586,1.127308,1.0414983,0.0,0.0,0.0,0.59091395,2.33656,0.0,0.0,3.0110679,2.6103983,0.0,0.0,2.674665,0.0,0.0,0.0,0.0,2.5113661,0.0,2.4381015,0.96625066,0.0,0.0,0.053298637,0.0,1.1699406,0.17198105,0.0,0.0,0.360367,0.0,0.0,0.0,3.1146386,0.0,1.2606757,0.0,4.574902,0.0,2.125229,0.44028524,0.0,0.0,0.0,0.0,0.37422296,0.8739032,0.0,0.0,0.0,0.0,0.5221225,0.0,4.101247,0.0,0.0,3.5150492,0.0,0.71764654,0.0,0.0,1.4658686,0.0,0.0,2.3694994,0.0,0.0,0.0,0.0,0.0031109683,0.0,4,4,0.99924374,hiphop,hiphop
0.0,0.0,1.1416196,0.03588866,0.0,0.0,0.0,0.061525036,0.0,0.0,0.0,1.0135527,0.0,0.0,0.0,0.53575295,1.2221453,2.2553139,0.0,1.751302,2.6724594,1.1381567,0.0,0.0,0.015528991,0.0,0.21396054,0.0,0.10682688,0.0,0.0,0.0,0.0,0.0,0.53342026,0.0,0.0,0.0,0.0,0.0,0.0,0.0,0.18965298,1.7948033,0.0,0.0,0.91656834,0.13006434,0.0,0.0,0.0,0.0,0.0,0.0,0.0,0.003562883,0.0,1.6120849,0.0,0.0,0.0,0.7180936,1.6051335,0.0,0.0,0.6944501,2.1800752,0.0,0.0,1.7303623,0.0,0.0,0.0056644017,0.0,0.23135097,0.0,3.0169663,0.0,0.0,0.0,0.0,0.0,0.0,1.2222877,0.0,0.0,1.4398985,0.0,0.0,0.0,1.027272,1.1589527,1.702594,0.0,2.1668103,0.0,0.283026,0.09067016,0.7332273,0.0,0.50369203,0.0,0.0,1.8462232,0.0,0.34028494,0.0,0.0,0.17107789,0.12199407,2.2243278,0.0,0.23672459,1.8093098,0.0,0.46668315,0.0,0.0,0.0058307434,0.0,0.0,0.4681656,0.0,0.0,0.0,0.0,0.009588265,0.0,4,4,0.97126645,hiphop,hiphop
0.0,0.0,1.0422966,0.016479166,0.24921978,0.0,0.0,0.0,0.0,0.0,0.0,1.181233,0.0,0.0,0.0,0.4241953,0.9254803,1.9272257,0.0,1.7885917,2.3901227,1.2351301,0.0,0.0,0.0,0.0,0.0,0.0,0.12343062,0.0,0.0,0.0,0.0,0.0,0.69340783,0.0,0.0,0.0,0.0,0.0,0.0,0.0,0.1217024,1.5602585,0.0,0.0,0.98145974,0.0,0.0,0.0,0.0,0.0,0.0,0.0,0.0,0.112513006,0.0,1.2439597,0.0,0.0,0.0,0.9872846,1.5507256,0.0,0.0,0.77103096,2.0690176,0.0,0.0,1.534862,0.0,0.0,0.17089076,0.0,0.28437576,0.0,2.5368657,0.10380245,0.0,0.0,0.0,0.0,0.02437614,1.0483776,0.0,0.0,1.1582137,0.0,0.0,0.0,1.3239156,1.2071471,1.6540971,0.0,2.2662036,0.0,0.15304652,0.0,0.6135275,0.0,0.0,0.0,0.0,1.4045721,0.0,0.0,0.0,0.0,0.0,0.036383234,2.0911345,0.0,0.1999788,1.7727574,0.0,0.30196115,0.0,0.0,0.23678036,0.0,0.0,0.36192536,0.0,0.07406503,0.0,0.0,0.2512655,0.0,4,4,0.96798706,hiphop,hiphop
0.0,0.0,1.6614296,0.0,0.0,0.0,0.0,0.030399362,0.0,0.0,0.0,1.522294,0.0,0.0,0.0,0.7010075,0.8411411,1.4494623,0.0,2.3091638,2.548493,0.99295014,0.0,0.0,0.0,0.0,0.0,0.0,0.0,0.0,0.0,0.0,0.0,0.0,0.79058945,0.0,0.0,0.0,0.0,0.0,0.0,0.0,0.084874995,1.5591406,0.0,0.0,0.9363004,0.0,0.0,0.0,0.0,0.0,0.0,0.0,0.0,0.53198195,0.0,1.2127708,0.0,0.0,0.0,1.163023,1.9272376,0.0,0.0,0.83299226,1.9026536,0.0,0.0,1.6601768,0.0,0.0,0.21872184,0.0,0.35419944,0.0,2.495291,0.20148076,0.0,0.0,0.0,0.0,0.608942,1.2428367,0.0,0.0,1.0628605,0.0,0.0,0.0,1.3890485,1.4803368,2.17917,0.0,2.3686852,0.0,0.326691,0.0,0.8521292,0.0,0.0,0.0,0.0,1.8590862,0.0,0.0,0.0,0.0,0.0,0.23799823,2.1080794,0.0,0.2173221,1.761859,0.0,0.6681202,0.0,0.0,0.16556762,0.0,0.0,0.1686269,0.0,0.0,0.0,0.0,0.23424043,0.0,4,4,0.979683,hiphop,hiphop
0.0,0.0,0.86705923,0.082173064,0.1894886,0.0,0.0,0.22294968,0.0,0.0,0.0,1.0461644,0.0,0.0,0.0,0.0,0.6425118,1.7840267,0.0,1.6206721,1.8802199,1.5480798,0.0,0.0,0.0,0.0,0.0,0.0,0.0,0.0,0.0,0.0,0.19028626,0.0,0.51063097,0.0,0.0,0.31225392,0.0,0.0,0.0,0.0,0.0,1.2352866,0.0,0.0,0.5154964,0.0,0.0,0.0,0.0,0.0,0.0,0.0,0.0,0.86327875,0.0,0.97130346,0.0,0.0,0.0,0.6748689,1.6355994,0.0,0.0,0.7761807,1.9563007,0.0,0.0,0.7668029,0.0,0.0,0.11943165,0.0,0.4923321,0.0,1.28457,0.0,0.0,0.0,0.0,0.0,0.0,0.18706527,0.0,0.0,0.8657879,0.0,0.0,0.0,1.3636965,0.63116527,1.390259,0.0,2.1537454,0.0,0.35359707,0.32127383,0.0,0.0,0.0,0.0,0.0,1.0624123,0.0,0.0,0.0,0.0,0.044503674,0.15830222,2.5220077,0.0,0.0554781,1.7833749,0.0,0.18580821,0.0,0.0,0.066144496,0.0,0.0,0.14547859,0.0,0.14345013,0.0,0.0,0.0,0.0,4,4,0.9370953,hiphop,hiphop
0.0,0.0,0.0,1.1370273,0.89438397,0.0,0.7626372,0.24785589,0.9021645,0.0,0.89559335,0.310083,0.0,0.0,0.0,0.0,0.70762193,3.5731578,0.0,0.5530435,1.0131065,3.0372648,0.0,0.0,0.57437843,0.0,0.06019609,0.0,0.9810798,0.0,0.0,0.0,0.495048,0.0,0.0,0.0,0.0,0.5265945,0.0,1.7283863,0.36863783,0.0,0.0,1.6376286,0.0,0.0,0.0,0.0,0.0,0.0,0.3534144,0.0,0.0,0.0,0.0,1.0801237,1.2268945,1.2927386,0.0,0.0,0.0,0.1652908,1.2541918,0.9119534,0.0,1.1084607,2.1016066,0.0,0.0,0.2369347,0.9452784,0.0,0.24578528,0.0,0.88901496,0.0,0.49157247,0.0,0.26578814,0.0,0.57300496,0.0,0.0,0.0,0.18691757,0.0,1.2911613,0.0,0.0,0.0,1.5797386,0.0,0.0,0.2002336,2.125237,0.23920585,0.0,0.98641104,0.0,0.0,0.76204324,0.0,1.892496,0.010517516,0.0,0.0,1.2963793,0.0,0.8701009,0.16852973,3.2021015,0.0,0.0,3.167004,0.0,0.0,0.0,1.0696411,0.95680183,0.0,0.0,0.32291377,0.2902865,0.0,0.0,0.0,0.0,0.0,4,4,0.47878823,hiphop,hiphop
0.0,0.0,1.822236,0.69189113,0.0,0.0,0.0,0.4545349,0.0,0.0,0.0,0.0,0.0,0.0,0.0,0.035103116,1.0212799,2.0915663,0.0,1.1461691,3.433918,0.92927283,0.0,0.0,0.33698982,0.0,0.0,0.0,0.821567,0.0,0.45088974,0.0,0.0,0.0,0.22549492,0.0,0.0,0.0,0.0,0.17259572,1.7213829,0.0,0.75605947,0.6074485,0.0,0.0,1.2607567,0.39142105,0.0,0.0,0.0,0.0,0.0,0.0,0.0,0.7405311,0.0,1.7934209,0.0,0.0,0.0,1.4657153,1.5747306,0.08117193,0.0,1.8365879,1.94934,0.0,0.0,0.7053204,0.0,0.0,0.0,0.0,0.94977856,0.0,2.7230692,0.0,0.0,0.0,0.0,0.0,0.0,1.3917159,0.0,0.0,0.9641358,0.0,0.0,0.0,0.9678036,0.28217164,1.5091281,0.0,2.5497456,0.0,0.9430013,0.0,0.9651402,0.0,0.21289635,0.0,0.0,0.37549928,0.0,0.0872664,0.0,0.0,0.5486388,0.0,1.5872599,0.0,0.0,1.8488494,0.0,0.0,0.0,0.0,0.595056,0.0,0.0,0.803914,0.0,0.0,0.0,0.0,0.32935402,0.0,4,4,0.97136915,hiphop,hiphop
0.0,0.0,1.7457287,0.705354,0.13705462,0.0,0.0,0.6211955,0.0,0.0,0.0,0.20181037,0.0,0.0,0.0,0.0,0.8508747,2.2509499,0.0,1.1829485,3.1634157,1.1865672,0.0,0.0,0.40238497,0.0,0.0,0.0,0.7989316,0.0,0.42093077,0.0,0.0,0.0,0.25997135,0.0,0.0,0.0,0.0,0.28163335,1.8972001,0.0,0.575854,0.4484493,0.0,0.0,1.125988,0.6056086,0.0,0.0,0.0,0.0,0.0,0.0,0.0,0.6854982,0.0,1.714473,0.0,0.0,0.0,1.5636878,1.4503696,0.1635542,0.0,1.6762568,2.009481,0.0,0.0,0.6484756,0.0,0.0,0.0,0.0,0.78328747,0.0,2.3038535,0.068368174,0.0,0.0,0.0,0.0,0.0,1.4621965,0.0,0.0,1.0471262,0.0,0.0,0.0,1.2622664,0.45163462,1.696252,0.0,2.5019302,0.0,0.8612489,0.0,0.9556037,0.0,0.4123355,0.0,0.0,0.348829,0.0,0.0,0.0,0.0,0.501373,0.0,1.9159288,0.056621946,0.0,1.8475702,0.0,0.0,0.0,0.0,0.7189842,0.0,0.0,1.0257767,0.0,0.0,0.0,0.0,0.04310946,0.0,4,4,0.965665,hiphop,hiphop
0.0,0.0,2.2352817,0.6681902,0.24945082,0.0,0.0,0.172874,0.0,0.0,0.0,0.0,0.0,0.0,0.0,0.0,0.83264774,2.9714746,0.0,1.2843442,3.340185,1.5830165,0.0,0.0,0.70845467,0.0,0.0,0.0,0.13048314,0.0,0.3479206,0.0,0.0,0.0,0.12493621,0.0,0.0,0.0,0.0,0.10919485,0.77524817,0.0,0.65508604,1.4897852,0.0,0.0,1.5271286,0.0,0.0,0.0,0.0,0.0,0.0,0.0,0.0,0.38658953,0.18129733,2.0171556,0.0,0.0,0.0,0.83460057,1.64224,0.42952275,0.0,1.9042417,2.0574548,0.0,0.0,1.4360628,0.0,0.0,0.0,0.0,1.1247911,0.0,2.5052783,0.0,0.0,0.0,0.0,0.0,0.0,1.0132056,0.0,0.0,0.6327367,0.0,0.0,0.0,1.102658,0.0,1.5820748,0.0,3.157359,0.0,1.2890246,0.08822557,0.35644788,0.0,0.0,0.0,0.0,0.4279884,0.0,0.0,0.0,0.0,0.41292858,0.0,2.6301708,0.0,0.0,2.1407447,0.0,0.13200721,0.0,0.0,0.535403,0.0,0.0,1.206497,0.0,0.0,0.0,0.0,0.0,0.0,4,4,0.9879231,hiphop,hiphop
0.0926415,0.0,2.4911404,0.35240796,0.8411543,0.0,0.0,0.044051502,0.0,0.0,0.0,0.22654547,0.0,0.0,0.0,0.0,1.0362781,2.519302,0.0,1.3474603,3.7209833,1.588082,0.0,0.0,0.16845015,0.0,0.0,0.0,0.0,0.0,0.822249,0.0,0.0,0.0,0.15015012,0.0,0.0,0.0,0.0,0.0,0.70071185,0.0,0.49533537,1.7367733,0.0,0.0,1.8934764,0.0,0.0,0.0,0.0,0.0,0.0,0.0,0.0,0.52539706,0.0,2.1035123,0.0,0.0,0.0,0.2905591,2.2235641,0.00775263,0.0,1.9789507,2.14706,0.0,0.0,1.5074013,0.0,0.0,0.0,0.0,1.5511642,0.0,2.4738452,0.029695345,0.0,0.0,0.0,0.0,0.38111424,1.1280211,0.0,0.0,0.5657741,0.0,0.0,0.0,0.9644845,0.005151227,1.5319395,0.0,3.3530996,0.0,1.4476416,0.08758099,0.1171518,0.0,0.0,0.0,0.0,1.0404496,0.0,0.0,0.0,0.0,0.04566412,0.24853659,2.5695586,0.0,0.0,1.9796997,0.0,0.48121166,0.0,0.0,0.53910094,0.0,0.0,1.4324627,0.0,0.0,0.0,0.0,0.0,0.0,4,4,0.9948769,hiphop,hiphop
0.5665727,0.0,2.941736,0.30333567,1.0386949,0.0,0.0,0.084887855,0.0,0.0,0.0,0.58192736,0.0,0.0,0.0,0.0,1.3279468,2.6191285,0.0,1.6239889,3.5841699,1.986165,0.0,0.0,0.0,0.0,0.0,0.0,0.0,0.0,1.2619891,0.0,0.0,0.0,0.5894476,0.0,0.0,0.0,0.0,0.0,0.5185405,0.0,0.6601935,1.8087856,0.0,0.0,2.668925,0.0,0.0,0.0,0.0,0.0,0.0,0.0,0.0,0.48359305,0.0,1.8877798,0.0,0.0,0.0,0.6018114,2.359819,0.0,0.0,2.5479004,2.2604876,0.0,0.0,2.1856163,0.0,0.0,0.0,0.0,1.8021488,0.0,2.9694486,0.0032436003,0.0,0.0,0.0,0.0,0.603181,1.539878,0.0,0.0,0.60639656,0.0,0.0,0.0,1.3398693,0.0,1.8690176,0.0,3.3971245,0.0,1.662825,0.11961375,0.37226358,0.0,0.0,0.0,0.0,1.3565333,0.0,0.0,0.0,0.0,0.0,0.046774827,2.5111096,0.0,0.0,1.9736166,0.0,0.8289563,0.0,0.0,0.6027483,0.0,0.0,1.4718363,0.0,0.07180346,0.0,0.0,0.037302017,0.0,4,4,0.99838245,hiphop,hiphop
0.0,0.0,0.23278908,0.6178315,0.4323348,0.0,0.0,0.0,0.0,0.0,0.0,0.0,0.0,0.0,0.0,0.0,1.037257,3.027523,0.0,0.5204612,1.9899907,0.5437996,0.0,0.07861006,1.6899259,0.0,0.0,0.0,0.45938864,0.0,0.24903953,0.0,0.47970292,0.0,0.102700576,0.0,0.2894797,0.26116195,0.0,0.66559035,0.0,0.0,0.63875794,1.3670247,0.0,0.0,0.63312954,0.5667606,0.0,0.0,0.0,0.0,0.0,0.0,0.0,0.15612248,0.8699096,2.0678725,0.0,0.0,0.0,1.166817,1.184553,0.3369226,0.0,1.1797407,1.1957157,0.0,0.0,1.3463908,0.020674882,0.0,0.0,0.34020656,1.1774184,0.0,2.8871891,0.0,0.13397236,0.0,0.009984217,0.0,0.0,1.892194,0.11610554,0.0,0.23642465,0.0,0.0,0.0,0.93579245,0.0,0.22563909,0.0,2.535597,0.0,1.3708751,0.0,0.7903832,0.0,0.027884796,0.14915556,0.0,0.0,0.0,1.3323574,0.0,0.0,0.4973383,0.0,2.2585871,0.0,0.0,2.3099592,0.0,0.0,0.0,0.0,0.0,0.0,0.0,1.0234473,0.0,0.0,0.0,0.0,0.50026375,0.0,4,4,0.8493269,hiphop,hiphop
0.0,0.0,0.51544684,0.9962911,0.28194788,0.0,0.0,0.0,0.0,0.0,0.0,0.0,0.0,0.0,0.0,0.0,2.1313121,3.1821156,0.0,0.33383918,2.1178083,0.5786601,0.0,0.018728612,2.0320158,0.0,0.5379805,0.0,0.6952358,0.0,0.0,0.0,0.25735077,0.0,0.0,0.0,0.81299007,0.12084912,0.0,0.40155706,0.0,0.0,0.70022136,1.9482269,0.0,0.0,0.70332193,1.2309959,0.0,0.0,0.0,0.0,0.0,0.0,0.0,0.0,1.2765564,2.3601332,0.0,0.0,0.0,0.8906793,0.95878625,0.27661097,0.0,1.2261121,1.5270126,0.0,0.0,1.6440054,0.44526246,0.11750285,0.0,0.6436337,0.8574617,0.0,3.136523,0.0,0.083413154,0.0,0.0,0.0,0.0,2.0714514,0.593351,0.0,0.49473137,0.0,0.0,0.0,0.87841916,0.0,0.5149411,0.0,2.5427644,0.0,1.46447,0.0,0.7092558,0.0,0.0,0.32252225,0.0,0.30966303,0.0,2.040655,0.0,0.0,0.8846996,0.0,2.1963232,0.0,0.119331546,2.5873172,0.0,0.35331765,0.0,0.0,0.0,0.0,0.0,0.94590026,0.0,0.0,0.0,0.18980585,0.36867088,0.0,4,4,0.86247075,hiphop,hiphop
0.19365658,0.0,0.6628257,1.0002528,0.369557,0.0,0.0,0.0,0.0,0.0,0.0,0.0,0.0,0.0,0.0,0.0,1.9309987,2.739641,0.0,0.0,2.0674665,0.36174762,0.0,0.18076353,1.6153727,0.0,0.0,0.0,0.28895834,0.0,0.63617575,0.0,0.19023487,0.0,0.0,0.0,0.6325287,0.23376608,0.0,0.0,0.0,0.0,1.3435163,1.6311727,0.0,0.0,0.92359436,0.8580751,0.0,0.0,0.0,0.0,0.0,0.0,0.0,0.0,1.235864,2.4254904,0.0,0.0,0.0,0.59315246,0.5308544,0.0,0.0,0.9019849,1.61116,0.0,0.0,1.2352085,0.50451326,0.109328695,0.0,0.2484049,1.1168487,0.0,2.9082043,0.0,0.33223677,0.0,0.0,0.0,0.0,2.15151,0.72436786,0.0,0.29917234,0.0,0.0,0.0,0.39083347,0.0,0.0,0.0,2.132587,0.0,1.935876,0.0,0.8555806,0.0,0.0,0.15991016,0.0,0.2051587,0.0,2.3736253,0.0,0.0,0.8195639,0.0,1.7818712,0.0,0.0030770623,1.7527406,0.0,0.39508158,0.0,0.0,0.0,0.0,0.0,0.6427936,0.0,0.0,0.0,0.366594,0.6420713,0.0,4,4,0.7313713,hiphop,hiphop
0.0,0.0,0.2598747,0.7907406,0.0,0.0,0.0,0.0,0.0,0.0,0.0,0.0,0.0,0.0,0.0,0.0,1.5954792,2.729521,0.0,0.04555658,2.5080698,0.501285,0.0,0.01289749,1.6002971,0.0,0.605319,0.0,1.4015201,0.0,0.29941055,0.0,0.0,0.0,0.0,0.0,0.9491486,0.0,0.0,0.3383558,0.21583186,0.0,1.3756402,1.468006,0.0,0.0,0.44104594,1.7700216,0.0,0.0,0.0,0.0,0.0,0.0,0.0,0.0,1.2114229,3.1504898,0.0,0.0,0.0,0.57927406,0.64761,0.32845476,0.0,0.99560547,1.1234461,0.0,0.0,0.9142288,1.208094,0.14738147,0.0,0.7380587,0.7631703,0.0,2.5585284,0.0,0.53513396,0.0,0.0,0.0,0.0,2.598637,0.11347001,0.0,0.8823388,0.0,0.0,0.0,0.2597786,0.0,0.14679712,0.0,2.1185963,0.0,1.1638165,0.0,0.9554984,0.0,0.58461577,0.19983454,0.0,0.22439896,0.0,1.891854,0.0,0.0,0.9431917,0.0,1.9376334,0.0,0.0,2.6493776,0.0,0.0,0.0,0.0,0.0,0.0,0.0,0.49910578,0.0,0.0,0.0,0.8235492,0.41313708,0.0,4,4,0.62428486,hiphop,hiphop
0.0,0.0,0.62029105,0.89226896,0.42006153,0.0,0.0,0.0,0.0,0.0,0.0,0.0,0.0,0.0,0.0,0.0,1.5493135,3.186315,0.0,0.13224998,2.6407568,0.866155,0.0,0.0,1.5357187,0.0,0.06171542,0.0,0.8737657,0.0,0.4528043,0.0,0.19243106,0.0,0.0,0.0,0.5131869,0.054730833,0.0,0.40996876,0.16784234,0.0,1.4108632,1.8460195,0.0,0.0,0.78497046,1.0482191,0.0,0.0,0.0,0.0,0.0,0.0,0.0,0.0,1.208544,2.983187,0.0,0.0,0.0,0.65212864,0.7810647,0.28242916,0.0,1.1436878,1.517106,0.0,0.0,1.5720944,0.62475836,0.0,0.0,0.41880912,1.258585,0.0,2.456069,0.0,0.2806002,0.0,0.0,0.0,0.0,2.2850997,0.14801289,0.0,0.6731713,0.0,0.0,0.0,0.7812337,0.0,0.26869756,0.0,2.3739402,0.0,1.3775206,0.0,0.58962363,0.0,0.21135718,0.0,0.0,0.0,0.0,1.770888,0.0,0.0,1.0020367,0.0,2.2220042,0.0,0.0,2.4400935,0.0,0.10121647,0.0,0.0,0.0,0.0,0.0,0.8787657,0.0,0.0,0.0,0.15248762,0.37869117,0.0,4,4,0.83825153,hiphop,hiphop
0.19154365,0.0,0.052761506,0.28637835,1.9103873,0.0,0.54367673,0.0,0.0,0.0,0.0,0.6799071,0.0,0.0,0.0,0.0,0.0,1.1913981,0.0,0.0,0.0,0.9265633,0.0,1.1236762,0.0,0.0,0.0,0.0,0.0,0.0,0.0,0.0,0.0,0.0,0.52893424,0.0,0.081530005,0.0,0.012871466,0.0,0.0,0.0,0.0,0.0,0.0,0.0,0.0,0.0,0.0,0.0,1.0433733,0.0,0.30250716,0.48232162,0.60055166,0.0,0.0,0.0,0.0,0.0,0.0,1.7417039,0.0,0.0,0.0,1.0422832,0.0,0.0,0.0,0.0,0.38176003,0.0,0.2578595,0.0,0.0,1.4071623,0.0,1.5311579,2.0125058,0.0,0.0,0.0,0.49064267,1.8695298,0.57014924,0.0,0.17546748,0.0,0.0,0.8644912,1.9095919,0.69842625,0.0,1.1684678,0.0,0.0,0.0,0.0,0.0,0.023781694,1.1832997,1.8518343,0.0,0.6492844,0.15009947,0.423245,0.0,0.65243006,0.0,0.0,1.0701462,0.0,0.43266082,0.3882761,0.8963612,0.8250975,0.0,0.0,2.4703248,0.0,0.0,0.49756196,0.0,0.0,0.0,0.35174075,0.0,0.0,5,9,0.7694223,jazz,rock
0.0,0.0,0.025919087,0.20454425,1.4461411,0.0,0.6095509,0.0,0.0,0.0,0.0,1.4616615,0.0,0.0,0.0,0.0,0.0,0.86188173,0.0,0.0,0.0,0.22284147,0.0,1.2397902,0.0,0.0,0.0,0.0,0.0,0.0,0.0818867,0.0,0.0,0.0,0.62455726,0.0,1.6456063,0.0,0.18999337,0.0,0.8144913,0.0,0.0,0.0,0.0,0.0,0.09469351,0.0,0.0,0.0,0.8001845,0.0,0.0,0.0,0.45173082,0.48093218,0.0,0.0,0.0,0.0,0.0,2.0969014,0.0,0.0,0.0,0.7899039,0.0,0.0,0.0,0.0,0.0,0.0,0.0,0.0,0.0,1.0333965,0.6381946,1.3126618,1.624517,0.0,0.0,0.118327595,0.8349873,2.7638118,0.42908996,0.0,0.4380255,0.0,0.46460363,0.5225764,2.0738926,0.48355657,0.0,0.248199,0.14180073,0.0,0.0,0.0,0.017966257,0.019258648,0.7199615,1.4547688,0.1481517,0.9369912,0.0,1.4181173,0.0,0.027852038,0.0,0.0,1.2887949,0.0,0.5902597,0.0,0.7751099,1.7531748,0.0,0.0,2.3824844,0.0,0.0,0.37517932,0.0,0.0,0.0,0.50466233,0.0,0.0,5,5,0.68715537,jazz,jazz
0.16918194,0.0,0.3865722,0.0,0.39847317,0.0,0.0,0.0,0.0,0.0,0.0,0.9840269,0.0,0.0,0.0,0.0,0.0,1.2183535,0.0,0.0,0.0,0.40601054,0.0,1.1327838,0.0,0.0,0.0,0.0,0.0,0.0,0.090328425,0.0,0.0,0.0,0.76327217,0.0,1.774686,0.0,0.15612493,0.0,0.9817062,0.0,0.0,0.0,0.0,0.0,0.2211779,0.0,0.0,0.0,1.0303265,0.0,0.0,0.0,0.28152087,0.8001295,0.0,0.0,0.0,0.0,0.0,2.0435615,0.0,0.0,0.0,0.98464286,0.0,0.0,0.0,0.24044476,0.0,0.0,0.0,0.0,0.0,0.87611175,0.2729912,1.6099461,1.5999875,0.0,0.0,0.013103932,0.7936507,2.8789945,0.4656575,0.0,1.0257188,0.0,0.36817658,0.0688769,2.3072293,0.6133846,0.08592306,0.0,0.18196882,0.10842023,0.0,0.0,0.0,0.0,0.7875745,1.6810348,0.012585892,1.358514,0.0,0.25023016,0.0,0.3984924,0.0,0.0,1.807667,0.0,0.8631642,0.3764049,0.5999657,1.6503149,0.0,0.0,2.0186102,0.0,0.0,0.46691093,0.0,0.0,0.0,0.4353821,0.0,0.0,5,5,0.5773961,jazz,jazz
0.41457915,0.0,0.2776923,0.0,0.97915274,0.0,0.0,0.0,0.08816456,0.0,0.0,0.024188682,0.0,0.0,0.0,0.0,0.0,1.3481629,0.0,0.0,0.0,1.2896249,0.0,1.5627882,0.0,0.0,0.0,0.0,0.0,0.0,0.0,0.0,0.0,0.0,0.41479528,0.0,1.0589057,0.0,0.0,0.0,0.8138991,0.0,0.0,0.0,0.0,0.0,0.22012264,0.1956132,0.0,0.0,0.9810125,0.0,0.0,0.73064226,0.6775579,0.49909422,0.0,0.0,0.0,0.026713291,0.0,1.5643419,0.0,0.0,0.0,1.3197335,0.0,0.0,0.0,0.0,0.3984982,0.0,0.0,0.0,0.0,1.309343,0.26387328,1.2797556,1.8925499,0.0,0.0,0.0,0.1734323,2.745911,0.65259236,0.0,1.0308377,0.0,0.0,0.41188338,1.7005954,0.7731726,0.0,0.6351316,0.0,0.12943825,0.0,0.0,0.0,0.062278904,1.7123451,1.8475325,0.0,1.4650775,0.0,0.0,0.0,0.9548612,0.0,0.0,1.7346727,0.0,0.92215127,0.33906966,1.1348763,1.1780858,0.0,0.0,1.707969,0.0,0.0,1.4709332,0.28371513,0.0,0.0,1.0292569,0.0,0.0,5,9,0.67246145,jazz,rock
0.16262342,0.0,0.0,0.0,1.3762962,0.0,0.0,0.0,0.0,0.0,0.0,0.19137245,0.0,0.0,0.23159423,0.0,0.0,0.9978654,0.0,0.08963388,0.0,1.2017391,0.0,1.7171134,0.0,0.0,0.0,0.0,0.16017953,0.0,0.0,0.0,0.0,0.0,0.21321523,0.0,0.9982791,0.0,0.0,0.0,0.5387736,0.0,0.0,0.0,0.0,0.0,0.0,0.4088547,0.0,0.0,1.0057641,0.0,0.06397378,0.38056922,0.7236381,0.4530302,0.0,0.0,0.0,0.0,0.0,1.5916882,0.0,0.0,0.0,1.0656987,0.0,0.0,0.0,0.0,0.62057036,0.0,0.0,0.057813596,0.0,1.2337993,0.0034732334,1.2424964,1.5975145,0.0,0.0,0.20884188,0.29406124,2.8541148,0.29853907,0.0,1.0320563,0.0,0.28204536,0.7746645,1.7945211,0.5361669,0.0,1.4329407,0.0,0.0,0.0,0.0,0.0,0.0,1.2817073,2.1871982,0.0,1.0931691,0.0,0.268013,0.0,0.6302342,0.0,0.0,1.501171,0.0,0.7511476,0.27615166,1.2458056,0.7967725,0.0,0.0,1.9165034,0.0,0.0,0.7346376,0.5348056,0.0,0.0,1.4175276,0.0,0.0,5,9,0.77922475,jazz,rock
0.0,0.0,0.05263329,0.0,0.90483165,0.0,0.94346553,0.25530094,0.0,0.0,0.0,1.3155891,0.0,0.0,0.0,0.0,0.0,0.0,0.0,1.263894,0.0,0.0,0.0,0.0,0.0,0.0,0.0,0.0,0.0,0.0,0.0,0.0,0.32666317,0.0,0.4625065,0.0,1.1084346,0.7780314,0.5425134,0.0,0.0,0.0,0.0,0.0,0.0,0.0,0.26800784,0.0,0.0,0.13262668,2.2470999,0.0,0.0,0.0,0.0,0.0,0.0,0.0,0.0,0.0,0.6845279,2.2086184,0.0,0.0,0.0,0.0,0.0,0.0,0.0,0.0,0.0,0.0,0.36552995,0.0,0.0,0.14313067,0.0,1.1316735,0.51472384,0.0,0.0,0.0,1.1942784,0.7046105,0.034251906,0.0,0.0,0.0,0.99990726,0.11931965,1.061466,0.70903325,0.03204469,0.0,0.0,0.0,0.0,0.0,0.77967066,0.0,0.0,0.83695215,0.85775894,2.0023515,0.19783308,0.0,0.0,0.69479734,0.0,0.0,1.4714787,0.0,1.4563899,0.0,0.0,1.3381312,0.0,0.0,1.4622921,0.0,0.0,0.0,0.0,0.0,0.0,0.0,0.0,0.0,5,5,0.7250925,jazz,jazz
0.0,0.0,0.40863496,0.0,0.48783606,0.15618357,0.7603168,0.70334125,0.0,0.0,0.0,1.0318335,0.0,0.0,0.0,0.0,0.0,0.0,0.0,1.1123974,0.0,0.0,0.0,0.0,0.0,0.0,0.0,0.0,0.0,0.0,0.69154996,0.0,0.71610355,0.0,0.08139318,0.0,1.5737323,0.26496318,0.7086955,0.0,0.0,0.0,0.10342887,0.0,0.0,0.0,0.0,0.06743853,0.0,0.0,1.8505847,0.0,0.122045785,0.0,0.0,0.0,0.0,0.0,0.0,0.0,0.40371737,2.457727,0.0,0.0,0.0,0.0,0.0,0.0,0.0,0.0,0.0,0.0,0.0,0.0,0.0,0.78675693,0.0,1.0660553,0.89948606,0.0,0.0,0.0,0.95800793,0.8559689,0.0,0.0,0.0,0.0065383,0.5888752,0.17135118,1.1593713,1.1051993,0.0,0.5082406,0.0,0.0,0.0,0.0,0.011423358,0.0,0.0,1.6572399,0.0,1.9005957,0.0,0.0,0.0,0.76744187,0.0,0.0,0.59212905,0.0,1.7099324,0.23592745,0.0,1.367826,0.0,0.0,1.7106137,0.0,0.0,0.0,0.0,0.0,0.0,0.0,0.0,0.0,5,5,0.5950623,jazz,jazz
0.0,0.0,1.2022432,0.0,1.0574024,0.0,0.49412745,0.0,0.0,0.0,0.0,1.4965236,0.0,0.0,0.0,0.0,0.0,0.47542304,0.0,0.43928272,0.0,0.0,0.0,0.0,0.0,0.0,0.0,0.0,0.0,0.0,0.57922375,0.0,0.12507403,0.0,0.895151,0.0,0.44151774,0.59923,0.42030394,0.0,0.0,0.0,0.15000005,0.0,0.0,0.0,0.0,0.2768138,0.0,0.44384837,1.7595576,0.0,0.18179351,0.0,0.0,0.0,0.0,0.0,0.0,0.0,0.0,2.7497518,0.0,0.0,0.0,0.0,0.0,0.0,0.0,0.0,0.0,0.0,0.6674344,0.0,0.0,0.5983532,0.0,1.7056313,1.3292421,0.0,0.0,0.23663652,1.8990791,1.2383568,0.26400313,0.0,0.0,0.0,1.2904389,0.014654828,1.8716199,1.1645049,0.0,0.6657689,0.38093948,0.0,0.0,0.0,0.0,0.0,0.0,1.739494,0.0,1.5431799,0.0,0.2093065,0.0,0.5213759,0.0,0.0,1.2488874,0.0,1.2925841,0.0,0.0,2.0551822,0.0,0.0,2.0818098,0.0,0.0,0.0,0.0,0.0,0.0,0.0,0.0,0.0,5,5,0.80957234,jazz,jazz
0.0,0.0,0.6839036,0.0,1.4454658,0.0,0.61736596,0.33500132,0.0,0.0,0.0,2.325539,0.0,0.0,0.0,0.0,0.0,0.49023634,0.0,0.8672297,0.0,0.0,0.0,0.0,0.0,0.0,0.0,0.0,0.0,0.0,0.0,0.0,0.5069038,0.0,1.5087535,0.0,0.0,1.2667171,1.0167431,0.0,0.0,0.0,0.33103698,0.0,0.0,0.0,0.19053073,0.0,0.0,0.56099606,2.4751973,0.0,0.0,0.0,0.0,0.0,0.0,0.0,0.0,0.0,0.0,2.703129,0.0,0.0,0.0,0.0,0.0,0.0,0.0,0.0,0.0,0.0,0.15655595,0.0,0.0,0.23313294,0.0,1.8303711,0.97586673,0.0,0.0,0.14582227,2.1402156,1.0351412,0.0,0.0,0.0,0.0,1.4238245,0.0,2.5473535,0.71657646,0.011336606,0.0,0.6903411,0.0,0.34454647,0.0,0.0,0.0,0.0,1.1473975,0.11464827,1.2503562,0.0,0.035246823,0.0,0.7318044,0.0,0.0,1.399016,0.0,0.80892825,0.0,0.0,1.8918177,0.0,0.0,2.8395774,0.0,0.0,0.0,0.0,0.0,0.0,0.0,0.0,0.0,5,5,0.9055118,jazz,jazz
0.0,0.0,0.72403616,0.0,0.980047,0.0,1.1277122,0.0,0.0,0.0,0.0,2.8744414,0.0,0.0,0.0,0.0,0.0,0.44939703,0.0,0.43235123,0.0,0.0,0.0,0.0,0.5586893,0.0,0.0,0.0,0.0,0.0,0.0,0.0,0.89093274,0.0,1.8744892,0.0,0.43850416,1.8888962,0.939547,0.0,0.0,0.0,0.0,0.0,0.0,0.39795443,1.2685281,0.0,0.0,1.0942744,2.5424871,0.0,0.0,0.0,0.0,0.0,0.0,0.0,0.0,0.0,0.0,2.2368095,0.0,0.0,0.0,0.0,0.0,0.0,0.0,0.0,0.0,0.0,0.0,0.0,0.0,0.046212915,1.21863,1.5308845,1.629758,0.0,0.0,0.09383313,1.8632,1.3216113,0.8600711,0.0,0.0,0.0,0.9682187,0.0,1.8060043,0.0,0.9038428,0.0,0.4632179,0.0,0.17971182,0.0,0.8172295,0.0,0.0,1.3390841,0.5472232,1.8001316,0.19224207,1.711249,0.0,0.67641985,0.0,0.0,1.5433761,0.0,1.1399888,0.0,0.0,1.8147686,0.0,0.0,1.9414431,0.0,0.0,0.0,0.0,0.0,0.0,0.0,0.0,0.0,5,5,0.97173315,jazz,jazz
0.0,0.0,0.0,0.0,1.484811,0.0,0.9619197,0.0,0.0,0.0,0.0,2.1580815,0.0,0.0,0.0,0.0,0.0,1.252096,0.0,1.492184,0.0,0.0,0.0,0.0,0.0,0.0,0.0,0.0,0.0,0.0,0.0,0.0,0.67576134,0.0,0.2605668,0.0,1.519061,1.5926477,0.32551557,0.0,0.0,0.0,0.0,0.0,0.0,0.0,0.0,0.0,0.0,0.0,2.5262258,0.0,0.0,0.0,0.0,0.0,0.0,0.0,0.0,0.0,0.0,3.103521,0.0,0.0,0.0,0.0,0.0,0.0,0.0,0.7960457,0.0,0.0,0.7180308,0.0,0.0,0.0,0.8359434,1.2640939,1.6587278,0.0,0.0,0.0,0.92941296,2.5891023,1.0006118,0.0,0.0,0.0,0.920148,0.0,1.4901685,0.21364796,0.54792124,0.0,0.9858991,0.0,0.0,0.0,0.0,0.0,0.0,1.8386595,0.9588428,1.2355915,0.7784724,0.78761774,0.0,0.0,0.0,0.0,2.731008,0.0,1.5793016,0.0,0.0,2.0468564,0.0,0.0,1.5450429,0.0,0.0,0.0,0.0,0.0,0.0,0.0,0.0,0.0,5,5,0.97622,jazz,jazz
0.0,0.0,0.57896376,0.0,0.8509026,0.0,1.4164112,0.64615715,0.0,0.0,0.0,2.539757,0.0,0.0,0.0,0.0,0.0,0.8127464,0.0,1.4746405,0.0,0.0,0.0,0.0,0.17505342,0.0,0.0,0.0,0.0,0.0,0.0,0.0,1.0848931,0.0,0.20922747,0.0,1.6009575,1.7784076,0.8411447,0.0,0.0,0.0,0.0,0.0,0.0,0.0,0.0,0.0,0.0,0.0,4.0813675,0.0,0.0,0.0,0.0,0.0,0.0,0.0,0.0,0.0,0.7406014,3.5730343,0.0,0.0,0.0,0.0,0.3423158,0.0,0.0,0.22707196,0.0,0.0,0.03873735,0.0,0.0,0.12251265,0.3651452,1.6056043,1.3435651,0.0,0.0,0.0,1.0269744,1.6909641,0.50390375,0.0,0.0,0.0,0.73937786,0.0,2.2711082,0.0,0.8075264,0.0,0.7761171,0.0,0.0,0.0,0.35022783,0.0,0.0,2.0739143,1.5356176,1.2761078,0.36915484,0.17210884,0.0,0.3501793,0.0,0.0,3.602961,0.0,1.2585562,0.0,0.0,1.7701949,0.0,0.0,1.4794126,0.0,0.0,0.0,0.0,0.0,0.0,0.0,0.0,0.0,5,5,0.97847646,jazz,jazz
0.0,0.0,0.366286,0.0,0.88723165,0.0,1.8892683,0.49947292,0.0,0.0,0.0,1.6135463,0.0,0.0,0.0,0.0,0.0,0.8263296,0.0,1.6036894,0.0,0.0,0.0,0.0,0.0,0.0,0.0,0.0,0.0,0.0,0.0,0.0,1.0434958,0.0,0.0,0.0,0.7777164,1.4396646,0.8672941,0.0,0.0,0.0,0.0035333165,0.0,0.0,0.0,0.0,0.0,0.0,0.0,2.844868,0.0,0.0,0.0,0.0,0.26970282,0.0,0.0,0.0,0.0,0.34950694,3.3444889,0.0,0.0,0.0,0.0,0.0,0.0,0.0,0.25383317,0.0,0.0,0.2270527,0.0,0.0,0.16058195,0.0,1.0597665,1.135811,0.0,0.0,0.0,1.0847584,1.3742505,0.0,0.0,0.0,0.0,0.8973898,0.0,2.0627918,0.67894506,0.304657,0.0,0.38933918,0.0,0.0,0.0,0.022322992,0.0,0.0,1.097706,1.2664598,1.5488821,0.12810276,0.0,0.0,0.21464677,0.0,0.0,2.2988858,0.0,0.95560664,0.0,0.0,1.7439317,0.0,0.0,1.3998034,0.0,0.0,0.0,0.0,0.0,0.0,0.0,0.0,0.0,5,5,0.90790635,jazz,jazz
0.0,0.0,0.0,0.0,0.95620006,0.0,2.6407917,0.43645823,0.0,0.0,0.0,0.97570187,0.0,0.0,0.0,0.94856626,0.0,1.1829575,0.0,1.683901,0.0,0.0,0.0,0.0,0.0,0.0,0.0,0.0,0.3361009,0.0,0.0,0.0,0.8068533,0.0,0.0,0.0,0.8376933,1.1560829,1.515149,0.4636119,0.0,0.0,0.0,0.0,0.0,0.0,0.0,0.0,0.0,0.0,2.7022462,0.0,0.0,0.0,0.0,0.7124973,0.085957825,0.0,0.0,0.0,0.43873763,3.7613683,0.20546468,0.0,0.0,0.0,0.01747463,0.0,0.0,0.33079347,0.0,0.0,0.6207445,0.0,0.0,0.0,0.0,0.23381509,1.4246545,0.0,0.0,0.0,0.34357122,1.1207125,0.0,0.0,0.22200999,0.0,0.9771124,0.0,1.6344482,0.9354925,0.0,0.45077074,0.19812296,0.12204543,0.0,0.0,0.0,0.0,0.0,0.95025563,1.1938553,1.5501528,0.35789353,0.0,0.0,0.0,0.00016947743,0.0,2.4366274,0.0,0.95298076,0.14674859,0.0,1.1769943,0.0,0.0,1.6141675,0.0,0.0,0.0,0.0,0.0,0.0,0.0,0.0,0.0,5,5,0.78921795,jazz,jazz
0.0,0.0,0.0,0.0,0.40677607,0.0,1.5682054,1.1165946,0.0,0.0,0.0,0.6012425,0.0,0.0,0.0,0.8974909,0.0,0.0,0.0,1.532278,0.0,0.0,0.0,0.0,0.0,0.0,0.0,0.0,0.5231438,0.0,0.0,0.0,0.61121124,0.0,0.0,0.0,1.3215045,0.5075227,1.4187659,0.050300293,0.027424185,0.0,0.0,0.0,0.0,0.0,0.0,0.0,0.0,0.0,2.2818239,0.0,0.0,0.0,0.0,0.59215295,0.19273953,0.0,0.0,0.0,0.628052,2.98797,0.0,0.0,0.0,0.0,0.0,0.0,0.12430182,0.0,0.0,0.0,0.0,0.0,0.0,0.91729075,0.0,0.6156992,0.8223061,0.0,0.0,0.0,0.7572017,0.27300078,0.0,0.0,0.06732881,0.0,0.9355849,0.0,1.3158185,1.1056204,0.0,0.47818306,0.0,0.0,0.0,0.0,0.13471867,0.0,0.0,0.3772522,0.683655,1.9192362,0.0,0.0,0.0,0.0,0.0,0.0,1.5664458,0.15338366,1.3887134,0.1169599,0.0,1.0119133,0.0,0.0,1.9342538,0.0,0.0,0.0,0.0,0.0,0.0,0.0,0.0,0.0,5,5,0.50120217,jazz,jazz
0.0,0.0,0.0,0.5891085,0.56946623,0.0,1.1795077,0.0,0.0,0.0,0.0,1.9947453,0.0,0.36967367,0.0,0.0,0.0,0.4517866,0.0,0.7118803,0.0,0.0,0.0,0.8168655,0.0,0.0,0.0,0.0,0.0,0.0,0.0,0.0,0.0,0.0,0.86252797,0.0,2.148733,0.0,1.1043583,0.0,0.0,0.0,0.0,0.0,0.0,0.021318689,0.0,0.0,0.0,0.0,1.0889037,0.0,0.0,0.0,0.2827673,0.0,0.0,0.0,0.0,0.0,0.0,2.7231908,0.0,0.0,0.0,0.4695466,0.0,0.0,0.0,0.0,0.4110671,0.0,0.13681962,0.0,0.0,1.6678649,0.0,1.1075394,1.7454195,0.0,0.0,0.14468674,1.4097993,1.558869,0.4550379,0.0,0.18288663,0.0,1.0825442,0.0,2.0471926,1.5444269,0.0,0.61529833,0.0,0.14500639,0.0,0.0,0.0,0.0,0.0,1.8962128,0.71040106,1.1641372,0.34584928,0.04826989,0.0,0.078694634,0.0,0.0,1.0698426,0.0,1.0364114,0.18232211,0.0,1.6130327,0.0,0.0,2.2142506,0.0,0.0,0.0,0.0,0.0,0.18164247,0.0,0.0,0.0,5,5,0.84937227,jazz,jazz
0.0,0.0,0.0,0.38048255,0.82578,0.0,1.1869637,0.0,0.0,0.0,0.0,1.9886842,0.0,0.2337816,0.0,0.0,0.0,0.54430366,0.0,0.46198264,0.0,0.0,0.0,0.750611,0.0,0.0,0.0,0.0,0.0,0.0,0.0,0.0,0.0,0.0,0.81364006,0.0,1.4156786,0.08314894,1.6382614,0.0,0.0,0.0,0.0,0.0,0.0,0.0,0.0,0.0,0.0,0.0,1.3513417,0.0,0.0,0.0,0.1231695,0.0,0.0,0.0,0.0,0.0,0.0,3.0486088,0.0,0.0,0.0,0.5421874,0.0,0.0,0.0,0.0,0.17042752,0.0,0.0,0.0,0.0,1.9428146,0.0,0.9888214,1.808294,0.0,0.0,0.028471649,1.3919649,1.3729415,0.0863908,0.0,0.34358633,0.0,1.0940331,0.0,2.5539935,1.5438854,0.0,0.66364443,0.0,0.0,0.0,0.0,0.0,0.0,0.0,1.8513503,0.7797635,0.95456994,0.0,0.0,0.0,0.31504908,0.0,0.0,1.0403968,0.0,0.7026175,0.12164929,0.0,1.4014256,0.0,0.0,2.8437192,0.0,0.0,0.0,0.0,0.0,0.17720652,0.0,0.0,0.0,5,5,0.8076839,jazz,jazz
0.0,0.0,0.0,0.9134874,1.1446042,0.0,1.352475,0.0,0.0,0.0,0.0,1.9162157,0.0,0.0,0.0,0.0,0.0,0.33821678,0.0,0.31202954,0.0,0.21229255,0.0,1.302913,0.0,0.0,0.0,0.0,0.06871694,0.0,0.0,0.0,0.0,0.0,1.0317471,0.0,1.281478,0.0,1.5073707,0.0,0.0,0.0,0.0,0.0,0.0,0.36307192,0.0,0.0,0.0,0.0,1.4653003,0.0,0.0,0.0,0.23205915,0.0,0.0,0.0,0.0,0.0,0.0,2.891333,0.0,0.0,0.0,0.8478555,0.0,0.0,0.0,0.0,0.31026295,0.0,0.0,0.0,0.0,2.0434968,0.0,0.7326067,1.996368,0.0,0.0,0.20009206,1.2414721,1.4307607,0.07245745,0.0,0.31414127,0.0,0.95791596,0.061284736,2.2906895,1.3952272,0.0,0.6835119,0.0,0.0,0.0,0.0,0.0,0.0,0.18409584,1.6374507,1.3753271,1.099317,0.19595169,0.09394017,0.0,0.3765421,0.0,0.0,0.9466217,0.0,0.99377066,0.11231621,0.0,1.0331982,0.0,0.0,2.503691,0.0,0.0,0.0,0.0,0.0,0.4142612,0.4929045,0.0,0.0,5,5,0.7920955,jazz,jazz
0.0,0.0,0.0,0.5596206,0.9342162,0.0,1.0678762,0.0,0.0,0.103703365,0.0,1.4838052,0.0,0.0,0.0,0.0,0.0,0.2644906,0.0,0.005575393,0.0,0.38112858,0.0,1.2177035,0.0,0.0,0.0,0.0,0.0,0.0,0.0,0.0,0.0,0.0,0.6697211,0.0,1.205026,0.0,0.8628989,0.0,0.0,0.0,0.0,0.0,0.0,0.17528099,0.0,0.0,0.0,0.0,1.3112739,0.0,0.0,0.024495717,0.43969047,0.0,0.0,0.0,0.0,0.0,0.0,1.9857576,0.0,0.0,0.0,0.83043647,0.0,0.0,0.0,0.0,0.005149586,0.0,0.0,0.0,0.0,1.9296987,0.0,0.72794926,1.8847643,0.0,0.0,0.0,1.0698295,1.0424434,0.40178263,0.0,0.10988478,0.0,0.96705806,0.27412346,1.6406235,1.4485092,0.0,0.3588488,0.0,0.39405572,0.0,0.0,0.0,0.0,0.7915394,1.2422669,1.3815144,1.3390697,0.93629825,0.25972247,0.0,0.82343996,0.0,0.0,0.8989891,0.0,0.9671078,0.0,0.0,0.38531613,0.0,0.0,2.1229777,0.0,0.0,0.048053846,0.0,0.0,0.0,0.45433494,0.0,0.0,5,5,0.6240231,jazz,jazz
0.0,0.0,0.0,0.48356217,0.8610839,0.0,0.64200056,0.0,0.0,0.0,0.0,1.4945856,0.0,0.023618804,0.0,0.0,0.0,0.35815865,0.0,0.075094365,0.0,0.115100786,0.0,0.8823492,0.0,0.0,0.0,0.0,0.0,0.0,0.0,0.0,0.0,0.0,0.6872012,0.0,1.3304747,0.0,1.2757266,0.0,0.0,0.0,0.0,0.0,0.0,0.0,0.0,0.0,0.0,0.0,1.4195213,0.0,0.0,0.0,0.611839,0.016082143,0.0,0.0,0.0,0.0,0.0,2.070166,0.0,0.0,0.0,0.52250344,0.0,0.0,0.0,0.0,0.0,0.0,0.0,0.0,0.0,1.9636856,0.0,1.1468424,1.7421172,0.0,0.0,0.0,0.8155665,1.5086995,0.3045457,0.0,0.25395152,0.0,1.2648559,0.32075748,2.170421,1.3991544,0.0,0.78094745,0.0,0.0,0.0,0.0,0.0,0.0,0.640427,1.8734735,0.74547666,1.448515,0.20441867,0.0,0.0,0.40022928,0.0,0.0,1.0992687,0.0,0.67101514,0.1629249,0.0,0.46487755,0.0,0.0,2.2365742,0.0,0.0,0.0,0.0,0.0,0.015657006,0.63648957,0.0,0.0,5,5,0.66262865,jazz,jazz
0.0,0.0,0.3871356,0.51089996,1.8824208,0.57793397,1.5525568,0.0,0.0,0.1702597,0.0,1.062407,0.0,0.0,0.0,0.0,0.0,1.4298345,0.0,0.0,0.73402965,0.0,0.0,0.0,0.0,0.0,0.0,0.0,0.0,0.0,0.0,0.0,0.6355894,0.0,0.67592907,0.0,0.38900453,2.0720725,0.0366957,0.0,0.0,0.0,0.7583583,0.26859653,0.0,1.3861458,0.5892859,0.4067167,0.0,1.7456139,1.9013504,0.0,0.0,0.0,0.0,0.0,0.42710632,0.0,0.0,0.0,0.9614816,1.316696,0.0,0.0,0.0,0.0,0.0,0.0,0.0,1.1164128,0.0,0.0,0.0,0.0,0.0,0.0,1.5970042,1.1154283,0.48297065,0.0,0.0,0.0,0.10377091,1.8793834,1.26004,0.0,0.0,0.0,1.0452455,0.0,1.8277515,0.46813667,0.0,0.0,2.058561,0.0,2.0000067,0.0,0.0,0.35136858,0.0,0.74429846,2.9452598,1.1866893,2.0320573,2.374344,0.0,0.03537461,0.120974876,0.0,2.0382783,0.0,0.0,0.37294978,0.0,1.2814423,0.0,0.0,1.2904311,0.0,0.0,0.0,0.0,0.0,0.0,0.0,0.36751103,0.0,5,5,0.9510656,jazz,jazz
0.0,0.0,0.1465478,0.37143475,1.9390107,0.0,1.647478,0.0,0.0,0.44709477,0.0,0.4473991,0.0,0.0,0.0,0.0,0.05201498,1.0912776,0.0,0.099757366,0.9022443,0.0,0.0,0.0,0.0,0.0,0.0,0.0,0.0,0.0,0.0,0.0,0.47419387,0.0,0.95251817,0.0,0.25434828,2.3769472,0.30292708,0.0,0.0,0.0,1.3573842,0.08608881,0.0,1.1201208,1.0856007,0.0,0.0,2.4728897,1.635219,0.0,0.0,0.0,0.0,0.0,0.46791255,0.0,0.0,0.0,1.2058378,1.3276838,0.0,0.0,0.0,0.0,0.0,0.0,0.0,1.1028014,0.0,0.0,0.0,0.0,0.0,0.0,1.6143382,0.6780444,0.9449416,0.0,0.0,0.0,0.10066936,1.1418754,0.8146495,0.0,0.0,0.0,1.4377435,0.0,0.68969405,0.9687078,0.0,0.0,0.9026877,0.0,2.0007312,0.0,0.0,0.0,0.0,0.2265878,2.3633084,0.9945863,2.2649922,2.7445006,0.0,0.18102868,0.098409235,0.0,0.9887459,0.0,0.18280736,0.0,0.0,0.9351626,0.0,0.0,0.89881116,0.0,0.0,0.0,0.0,0.0,0.0,0.0,0.25280467,0.0,5,5,0.8868483,jazz,jazz
0.0,0.0,0.0,1.0790033,1.6258683,0.0,1.6896101,0.0,0.0,0.5430797,0.0,0.4876788,0.0,0.0,0.0,0.0,0.0,0.6657765,0.0,0.16673066,1.3237771,0.0,0.0,0.0,0.0,0.0,0.0,0.0,0.0,0.0,0.0,0.0,0.0,0.0,0.53146505,0.0,0.5660802,2.486835,0.19020754,0.0,0.0,0.0,1.7105823,0.0,0.0,1.5080011,1.0829315,0.44724703,0.0,3.2005725,1.644028,0.0,0.0,0.0,0.20507833,0.0,0.7187377,0.0,0.0,0.0,1.3480538,1.0198799,0.0,0.0,0.36675775,0.0,0.0,0.0,0.0,0.9465625,0.0,0.0,0.0,0.0,0.0410359,0.0,1.3176312,0.15688284,1.0869519,0.0,0.0,0.0,0.0,1.34089,1.1203154,0.0,0.0,0.0,1.1457814,0.0,0.35717294,1.0677598,0.0,0.0,0.50544834,0.0,1.6355724,0.0,0.0,0.10566026,0.07805315,0.38025752,2.593372,1.3037262,1.939011,3.4837518,0.0,0.48795837,0.59923255,0.0,0.47706848,0.0,0.45562991,0.2990109,0.0,0.72578436,0.0,0.0,0.49964103,0.0,0.0,0.099627644,0.0,0.0,0.0,0.0,0.35096753,0.0,5,5,0.69631654,jazz,jazz
0.0,0.0,0.0,1.2116605,1.5528164,0.0776008,1.5308692,0.0,0.0,0.0,0.0,1.5731205,0.0,0.0,0.0,0.0,0.17847803,1.1890088,0.0,0.0,1.2771705,0.0,0.0,0.0,0.20926315,0.0,0.0,0.0,0.002722814,0.0,0.0,0.0,0.34475774,0.0,0.42971626,0.0,0.7049961,3.2103524,0.09595526,0.0,0.0,0.0,0.9125108,0.0959527,0.0,1.4521408,0.47930887,0.48455417,0.0,2.9467618,1.9535851,0.0,0.0,0.0,0.12981665,0.0,0.22461091,0.0,0.0,0.0,1.0139804,1.1983647,0.0,0.0,0.28008956,0.0,0.0,0.0,0.0,1.0904249,0.0,0.0,0.0,0.0,0.0,0.0,1.5749718,0.2404844,1.1425911,0.0,0.0,0.0,0.0,1.8423717,1.7741575,0.0,0.0,0.0,0.4891737,0.0,0.8862583,0.0,0.0,0.0,1.2479671,0.014229206,1.2591647,0.0,0.0,0.3389631,0.5377838,0.92708063,2.8916426,1.1921185,2.2157936,3.671905,0.0,0.6386782,0.76125747,0.0,1.0436647,0.0,0.60907495,0.20527469,0.0,0.93643826,0.0,0.0,0.84431803,0.0,0.0,0.118954904,0.0,0.0,0.0,0.0,0.23432565,0.0,5,5,0.88144326,jazz,jazz
0.0,0.0,0.0,1.6650636,2.0060408,0.16747272,1.5547937,0.0,0.0,0.0,0.0,1.6986198,0.0,0.0,0.0,0.0,0.0,1.7340643,0.0,0.0,1.3936923,0.0,0.0,0.0,0.29087135,0.0,0.0,0.0,0.0,0.0,0.0,0.0,0.78639466,0.0,0.83633155,0.0,0.47654605,2.8850672,0.7300282,0.0,0.0,0.0,0.7590958,0.08526492,0.0,1.4839921,0.28874177,0.18806376,0.0,2.1263585,2.0730617,0.0,0.0,0.0,0.0,0.0,0.046682306,0.0,0.0,0.0,0.7793963,1.5660946,0.0,0.0,0.4494682,0.0,0.017817032,0.0,0.0,1.0377091,0.0,0.0,0.0,0.0,0.0,0.0,1.9736441,0.45935857,1.2581638,0.0,0.0,0.0,0.0,2.13955,2.238501,0.0,0.0,0.0,0.46386522,0.0,1.4036968,0.0,0.0,0.0,1.8323786,0.0,1.354051,0.0,0.0,0.5867288,0.0,1.0691508,2.638931,0.59938467,2.1037912,3.586182,0.0,0.14360318,0.58946055,0.0,1.839401,0.0,0.12004808,0.42423445,0.0,1.0095172,0.0,0.0,1.1377817,0.0,0.0,0.0,0.0,0.0,0.0,0.0,0.3880508,0.0,5,5,0.9489909,jazz,jazz
0.0,0.0,0.0,1.572035,1.4854445,0.15370947,2.2008324,0.0,0.0,0.0,0.0,1.5799203,0.0,0.0,0.0,0.0,0.0,1.020534,0.0,0.0,0.3328378,0.0,0.0,0.0,0.2956327,0.0,0.0,0.0,0.0,0.0,0.0,0.0,0.8091984,0.0,0.40046266,0.0,1.5380828,2.2976515,0.6964526,0.0,0.0,0.0,0.7340354,0.07211775,0.0,1.9536281,0.53613275,0.0,0.0,1.3994311,1.3080542,0.0,0.0,0.0,0.09420675,0.0,0.3156396,0.0,0.0,0.0,0.6049799,1.6903826,0.0,0.0,0.25931388,0.0,0.16436933,0.0,0.0,1.35018,0.0,0.029154437,0.010461264,0.0,0.0,0.0,1.8797079,0.0,1.6990737,0.0,0.0,0.16633888,0.05886285,2.3499207,2.7020855,0.0,0.0,0.0,0.66002184,0.0,1.3010609,0.0,0.0,0.0,0.1112046,0.3194119,1.1499742,0.0,0.0,0.41590798,0.043696042,0.982729,2.7414331,0.34152886,1.5225095,3.2541263,0.0,0.0,0.0,0.0,1.4509387,0.0,0.86557114,0.45254827,0.0,1.350443,0.0,0.0,0.5483781,0.0,0.0,0.066873804,0.0,0.0,0.0,0.0,0.0,0.0,5,5,0.9688373,jazz,jazz
0.0,0.0,0.0,1.6557882,1.9719785,0.0,2.2415624,0.0,0.0,0.0,0.0,1.721699,0.0,0.0,0.0,0.0,0.0,0.8130972,0.0,0.0,0.101299,0.0,0.0,0.0,0.1921758,0.0,0.0,0.0,0.0,0.0,0.0,0.0,0.07030865,0.0,1.2977358,0.0,1.2202593,1.8461326,0.7650807,0.0,0.0,0.0,1.5154808,0.0,0.0,2.0641353,0.4565524,0.0,0.0,1.5958403,1.3005947,0.0,0.0,0.0,0.123797625,0.0,0.0,0.0,0.0,0.0,0.22483538,1.7908897,0.0,0.0,0.018381106,0.0,0.0,0.0,0.0,1.2121676,0.0,0.0,0.0,0.0,0.8690597,0.0,1.4772774,0.039669145,1.7211252,0.0,0.0,0.5483299,0.010954769,2.2536626,2.1295326,0.0,0.0,0.0,1.5025947,0.0,1.2502341,0.0,0.0,0.0,0.79808414,0.0,2.0476594,0.0,0.0,0.36954477,0.0,1.2814777,2.810294,0.09745289,1.6545371,3.4487755,0.0,0.0,0.0,0.0,1.2176993,0.0,0.132187,0.7125252,0.0,1.3521961,0.0,0.0,1.2096257,0.0,0.0,0.0,0.0,0.0,0.0,0.0,0.8311023,0.0,5,5,0.9848645,jazz,jazz
0.38228422,0.0,0.0,1.3246665,1.9864568,0.3094519,1.7726073,0.0,0.0,0.0,0.0,1.9191709,0.0,0.0,0.0,0.0,0.0,0.588978,0.0,0.0,0.0,0.0,0.0,0.0,0.0,0.0,0.0,0.011672938,0.0,0.0,0.0,0.0,0.17922297,0.0,1.8540871,0.0,1.5926743,1.3269596,1.0635309,0.0,0.0,0.0,1.3685073,0.0,0.0,2.1234307,0.6575473,0.0,0.0,1.094356,1.3178377,0.0,0.0,0.0,0.6342554,0.0,0.0,0.0,0.0,0.0,0.105108626,1.6965399,0.0,0.0,0.0,0.0,0.27449584,0.0,0.0,1.2134299,0.0,0.0,0.009666377,0.0,0.71503407,0.0,1.7557194,0.12750317,1.8205136,0.0,0.0,0.93864894,0.10954942,2.4746027,2.3073897,0.0,0.0,0.0,2.656411,0.0,1.8869978,0.35404566,0.0,0.0,0.52562344,0.0,2.4620574,0.0,0.0,0.33256924,0.0,1.2340074,2.2049716,0.22357877,1.5465549,3.3259487,0.0,0.0,0.0,0.0,1.2735832,0.0,0.05060849,0.0,0.0,1.9923774,0.0,0.0,1.1891694,0.0,0.0,0.0,0.0,0.0,0.0,0.0,1.1634395,0.0,5,5,0.99626225,jazz,jazz
0.0,0.0,0.0,1.5003555,1.8145716,0.53609127,1.9021862,0.0,0.0,0.0,0.0,2.2977362,0.0,0.0,0.0,0.0,0.0,1.1319908,0.0,0.0,0.30852047,0.0,0.0,0.0,0.0,0.0,0.0,0.0,0.0,0.0,0.0,0.0,0.48213908,0.0,1.1236718,0.0,1.246751,2.3251398,0.6019836,0.0,0.0,0.0,1.3955452,0.0,0.0,1.9478728,0.23587494,0.0,0.0,1.5007298,1.5111604,0.0,0.0,0.0,0.0,0.0,0.0,0.0,0.0,0.0,0.5746277,2.7881148,0.0,0.0,0.04721363,0.0,0.14416538,0.0,0.0,1.913288,0.0,0.0,0.0,0.0,0.06091706,0.0,2.184772,1.2589921,2.156464,0.0,0.0,0.2942862,0.071493745,2.1304986,2.6117582,0.0,0.0,0.0,0.95729667,0.0,2.0767539,0.0,0.0,0.0,1.1777786,0.0,2.2309127,0.0,0.0,0.289624,0.0,1.0334383,2.4164844,0.0,1.4494733,2.9949658,0.0,0.0,0.0,0.0,1.7610816,0.0,0.007117326,0.0,0.0,1.9641385,0.0,0.0,1.6021092,0.0,0.0,0.0,0.0,0.0,0.0,0.0,0.966363,0.0,5,5,0.99623567,jazz,jazz
0.0,0.0,0.0,2.5142314,2.0873873,0.95295393,2.4760962,0.0,0.0,0.0,0.0,2.2635489,0.0,0.0,0.0,0.0,0.0,1.010908,0.0,0.0,0.8156147,0.0,0.0,0.0,0.0,0.0,0.0,0.0,0.0,0.0,0.0,0.0,0.40634596,0.0,1.4219544,0.0,0.46602613,2.8522851,0.9060426,0.42404208,0.0,0.0,1.4346074,0.05719858,0.0,1.8073478,0.35995778,0.0,0.0,0.7788891,2.236151,0.0,0.0,0.0,0.0,0.0,0.0,0.0,0.0,0.0,0.7776645,2.7962372,0.43426126,0.0,0.0,0.0,0.0,0.0,0.0,1.7078936,0.0,0.0,0.0,0.0,0.0,0.0,2.4597018,0.7552952,2.0154414,0.0,0.0,0.0,0.6167364,1.859057,2.763988,0.0,0.0,0.0,0.5271927,0.0,2.0132363,0.0,0.0,0.0,1.2451134,0.30634868,2.0820305,0.0,0.0,0.083411284,0.0,0.0,3.442459,0.0,1.4018964,2.7900624,0.0,0.0,0.8570127,0.0,2.3298447,0.0,0.0,0.1503677,0.0,2.0306513,0.0,0.0,1.2685066,0.0,0.0,0.0,0.0,0.0,0.0,0.0,1.3873558,0.0,5,5,0.9884686,jazz,jazz
0.33336622,0.0,0.0,1.2518518,0.0,1.1877007,0.8244752,0.5698569,0.0,0.0,0.0,0.0,0.0,0.0,0.0,0.0,0.0,0.7152595,0.0,0.0,1.7100768,0.0,0.0,0.18125205,0.0,0.0,0.0,0.0,0.3238327,0.0,0.0,0.0,0.0,0.0,0.0,0.0,0.8920658,1.6437901,0.0,0.9782829,0.0,0.48787534,1.117626,0.9943162,0.0,0.9423486,0.89633656,0.63029784,0.0,0.6117906,0.9698885,0.0,0.0,0.0,0.5247043,0.0,0.6353627,0.78604895,0.0,0.0,1.0434631,0.8367885,0.0,0.0,0.18146133,0.0078000403,0.0,0.0,0.0,0.6213004,0.0,0.052183982,0.0,0.0,0.0,0.0,1.0454092,0.19168396,1.8227714,0.0,0.14600377,0.0,0.34471405,1.7356458,1.0437115,0.0,0.39541173,0.0,0.0,0.0,0.0,0.0,0.0,0.0,0.0,0.63592994,0.80475265,0.0,0.0,0.45400658,0.19133121,0.0,1.4047222,0.75949156,0.53190833,2.2164297,0.0,0.80481356,1.6402698,0.0,0.18233678,0.0,0.52003527,0.816578,0.27517858,0.68207574,0.0,0.0,0.5944473,0.0,0.0,1.1798203,0.0,0.0,0.0,0.0,0.5602827,0.0,5,0,0.517416,jazz,blues
0.019304432,0.0,0.0,1.0602448,0.4634124,0.50255203,0.8943275,0.0,0.0,0.0,0.0,1.93533,0.0,0.0,0.0,0.0,0.17665222,1.691962,0.0,0.0,0.7010516,0.0,0.0,0.0,0.0,0.0,0.0,0.0,0.0,0.0,0.0,0.0,0.40117761,0.0,1.1862622,0.0,0.97205627,2.1134048,0.0,0.0,0.0,0.0,0.522311,0.0,0.0,0.979519,0.9135594,0.0,0.0,0.74085194,1.4018655,0.0,0.0,0.0,0.0,0.0,0.0,0.0,0.0,0.0,0.18028986,1.4285623,0.07890616,0.0,0.0,0.103926994,0.4480528,0.0,0.0,0.6529344,0.0,0.0,0.0,0.0,0.0,0.0,1.9152366,1.0711541,1.8718921,0.0,0.0,0.0,0.3098681,2.2980533,1.9280664,0.0,0.0,0.0,0.22041048,0.0,0.91171867,0.0,0.6524369,0.0,1.1329315,0.073083505,1.1426973,0.0,0.0,0.020323511,0.0,1.104181,1.2244376,0.63973165,0.07825631,2.8547168,0.0,0.0,0.0,0.0,1.156518,0.0,0.79427874,0.19671139,0.0,1.309633,0.0,0.0,0.9995871,0.0,0.0,0.0,0.0,0.0,0.0,0.0,0.14546402,0.0,5,5,0.9606535,jazz,jazz
0.0,0.0,0.0,0.8259222,1.3717217,0.0,1.6761303,0.0,0.0,0.0,0.0,2.3678212,0.0,0.0,0.0,0.0,0.12889847,1.2085257,0.0,0.767987,0.22852081,0.0,0.0,0.0,0.31766686,0.0,0.0,0.0,0.0,0.0,0.0,0.0,1.1259427,0.0,1.5158645,0.0,0.54728705,2.5524244,0.47814304,0.0,0.0,0.0,0.3969457,0.0,0.0,1.4204962,0.7136157,0.0,0.0,1.1937108,1.4849175,0.0,0.0,0.0,0.0,0.0,0.0,0.0,0.0,0.0,0.2590291,2.1456037,0.3019669,0.0,0.0,0.0,0.34328082,0.0,0.0,0.9178698,0.0,0.0,0.0,0.0,0.0,0.0,1.8867551,1.1079981,1.2831664,0.0,0.0,0.0,0.4139076,1.9646524,1.7362545,0.0,0.0,0.0,0.8380256,0.0,1.4587682,0.0,0.276483,0.0,1.0955737,0.0,1.1400383,0.0,0.0,0.0,0.0,1.162461,1.9509827,0.46131322,0.42424148,2.725347,0.0,0.0,0.0,0.0,1.2879094,0.0,0.7423901,0.0,0.0,1.2528409,0.0,0.0,1.0292443,0.0,0.0,0.0,0.0,0.0,0.0,0.0,0.45942977,0.0,5,5,0.9889503,jazz,jazz
0.08377272,0.0,0.0,0.62229115,1.1928068,0.0,1.4495494,0.0,0.0,0.0,0.0,1.193607,0.0,0.0,0.0,0.0,0.0,0.40594763,0.0,0.11578058,0.51010084,0.0,0.0,0.0,0.0,0.0,0.0,0.0,0.05362367,0.0,0.0,0.0,0.7952071,0.0,1.2380686,0.0,0.31763923,1.8255999,0.32448894,0.0,0.0,0.0,0.53112537,0.0,0.0,1.3266802,0.88616896,0.114150405,0.0,1.0163705,0.83862484,0.0,0.0,0.0,0.4666113,0.0,0.0,0.0,0.0,0.0,0.40102348,1.3199699,0.08747512,0.0,0.022209214,0.0,0.0,0.0,0.0,0.660269,0.0,0.0,0.0,0.0,0.25630185,0.0,1.4954304,0.19806111,1.1479169,0.0,0.0,0.0,0.09463898,1.4315492,1.333668,0.0,0.0,0.0,0.8168277,0.0,0.8767051,0.0,0.0,0.0,0.013041849,0.0,1.2132394,0.0,0.0,0.29654363,0.0,0.3923152,1.6375989,0.46928644,0.730223,2.1165679,0.0,0.0,0.32249808,0.0,0.09057234,0.0,0.37761003,0.0,0.0,0.8746159,0.0,0.0,0.58543396,0.0,0.0,0.0,0.0,0.0,0.0,0.0,0.63824564,0.0,5,5,0.8968894,jazz,jazz
0.6505926,0.0,0.0,0.9376153,1.6316704,0.5335447,0.95640886,0.0,0.0,0.0,0.0,1.2244544,0.0,0.0,0.0,0.0,0.0,0.0,0.0,0.0,1.0460343,0.0,0.0,0.0,0.0,0.0,0.0,0.010827782,0.0,0.0,0.0,0.0,0.3715944,0.0,1.330663,0.0,1.4222786,1.8975801,0.98965377,0.0,0.0,0.10784253,0.9717502,0.0,0.0,1.4990742,1.1668291,0.0,0.0,1.1859369,0.14828657,0.0,0.0,0.0,1.1611345,0.0,0.0,0.24768275,0.0,0.0,0.5828814,1.2408712,0.31198734,0.0,0.005643481,0.0,0.44869515,0.0,0.0,1.1741464,0.0,0.0,0.0,0.0,0.8285739,0.0,2.6285958,0.0,0.99640036,0.0,0.0,0.36490238,0.0,2.4928262,1.6855316,0.0,0.0,0.0,1.6695629,0.0,1.5228498,0.1938078,0.0,0.0,0.31875035,0.0,2.446988,0.0,0.0,0.83379084,0.0,0.0,1.1448725,0.0,0.28520474,2.8572176,0.0,0.0,0.0,0.0,0.16533388,0.0,0.0,0.0,0.0,1.7700655,0.0,0.0,0.45797265,0.0,0.0,0.0,0.0,0.0,0.0,0.0,1.0048183,0.0,5,5,0.9563708,jazz,jazz
0.0,0.0,0.0,0.42184177,1.5965959,0.0,1.7255547,0.0,0.0,0.3229265,0.0,0.0,0.0,0.0,0.0,0.0,0.018982548,1.2664545,0.0,0.658211,1.0456641,0.0,0.0,0.0,0.19310418,0.0,0.0,0.0,0.9835399,0.0,0.0,0.0,0.13825756,0.0,0.0,0.0,0.0,2.0795212,0.058152165,0.23674947,0.0,0.0,0.5621506,0.8298119,0.0,1.4279772,0.0,1.5056509,0.0,2.1783774,1.0981953,0.0,0.0,0.0,0.5385832,0.0,2.0481045,0.0,0.0,0.0,0.7266387,0.9930225,0.0,0.0,0.0,0.0,0.0,0.0,0.0,0.56020945,0.0,0.5269966,0.0,0.0,0.0,0.0,1.366084,0.06292549,1.2658658,0.0,0.0,0.0,0.0,1.1197243,1.2573401,0.0,0.0,0.0,0.14201203,0.0,0.0,0.2848717,0.0,0.0,0.80373573,0.0,0.41537008,0.0,0.0,0.44640404,0.08005864,0.2583371,2.7847009,0.53744566,1.8545246,2.8696752,0.0,0.629825,1.0847093,0.0,0.7852223,0.0,0.12514672,0.7653589,0.0,0.32943204,0.0,0.0,0.54602695,0.0,0.0,0.0653207,0.0,0.0,0.0,0.0,0.14522973,0.0,5,0,0.74261636,jazz,blues
0.0,0.0,0.0,1.0350193,1.8986822,0.0,2.2497153,0.0,0.0,0.42072898,0.0,0.12198137,0.0,0.0,0.0,0.0,0.4740469,1.8688418,0.0,0.3928331,0.659701,0.0,0.0,0.0,0.16363198,0.0,0.0,0.0,1.0496588,0.0,0.0,0.0,0.31425872,0.0,0.0,0.0,0.0,1.9804206,0.7708185,0.4082007,0.0,0.0,0.24992129,0.93333656,0.0,1.8037232,0.0,0.73448,0.0,1.4372014,1.6357405,0.0,0.0,0.0,0.0,0.0,1.8430659,0.0,0.0,0.0,0.52101415,0.8695672,0.0,0.0,0.13119571,0.0,0.0,0.0,0.0,0.7202328,0.0,0.0,0.0,0.0,0.060507353,0.0,1.2490071,0.0,1.1565666,0.0,0.0,0.0,0.0,1.2550048,1.4716796,0.0,0.0,0.0,0.12044963,0.0,0.38164085,0.0,0.0,0.0,1.4202844,0.0,0.5761397,0.0,0.0,0.44003385,0.0,0.29876378,3.024106,0.0,1.3851826,2.6185415,0.0,0.0,1.0122449,0.0,1.6080215,0.0,0.14291835,1.2272425,0.0,0.6783198,0.0,0.0,0.42945126,0.0,0.0,0.0,0.0,0.0,0.0,0.0,0.46913663,0.0,5,0,0.63693494,jazz,blues
0.0,0.0,0.0,0.824078,2.1938422,0.0,2.17532,0.0,0.0,0.42934448,0.0,0.76746124,0.0,0.0,0.0,0.0,0.0,0.967595,0.0,1.0960621,0.0,0.0,0.0,0.0,0.076570876,0.0,0.0,0.0,0.66318244,0.0,0.0,0.0,0.25391352,0.0,0.0060903095,0.0,0.0,1.7583438,0.80476326,0.19818692,0.0,0.0,0.28219426,0.58255196,0.0,1.3267809,0.0,0.027039815,0.0,1.424634,2.123727,0.0,0.0,0.0,0.0,0.0,1.0681618,0.0,0.0,0.0,0.6059002,1.7179978,0.0,0.0,0.0,0.0,0.0,0.0,0.0,0.39820927,0.0,0.0,0.0,0.0,0.0,0.0,0.9945017,0.0,1.0838374,0.0,0.0,0.0,0.0,1.0729924,1.1926332,0.0,0.0,0.0,0.54485846,0.0,0.803621,0.0,0.0,0.0070556155,0.9336127,0.0,0.46388775,0.0,0.0,0.08136922,0.0,0.5655958,2.9066045,0.1264454,1.294909,2.04346,0.0,0.0,0.6937437,0.0,1.6414033,0.0,0.2691682,0.86667436,0.0,0.9672477,0.0,0.0,0.7913794,0.0,0.0,0.0,0.0,0.0,0.0,0.0,0.3670967,0.0,5,5,0.72470516,jazz,jazz
0.0,0.0,0.0,0.09621823,2.101105,0.0,2.3599527,0.0,0.0,0.3997905,0.0,1.3088446,0.0,0.0,0.0,0.0,0.08463746,0.08549965,0.0,0.59942853,0.0,0.0,0.0,0.0,0.0,0.0,0.0,0.0,0.66415846,0.0,0.0,0.0,0.42688337,0.0,0.43209404,0.0,0.0,1.9369634,0.9325304,0.0,0.0,0.0,0.5643747,0.0,0.0,1.1751359,0.018081477,0.0,0.0,1.9811604,1.9333973,0.0,0.0,0.0,0.0,0.0,0.6712538,0.0,0.0,0.0,1.2405869,1.9765786,0.0,0.0,0.0,0.0,0.0,0.0,0.0,0.367166,0.0,0.0,0.0,0.0,0.0,0.0,1.2840117,0.42595196,0.35003823,0.0,0.0,0.0,0.093676165,0.7309307,0.582545,0.0,0.0,0.0,1.3049694,0.0,0.7683322,0.09842033,0.0,0.0,0.5655306,0.0,1.099354,0.0,0.0,0.0,0.0,0.27815667,2.5020487,0.5646141,1.4100639,1.5713553,0.0,0.06739561,0.31134987,0.0,1.1010939,0.0,0.18159637,0.0,0.0,1.0542607,0.0,0.0,1.1600688,0.0,0.0,0.0,0.0,0.0,0.051863104,0.0,0.5695317,0.0,5,5,0.86928105,jazz,jazz
0.0,0.0,0.0,0.1912962,1.6498528,0.045016628,1.8872343,0.0,0.0,0.0,0.0,1.9559383,0.0,0.0,0.0,0.0,0.33316666,0.096350245,0.0,0.7799539,0.0,0.0,0.0,0.0,0.0,0.0,0.0,0.0,0.0,0.0,0.0,0.0,0.84613264,0.0,0.7941665,0.0,0.0,2.250381,0.87496257,0.0,0.0,0.0,0.52726215,0.0,0.0,1.0976353,0.11661296,0.0,0.0,1.9596912,1.9064934,0.0,0.0,0.0,0.0,0.0,0.3286187,0.0,0.0,0.0,1.3140033,2.1023598,0.0,0.0,0.0,0.0,0.0,0.0,0.0,0.632429,0.0,0.0,0.0,0.0,0.0,0.0,1.4459314,0.8555421,0.83490425,0.0,0.0,0.0,0.28246093,1.2060018,1.0835701,0.0,0.0,0.0,1.0695043,0.0,1.2258204,0.20632218,0.0939295,0.0,0.43228048,0.0,1.0929236,0.0,0.0,0.0,0.0,1.1212193,2.0873694,0.5636081,1.1305459,2.2664804,0.0,0.0,0.0,0.0,1.0689275,0.0,0.25295177,0.0,0.0,1.5099963,0.0,0.0,1.1718473,0.0,0.0,0.0,0.0,0.0,0.0,0.0,0.23524342,0.0,5,5,0.9712425,jazz,jazz
0.0,0.0,0.0,1.4406189,1.7605941,0.0,2.0741146,0.0,0.0,0.0,0.0,2.2137747,0.0,0.0,0.0,0.0,0.0,0.26461092,0.0,0.0,0.0,0.0,0.0,0.0,0.0,0.0,0.0,0.09440741,0.0,0.0,0.0,0.0,0.23713546,0.0,1.5651978,0.0,1.5251938,1.8892717,0.8346059,0.0,0.0,0.0,1.0761715,0.0,0.0,2.0575027,0.6644632,0.0,0.0,1.1825593,1.1206604,0.0,0.0,0.0,0.0,0.0,0.0,0.0,0.0,0.0,0.30533284,1.9373353,0.005979423,0.0,0.021015076,0.0,0.1454618,0.0,0.0,1.7967291,0.0,0.0,0.2778168,0.0,0.24168958,0.0,2.1547205,0.0,1.1363384,0.0,0.0,0.81177425,0.39477724,2.097642,2.4870112,0.0,0.0,0.0,2.1044972,0.0,1.6321988,0.0,0.0,0.0,0.16107748,0.0,2.0129497,0.0,0.0,0.03330211,0.0,0.48376378,2.8289626,0.15187408,0.9316565,2.9901557,0.0,0.0,0.0,0.0,1.277718,0.0,0.33858725,0.0,0.0,1.9906881,0.0,0.0,0.95152235,0.0,0.0,0.0,0.0,0.0,0.0,0.0,1.3496476,0.0,5,5,0.9951916,jazz,jazz
0.0,0.0,0.0,1.1641276,1.5660598,0.0,1.872293,0.0,0.0,0.0,0.0,2.0235891,0.0,0.0,0.0,0.0,0.0,0.0,0.0,0.0,0.0,0.0,0.0,0.0,0.0,0.0,0.0,0.0,0.0,0.0,0.0,0.0,0.27792385,0.0,1.2873126,0.0,1.949625,1.9349083,0.90291435,0.0,0.0,0.0,0.8258263,0.0,0.0,2.1359916,0.44126767,0.0,0.0,0.9454317,1.2597308,0.0,0.0,0.0,0.2572529,0.0,0.08596709,0.0,0.0,0.0,0.08975869,2.0436523,0.0,0.0,0.0,0.0,0.0,0.0,0.0,1.365798,0.0,0.0,0.5420283,0.0,0.4151839,0.012754308,1.8310744,0.0,1.031899,0.0,0.0,0.7603976,0.3127796,1.8532268,2.2407093,0.0,0.0,0.0,2.3446894,0.0,1.8686807,0.15460517,0.0,0.0,0.0,0.0,1.7993491,0.0,0.0,0.0675749,0.0,0.3589004,2.6268716,0.35904467,1.2220076,2.580946,0.0,0.0,0.0,0.0,1.0504156,0.0,0.07180191,0.0,0.0,2.025511,0.0,0.0,0.7999454,0.0,0.0,0.0,0.0,0.0,0.0,0.0,0.902657,0.0,5,5,0.9938459,jazz,jazz
0.0,0.0,0.0,1.5688846,1.4359665,0.40755937,2.2050679,0.0,0.0,0.0,0.0,1.9279593,0.0,0.0,0.0,0.0,0.0,0.0,0.0,0.0,0.0,0.0,0.0,0.0,0.0,0.0,0.0,0.0,0.0,0.0,0.0,0.0,0.35237795,0.0,0.98706424,0.0,1.4812278,2.0615475,0.9706508,0.0,0.0,0.0,1.1420796,0.0,0.0,2.2025542,0.14451969,0.0,0.0,1.0864006,1.2578002,0.0,0.0,0.0,0.2596306,0.0,0.22463427,0.0,0.0,0.0,0.27104676,1.787559,0.0,0.0,0.23544815,0.0,0.0,0.0,0.0,1.2570915,0.0,0.11862848,0.2715309,0.0,0.4609122,0.0,1.3638113,0.0,0.83338106,0.0,0.0,0.039111152,0.0,1.6020744,2.4915433,0.0,0.0,0.0,1.9013729,0.0,1.408701,0.0,0.0,0.0,0.0,0.0,1.9312798,0.0,0.0,0.040978078,0.0,0.0,3.0308745,0.0,1.465252,2.6078682,0.0,0.0,0.0,0.0,0.91082364,0.0,0.0,0.0,0.0,1.7146168,0.0,0.0,0.8530159,0.0,0.0,0.0,0.0,0.0,0.0,0.0,1.0484898,0.0,5,5,0.978124,jazz,jazz
0.0,0.0,0.0,1.2061409,2.0161211,0.044650156,2.1064692,0.0,0.0,0.0,0.0,2.5458806,0.0,0.0,0.0,0.0,0.0,0.09318398,0.0,0.0,0.0,0.0,0.0,0.0,0.0,0.0,0.0,0.29925936,0.0,0.0,0.0,0.0,0.28018257,0.0,1.6480622,0.0,1.6473699,2.0307262,1.0369244,0.0,0.0,0.0,0.9454669,0.0,0.0,1.932592,0.49939516,0.0,0.0,1.1707239,1.1869044,0.0,0.0,0.0,0.1178538,0.0,0.0,0.0,0.0,0.0,0.61891156,1.9303374,0.45777532,0.0,0.0,0.0,0.0,0.0,0.0,2.126267,0.0,0.0,0.20088948,0.0,0.07698728,0.39131784,2.3338304,0.6563382,1.2104352,0.0,0.0,0.54120487,0.19572006,2.3096573,2.568287,0.0,0.0,0.0,2.301733,0.0,2.1051772,0.0,0.0,0.0,0.61386055,0.0,2.744082,0.0,0.0,0.0,0.0,0.5725155,2.8783605,0.33290556,1.3667428,2.609698,0.0,0.0,0.0,0.0,1.072777,0.0,0.0,0.0,0.0,2.5343125,0.0,0.0,1.1560134,0.0,0.0,0.0,0.0,0.0,0.0,0.0,1.6054591,0.0,5,5,0.99808335,jazz,jazz
0.0,0.0,0.0,1.3969693,2.1027431,0.11573277,1.9564729,0.0,0.0,0.0,0.0,2.3373408,0.0,0.0,0.0,0.0,0.0,0.7224105,0.0,0.0,0.0,0.0,0.0,0.0,0.0,0.0,0.0,0.046588413,0.0,0.0,0.0,0.0,0.12262275,0.0,1.5682719,0.0,1.5096713,1.9620053,0.8603537,0.0,0.0,0.0,0.80680925,0.0,0.0,1.5164298,0.5234998,0.0,0.0,0.66138947,1.5191178,0.0,0.0,0.0,0.0,0.0,0.0,0.0,0.0,0.0,0.25055158,2.0494974,0.0,0.0,0.0,0.0,0.0,0.0,0.0,1.6731888,0.0,0.0,0.09005814,0.0,0.57427776,0.21593615,2.0654938,0.4831275,1.2340378,0.0,0.0,0.1985816,0.62450176,2.1111977,2.180485,0.0,0.0,0.0,1.793607,0.0,2.2778645,0.0,0.08439497,0.0,1.0135574,0.0,2.3253818,0.0,0.0,0.13512565,0.0,0.55281186,2.56991,0.1361864,1.4209723,2.6409588,0.0,0.0,0.0,0.0,1.4658434,0.0,0.0,0.0,0.0,1.9783274,0.0,0.0,1.2235343,0.0,0.0,0.0,0.0,0.0,0.0,0.0,1.3393008,0.0,5,5,0.99627715,jazz,jazz
0.0,0.0,0.0,1.4774945,1.5214766,0.4539318,0.59967995,0.0,0.0,0.0,0.0,3.0015593,0.0,0.0,0.0,0.0,0.0045357533,0.50922346,0.0,0.0,1.1738545,0.0,0.0,0.0,0.0,0.0,0.0,0.0,0.0,0.0,0.0,0.0,0.8158595,0.0,1.4012811,0.0,1.5599182,3.4078703,0.19701184,0.0,0.0,0.0,0.6980421,0.0,0.0,1.528239,0.21155441,0.26670817,0.0,2.269518,1.7347935,0.0,0.0,0.0,0.5986176,0.0,0.0,0.0,0.0,0.0,0.8396997,2.3597217,0.0,0.0,0.17647043,0.0,0.8245484,0.0,0.0,1.7824467,0.0,0.0,0.0,0.0,0.0,0.0,3.1514287,0.6389937,2.317746,0.0,0.0,0.48476863,0.07696798,3.5601661,2.827463,0.0,0.0,0.0,0.38529938,0.0,1.1213993,0.0,0.15878601,0.0,0.9990313,0.0,1.8059666,0.0,0.093845904,0.55064946,0.0,1.4765731,1.053617,0.3576309,1.0439997,4.6029835,0.0,0.0,0.0,0.0,0.7407633,0.0,0.69101703,0.0,0.0,1.8789583,0.0,0.0,1.3643764,0.0,0.0,0.0,0.0,0.0,0.0,0.0,0.88332564,0.0,5,5,0.99681985,jazz,jazz
0.0,0.0,0.0,1.917118,1.4445246,0.62350744,1.2340062,0.0,0.0075269234,0.0,0.0,1.4814061,0.0,0.0,0.0,0.0,0.0,1.2954792,0.0,0.0,1.0784867,0.0,0.0,0.0,0.0,0.0,0.0,0.0,0.31810343,0.0,0.0,0.0,0.0,0.0,0.5330203,0.0,0.5707149,2.2090461,0.12779392,0.0,0.0,0.0,0.829691,0.0,0.0,1.2124611,0.0010556182,0.15119848,0.0,0.9378734,1.1189511,0.0,0.0,0.0,0.47494516,0.0,0.0,0.2628221,0.0,0.0,0.52805126,1.3281069,0.0,0.0,0.42828327,0.019959265,0.21740966,0.0,0.0,1.0154804,0.0,0.0,0.0,0.0,0.27701786,0.0,1.7365289,0.07838931,1.5443493,0.0,0.0,0.0,0.0,2.3084846,1.9117191,0.0,0.0,0.0,0.0,0.0,0.9671153,0.0,0.0,0.0,1.1449928,0.0,1.4219569,0.0,0.0,0.9852258,0.0,0.756808,1.8602135,0.096286245,0.74503815,2.9315777,0.0,0.0,0.7875325,0.0,1.5216253,0.0,0.018498885,0.3875962,0.0,0.8287407,0.0,0.0,1.0294834,0.0,0.0,0.27881372,0.0,0.0,0.0,0.0,1.3181152,0.0,5,5,0.8328942,jazz,jazz
0.0,0.0,0.0,1.6870129,1.6074903,0.45616668,1.8326683,0.0,0.0,0.0,0.0,1.318421,0.0,0.0,0.0,0.0,0.0,0.5380183,0.0,0.0,0.6804113,0.0,0.0,0.0,0.0,0.0,0.0,0.0,0.7238746,0.0,0.0,0.0,0.2247651,0.0,0.66840476,0.0,0.0,2.234826,0.17262912,0.0,0.0,0.0,1.564085,0.0,0.0,1.9345345,0.62202996,0.104549356,0.0,1.6019373,1.0528072,0.0,0.0,0.0,0.0,0.0,0.06496655,0.020751756,0.0,0.0,0.6920744,1.2174734,0.0,0.0,0.42580247,0.0,0.0,0.0,0.0,0.94251215,0.0,0.25029066,0.0,0.0,0.7279309,0.0,1.0970584,0.03787112,1.097877,0.0,0.0,0.0,0.0,1.2551087,1.3908817,0.0,0.0,0.0,0.33366257,0.0,0.6928708,0.0,0.0,0.0,0.5313615,0.0,1.9511734,0.0,0.0,0.72666484,0.0,0.26569137,2.3488002,0.0,1.0380349,2.5444007,0.09385377,0.0,1.0961493,0.0,0.14821316,0.0,0.0,0.19009969,0.0,0.53318256,0.0,0.0,0.9436378,0.0,0.0,0.0,0.0,0.0,0.0,0.0,1.3632462,0.0,5,5,0.6403613,jazz,jazz
0.0,0.0,0.0,1.4456905,1.9810508,1.345429,1.7573291,0.0,0.0,0.0,0.0,2.192644,0.0,0.0,0.0,0.0,0.0,0.28016102,0.0,0.4995919,0.8905671,0.0,0.0,0.0,0.0,0.0,0.0,0.20891649,0.0,0.0,0.0,0.0,0.38291514,0.0,1.4429556,0.0,0.88995457,2.6327329,0.78464705,0.0,0.0,0.0,1.5443038,0.0,0.0,2.0065646,0.78824884,0.0,0.0,1.5375158,0.94507843,0.0,0.0,0.0,0.22087182,0.0,0.044752147,0.0,0.0,0.0,0.57828623,2.2470646,0.0,0.0,0.23530738,0.0,0.14558552,0.0,0.0,1.6308296,0.0,0.0,0.0,0.0,0.8631676,0.0,1.7607883,0.6801228,1.2437745,0.0,0.0,0.1884029,0.36582667,2.045906,2.145196,0.0,0.0,0.0,1.0501639,0.0,1.6839232,0.0,0.0,0.0,0.67382294,0.0,2.4424894,0.0,0.0,0.5871553,0.0,0.5097054,2.222311,0.26135713,1.3558778,2.7916012,0.0,0.0,0.0,0.0,0.7738112,0.0,0.0,0.0,0.0,1.680807,0.0,0.0,1.2638348,0.0,0.0,0.0,0.0,0.0,0.0,0.0,1.0424176,0.0,5,5,0.98459876,jazz,jazz
0.0,0.0,0.0,1.2206837,2.1046724,0.78307223,1.8573047,0.0,0.0,0.0,0.0,1.6248292,0.0,0.0,0.0,0.0,0.0,0.023950443,0.0,0.12010374,1.5020175,0.0,0.0,0.0,0.0,0.0,0.0,0.0,0.2078977,0.0,0.0,0.0,0.39280906,0.0,1.4445773,0.0,1.1826733,2.4154086,0.8419676,0.0,0.0,0.0,1.5383409,0.0,0.0,2.0281122,0.0950107,0.03062667,0.0,1.4841112,0.6572868,0.0,0.0,0.0,0.66128814,0.0,0.0,0.29714292,0.0,0.0,0.3328895,2.275031,0.28357908,0.0,0.25291765,0.0,0.06701292,0.0,0.0,1.5541284,0.0,0.0,0.0,0.0,0.48673987,0.0,2.0544047,0.5007405,1.0150265,0.0,0.0,0.29000026,0.7383127,2.7625022,1.6177235,0.0,0.0,0.0,1.2927972,0.0,1.1047081,0.24144389,0.0,0.0,0.81163186,0.0,2.093672,0.0,0.0,0.2912062,0.0,0.3557676,1.8998104,0.20198344,1.0510874,2.892701,0.0,0.0,0.0,0.0,0.37318224,0.0,0.0,0.0,0.0,1.6278594,0.0,0.0,0.7080715,0.0,0.0,0.0,0.0,0.0,0.0,0.009646701,1.451315,0.0,5,5,0.9777759,jazz,jazz
0.0,0.0,0.0,1.318203,1.8313532,0.0,3.7875566,0.7850001,2.599728,0.0,1.7147708,0.3788825,0.0,0.0,0.0,0.0,0.0,1.1246151,0.0,1.2079725,0.0,0.36184505,0.0,0.0,0.0,0.0,0.0,0.0,0.0,0.0,0.0,0.0,1.1328219,0.0,0.0,0.0,0.0,2.6492405,2.9019127,1.0774391,0.21686809,0.0,0.0,0.0,2.0884428,0.0,0.0,0.0,0.0,0.0,2.8905768,0.0,0.0,0.0,0.0,0.7144472,0.0,0.3577464,0.0,0.0,2.4583626,1.7470634,0.88589555,1.0193964,1.577942,0.0,0.595618,0.0,0.0,0.0,1.7634809,0.0,0.48233524,0.0,0.0,0.9380974,0.0,0.0,0.50097096,0.0,0.05030501,0.0,0.0,0.0,0.0,0.0,0.0,0.0,0.0,0.0,2.26896,0.0,0.0,2.0527468,0.0,1.1414104,0.0,0.0,0.0,0.0,0.0,0.0,4.07998,0.0,0.0,0.0,1.6032963,0.0,1.1807636,0.0,2.796867,1.3281294,0.0,1.82602,0.0,0.0,0.0,2.8437986,0.68882096,0.0,0.0,0.030698225,0.746451,0.0,0.0,0.0,0.15260361,0.0,6,6,0.9841112,metal,metal
0.0,0.0,0.0,1.8932089,2.0251422,0.0,3.5086079,0.24312407,2.4186108,0.0,1.3799444,0.53001374,0.0,0.0,0.0,0.0,0.0,1.6374294,0.0,0.8535502,0.0,0.38696694,0.0,0.0,0.0,0.0,0.0,0.0,0.0,0.0,0.0,0.0,0.69926816,0.0,0.0,0.0,0.0,2.2350671,2.2416892,1.4545349,0.0,0.0,0.0,0.0,0.9587516,0.030984178,0.0,0.0,0.0,0.0,2.2864761,0.0,0.0,0.0,0.0,0.16949186,0.16836438,0.60038346,0.0,0.0,1.7209573,1.6933043,1.2394611,0.70473653,1.1574432,0.119018316,0.876844,0.0,0.0,0.26620567,1.5318441,0.0,0.564577,0.0,0.0,0.76663876,0.0,0.0,0.3980981,0.0,0.0,0.0,0.0,0.3441913,0.14980787,0.0,0.033758253,0.0,0.0,0.0,2.4332957,0.0,0.0,1.8763106,0.0,0.83465296,0.0,0.0,0.0,0.0,0.0,0.15277183,4.267865,0.0,0.0,0.0,1.1054218,0.0,0.7975616,0.0,3.0685785,0.5548185,0.0,2.5741432,0.0,0.0,0.0,2.650879,0.53900003,0.0,0.0,0.38691136,1.0963856,0.0,0.0,0.0,0.14331572,0.0,6,6,0.920911,metal,metal
0.0,0.0,0.0,2.549688,2.023063,0.0,3.039674,0.0,2.9169133,0.0,1.2067568,0.77869993,0.0,0.0,0.0,0.0,0.0,2.6171074,0.0,0.0,0.35689756,0.948037,0.0,0.0,0.12275155,0.0,0.18507992,0.0,0.44174078,0.0,0.0,0.0,0.46552756,0.0,0.0,0.0,0.0,2.0881433,0.5791187,2.24975,0.0,0.0,0.0,1.5489277,0.0,0.7825739,0.0,0.0,0.0,0.0,2.8211677,0.0,0.0,0.8551684,0.0,0.0,0.9261838,0.83742607,0.0,0.0,0.9820053,0.48608708,0.7803056,0.41609898,0.6631255,0.0,2.2306473,0.0,0.0,1.2625377,0.8166202,0.0077150413,0.4446708,0.0,0.0,0.0,0.8481523,0.08544116,0.94203043,0.0,1.0770792,0.0,0.0,0.0,1.8170569,0.0,0.9166577,0.0,0.0,0.0,1.3407034,0.0,0.0,0.3659856,0.21293299,1.6798398,0.0,0.7077705,0.0,0.0,0.732202,0.0,4.7038383,0.29880893,1.3824695,1.5844423,1.614324,0.23129314,1.1721039,0.0,3.4463534,0.0,0.0,2.1402822,0.0,0.0,0.0,2.4687762,0.36533785,0.0,0.0,1.0853748,1.2917925,0.0,0.0,0.0,0.0,0.0,6,0,0.81359977,metal,blues
0.0,0.0,0.0,2.1523943,1.6457261,0.0,2.3724272,0.0,2.9321592,0.0,0.52887326,0.3352634,0.0,0.0,0.0,0.0,0.0,2.570718,0.0,0.0,0.48190156,0.94208246,0.0,0.0,0.3136271,0.0,0.3435861,0.0,0.835705,0.0,0.0,0.0,0.67300963,0.0,0.0,0.0,0.0,1.6729847,0.25384405,1.7398895,0.0,0.0,0.0,1.8117573,0.0,0.72753066,0.0,0.0,0.0,0.0,2.113181,0.0,0.0,1.3836461,0.0,0.0,1.3749659,1.5142685,0.0,0.0,0.4294683,0.0,0.8361664,0.72689676,0.64955306,0.0,2.1798973,0.0,0.0,1.0798023,0.6008184,0.7500287,0.8254276,0.0,0.0,0.0,0.5431892,0.0,0.3308017,0.0,1.1912954,0.0,0.0,0.0,1.3292111,0.0,0.6463052,0.0,0.0,0.0,0.24476326,0.0,0.0,0.2682485,0.65448713,1.4337701,0.0,0.41081885,0.0,0.0,1.7002655,0.0,4.5746727,0.61924404,1.116887,1.8337767,2.0076847,0.14970388,1.4470441,0.0,3.4628687,0.0,0.0,2.0315015,0.0,0.0,0.0,1.895145,0.0,0.0,0.0,1.1598458,1.8004935,0.0,0.0,0.0,0.0,0.0,6,0,0.9264191,metal,blues
0.0,0.0,0.0,2.0514147,1.7096206,0.0,1.8818133,0.23874882,2.9550126,0.0,0.6169155,0.04671678,0.0,0.0,0.0,0.0,0.0,2.508359,0.0,0.0,0.44880828,1.1539711,0.0,0.0,0.10371649,0.0,0.2617804,0.0,0.42071977,0.0,0.0,0.0,0.9397684,0.0,0.0,0.0,0.0,1.5744408,0.33112547,1.4086797,0.0,0.0,0.0,1.6492821,0.0,0.6535566,0.0,0.0,0.0,0.0,1.2315032,0.0,0.0,1.1255094,0.0,0.0,1.1453646,1.4234992,0.0,0.0,0.6160571,0.0,1.1575196,0.6559908,0.7067677,0.0,2.3152144,0.0,0.0,0.7564598,0.5438886,0.5466616,1.1955588,0.0,0.0,0.0,0.0,0.23225997,0.0,0.0,0.81420076,0.0,0.0,0.0,1.2349851,0.0,0.3830945,0.0,0.0,0.34558395,0.06575713,0.0,0.0,0.55319816,0.6284988,0.96487284,0.0,0.5247082,0.0,0.21281482,1.5299746,0.0,3.8238683,0.50484365,0.39321387,1.266066,2.0471356,0.0,1.3523399,0.0,3.3627484,0.0,0.0,1.8687601,0.0,0.0,0.0,1.3460566,0.0,0.0,0.0,0.86186993,1.9592391,0.0,0.0,0.0,0.0,0.0,6,0,0.79983556,metal,blues
0.0,0.0,0.0,2.2256238,0.7211328,0.0,2.2197134,0.0,2.7231843,0.0,0.0,1.0770899,0.0,0.0,0.0,0.0,0.0,1.6989272,0.0,0.0,0.11264133,0.32906026,0.0,0.0,0.0,0.0,0.0,0.0,1.0142479,0.0,0.0,0.0,0.38616863,0.0,0.0,0.0,0.0,0.92634225,0.17943917,1.7908624,0.0,0.0,0.0,0.62605846,0.0,1.1365478,0.0,0.0,0.0,0.4684568,2.6777596,0.0,0.0,0.62908924,0.0,0.0,0.03165846,0.21077101,0.0,0.0,0.7867115,0.8699852,0.0,0.37560374,0.08678506,0.0,0.7844744,0.0,0.0,0.0,0.0,0.94357353,0.5970717,0.0,0.0,0.0,0.7135169,0.0,0.80940723,0.0,0.25291765,0.0,0.0,0.37146935,1.9820102,0.0,0.013854178,0.0,0.0,0.08963008,0.0,0.0,0.0,0.0,0.0,1.7334615,0.0,0.0,0.0,0.0,1.8816541,0.0,4.6592274,0.38068286,1.2025509,1.2513926,0.3012064,1.0157049,1.90702,0.0,2.829638,0.0,0.62037706,0.9364012,0.0,0.0,0.0,1.3021418,0.0,0.0,0.0,0.33161202,0.94631743,0.0,0.0,0.0,0.0,0.0,6,0,0.7540789,metal,blues
0.0,0.0,0.0,1.6649593,0.1877599,0.0,2.259315,0.0,2.0399168,0.0,0.0,0.34407797,0.0,0.0,0.0,0.0,0.0,1.5590805,0.0,0.0,0.10083271,0.51453274,0.0,0.0,0.0,0.0,0.11948368,0.0,1.2297825,0.0,0.0,0.0,0.12012209,0.0,0.0,0.0,0.0,0.18872935,0.0,1.7827773,0.0,0.0,0.0,0.8550027,0.0,0.834235,0.0,0.030948967,0.0,0.060743693,1.9034376,0.0,0.0,0.59945244,0.0,0.0,0.6703338,0.49741292,0.0,0.0,0.45403028,0.45187828,0.0,0.19591905,0.34804285,0.0,0.113692045,0.0,0.0,0.0,0.095064096,1.41212,0.0,0.0,0.0,0.0051386375,0.051282614,0.0,1.1244972,0.0,0.0,0.0,0.0,0.09295768,1.5438232,0.0,0.5314169,0.0,0.0,0.38607726,0.0,0.0,0.0,0.0,0.0,1.556644,0.0,0.0,0.0,0.0,1.76593,0.0,3.5024207,0.5066678,0.8810616,0.8829891,0.25942785,0.6796584,2.0569646,0.0,1.8987819,0.0,0.58198214,1.128674,0.0,0.0,0.0,0.49761966,0.0,0.0,0.0,0.23194234,0.5023323,0.0,0.0,0.0,0.0,0.0,6,0,0.62440187,metal,blues
0.0,0.0,0.0,1.5077462,0.592067,0.0,1.7783691,0.0,1.800099,0.0,0.0,0.0,0.0,0.0,0.0,0.0,0.0,2.305393,0.0,0.0,0.5017471,1.1961285,0.0,0.91578525,0.02962183,0.0,0.19421385,0.0,1.1826311,0.0,0.0,0.0,0.11645208,0.0,0.0,0.0,0.0,0.0,0.0,0.86644906,0.0,0.9027277,0.0,0.10639594,0.0,0.8263803,0.0,0.0,0.0,0.0,0.9426259,0.0,0.0,1.0636947,0.13704962,0.0,0.8649769,0.89447784,0.0,0.0,0.0,0.0,0.0,0.6904453,0.43839768,0.6177717,0.0,0.0,0.0,0.0,0.56098205,1.4089966,0.48880807,0.0,0.0,0.45296723,0.0,0.0,1.6248077,0.0,0.0,0.0,0.0,0.0678585,1.7359012,0.0,0.0,0.0,0.0,0.30467793,0.011861447,0.0,0.0,0.0,0.20381276,1.3528849,0.0,0.0,0.0,0.16674705,1.6975993,0.068239726,3.2006903,0.34638727,1.1612769,0.43944332,0.63821113,0.53403604,1.495667,0.0,1.7428333,0.0,0.63821054,1.5298715,0.0,0.0,0.0,0.0,0.0,0.0,0.0,0.0,0.7457316,0.0,0.0,0.5317132,0.0,0.0,6,0,0.3678891,metal,blues
0.0,0.0,0.0,1.6229858,0.8334108,0.0,1.3693025,0.0,1.4568996,0.0,0.0,0.0,0.0,0.0,0.0,0.0,0.0,2.7546923,0.0,0.0,0.8189126,1.1043733,0.0,0.426571,0.7145688,0.0,0.13689183,0.0,0.76952887,0.0,0.0,0.0,0.0,0.0,0.0,0.0,0.0,0.0,0.0,0.2191045,0.0,1.428968,0.0,0.0,0.0,1.391494,0.039914537,0.0,0.0,0.0,0.327472,0.0,0.0,1.370072,0.5352641,0.0,1.3574584,1.6583161,0.0,0.0,0.0,0.0,0.0,0.28132516,1.1911781,0.694198,0.0,0.0,0.0,0.0,1.1474512,1.0932668,1.0564815,0.0,0.30404,0.039529894,0.0,0.0,0.7796463,0.0,0.0,0.0,0.0,0.0,2.1355417,0.0,0.0,0.0,0.0,0.2055342,0.0,0.0,0.0,0.0,0.48261124,1.0131221,0.0,0.0,0.0,0.39783767,1.6554755,0.6347564,3.414755,0.40402967,1.4339523,0.74815834,1.3147744,0.0,1.0163803,0.0,1.2428793,0.0,0.0710046,1.9961073,0.0,0.0,0.0,0.0,0.0,0.0,0.0,0.0,1.0425522,0.0,0.0,1.4058864,0.0,0.0,6,0,0.54593563,metal,blues
0.0,0.0,0.0,1.9376955,1.2873985,0.0,1.4476044,0.0,1.8583251,0.0,0.0,0.0,0.0,0.0,0.0,0.0,0.0,2.674799,0.0,0.0,1.3799113,0.74211955,0.0,0.0,0.53165156,0.0,0.0,0.0,0.97723395,0.0,0.0,0.0,0.0,0.0,0.0,0.0,0.0,0.0,0.0,0.0,0.0,1.6233974,0.10443085,0.0,0.0,1.7348611,0.0,0.0,0.0,0.60188645,0.0,0.0,0.0,1.32787,0.881172,0.0,1.4197546,1.8398204,0.0,0.0,0.0,0.0,0.0,0.0,1.2606614,0.29320365,0.0,0.0,0.0,0.0,0.67352676,1.1180774,1.5317831,0.0,0.27141628,0.0,0.01878625,0.0,0.65597135,0.0,0.0,0.0,0.0,0.10008515,2.0183127,0.0,0.0,0.0,0.0,0.3089353,0.0,0.0,0.0,0.0,0.8602295,0.8670436,0.29856464,0.0,0.0,0.32027045,1.393969,0.39240497,3.7645633,0.36905217,2.046921,1.1748254,1.219815,0.0,0.7937235,0.0,1.0663593,0.0,0.0,2.2389886,0.0,0.0,0.0,0.0,0.0,0.0,0.0,0.054978013,0.8198266,0.0,0.0,1.0672352,0.0,0.0,6,0,0.79172295,metal,blues
0.0,0.0,0.0,2.1592066,1.5768378,0.0,1.9484565,0.55109036,2.663229,0.0,0.5872196,0.0,0.0,0.0,0.0,0.55681175,0.40519816,3.1725688,0.0,0.0,0.7105189,2.5455225,0.0,0.0,1.4081646,0.0,0.6473104,0.0,0.9343522,0.0,0.0,0.0,1.3256804,0.0,0.0,0.0,0.0,1.2028766,0.48447657,1.8735148,0.22465484,0.0,0.0,1.3178892,0.0,0.0,0.0,0.0,0.0,0.0,2.003028,0.0,0.0,0.85775054,0.0,0.7789436,0.95207596,1.5567802,0.0,0.0,0.42610252,0.053689484,1.7586364,2.97226,1.8684031,1.0669479,1.6420122,0.0,0.0,0.0,0.67762655,0.0,1.1434402,0.0,0.0,0.08270027,0.0,0.0,0.0,0.0,1.6550436,0.0,0.0,0.0,0.5016507,0.0,0.89610434,0.0,0.0,0.0,0.0,0.0,0.0,0.0,1.0460796,1.6014092,0.0,0.913727,0.0,0.0,2.111855,0.0,3.8202512,0.0,0.6350198,0.0,2.7143517,0.0,1.8210317,0.20088531,4.344104,0.73593915,0.0,2.210465,0.0,0.0,0.0,1.766654,0.0,0.0,0.0,0.15252712,1.7011172,0.0,0.0,0.0,0.0,0.0,6,6,0.6841389,metal,metal
0.0,0.0,0.0,1.8190593,1.2725356,0.0,1.4938883,0.029554253,2.628191,0.0,0.4484791,0.0,0.0,0.0,0.0,0.16319382,0.1759876,3.1089733,0.0,0.0,0.37547308,2.201386,0.0,0.22765975,1.0673113,0.0,0.45219094,0.0,1.0690042,0.0,0.0,0.0,0.8740166,0.0,0.0,0.0,0.0,0.8395584,0.17065719,1.7887787,0.6484381,0.0,0.0,1.1813107,0.014205145,0.0,0.0,0.0,0.0,0.0,1.7549784,0.0,0.0,1.0219002,0.0,1.1248423,0.88159794,1.4582938,0.0,0.0,0.16220261,0.0,1.5952176,2.6627333,1.5549811,1.2500412,1.1844342,0.0,0.0,0.0,0.5717763,0.0,1.2166946,0.0,0.0,0.09444705,0.0,0.0,0.0,0.0,1.3575727,0.0,0.0,0.0,0.015368155,0.0,1.0512118,0.0,0.0,0.0,0.47861764,0.0,0.0,0.0,1.5341789,1.8437049,0.0,0.62287724,0.0,0.2294908,2.0940065,0.0,3.1320417,0.0,0.6671267,0.0,2.3551078,0.267692,1.6709358,0.0,4.183184,0.5918647,0.0,2.1868105,0.0,0.0,0.0,1.1308964,0.0,0.0,0.0,0.0,1.6944637,0.0,0.0,0.0,0.0,0.0,6,6,0.55987287,metal,metal
0.0,0.0,0.0,1.6374146,2.0794322,0.0,1.669082,0.0,1.8867164,0.0,0.0,0.0,0.0,0.0,0.0,0.0,0.08210865,2.919758,0.0,0.0,0.0,1.5451049,0.0,0.08505129,0.33956036,0.0,0.0,0.0,1.1780834,0.0,0.0,0.0,0.57371354,0.0,0.0,0.0,0.0,0.23802024,0.7869355,1.6284066,0.0,0.0,0.0,0.17781161,0.048076566,0.0,0.0,0.0,0.0,0.0,1.6089665,0.0,0.0,0.9734983,0.0,1.2177409,0.8262149,0.7382965,0.0,0.0,0.0,0.17209664,1.2451389,1.6242193,1.3437937,1.4412507,0.3014056,0.0,0.0,0.0,1.4726446,0.0,1.0456328,0.0,0.21220855,0.58968246,0.0,0.08708092,0.15272531,0.0,0.005375535,0.0,0.0,0.0,0.7387312,0.0,0.45237327,0.0,0.0,0.0,1.375303,0.0,0.0,0.37055254,1.0983558,1.5299487,0.0,0.0,0.0,0.35800415,1.1014483,0.12306499,3.328294,0.0,0.5332419,0.0,1.7398081,0.0,0.5755678,0.0,3.34818,0.0,0.0,2.5647748,0.0,0.0,0.0,0.4477013,0.29189828,0.0,0.0,0.0,1.771135,0.0,0.0,0.0,0.0,0.0,6,9,0.45234677,metal,rock
0.0,0.0,0.0,1.9116861,2.137861,0.0,2.655312,0.31920934,2.162056,0.0,0.28270724,0.677977,0.0,0.0,0.0,0.008625384,0.0,2.9028645,0.0,0.0,0.058662526,1.3159444,0.0,0.0,0.0,0.0,0.0,0.0,0.4548115,0.0,0.0,0.0,0.96553594,0.0,0.0,0.0,0.0,1.2625992,0.96289706,1.7567679,0.0,0.0,0.0,0.7460079,0.4840887,0.0,0.0,0.0,0.0,0.0,2.481013,0.0,0.0,0.5707826,0.0,0.8852783,0.30636472,0.14764945,0.0,0.0,0.060437653,0.7446605,1.3536426,1.4539645,0.7354848,0.78982955,0.6842756,0.0,0.0,0.0,0.655011,0.0,0.14617565,0.0,0.0,0.23672527,0.0,0.0,0.24375944,0.0,0.4940071,0.0,0.0,0.0,0.3505276,0.0,0.39232695,0.0,0.0,0.0,1.6983764,0.0,0.0,0.29358798,1.1507881,1.5818537,0.0,0.0,0.0,0.08667857,0.31012508,0.0,3.7022552,0.0,0.54817253,0.0,1.2694311,0.1919036,1.3386307,0.0,3.991739,0.0,0.0,2.1487389,0.0,0.0,0.0,1.4118987,0.8500118,0.0,0.0,0.29229286,0.47006962,0.0,0.0,0.0,0.0,0.0,6,6,0.46716487,metal,metal
0.0,0.0,0.0,2.536481,2.3214693,0.0,3.8995664,0.583659,2.2355762,0.0,0.5723014,0.6232703,0.0,0.0,0.0,0.6958918,0.0,3.6134965,0.0,0.0,0.6987723,2.3860528,0.0,0.0,0.0,0.0,0.0,0.0,0.51509935,0.0,0.0,0.0,0.9164631,0.0,0.0,0.0,0.0,1.8173857,0.79197943,2.3892064,0.2730424,0.0,0.0,2.609932,0.6090978,0.0,0.106173225,0.0,0.0,0.0,3.162392,0.0,0.0,1.0293689,0.0,0.6679429,0.76031905,0.04323189,0.0,0.0,0.5966202,0.7792744,2.214317,1.7988292,0.6504987,0.45110136,2.0991056,0.0,0.0,0.067388944,0.5297276,0.0,0.0,0.0,0.0,0.0,0.37478796,0.0,0.92555517,0.0,1.6898513,0.0,0.0,0.0,0.029586352,0.0,1.045329,0.0,0.0,0.0,1.5019867,0.0,0.0,0.0,1.3680357,1.8008658,0.0,1.3682173,0.0,0.0,0.54264766,0.0,4.247751,0.028954595,0.5445091,0.0,1.5074321,0.90322953,2.5940883,0.0,4.664559,0.52033865,0.0,2.311689,0.0,0.0,0.0,2.8273005,1.5639349,0.0,0.0,1.2495829,0.26057482,0.0,0.0,0.0,0.0,0.0,6,6,0.42800838,metal,metal
0.0,0.0,0.0,1.1353607,0.44028124,0.0,3.1752915,1.5059296,3.2219882,0.0,0.19185542,0.8983301,0.0,0.0,0.0,1.0457582,0.10187207,1.0118911,0.0,0.4341272,0.0,0.44085237,0.0,0.0,0.0,0.0,0.6324464,0.0,0.022791684,0.0,0.0,0.0,1.4511435,0.0,0.0,0.0,0.0,1.7815634,1.7730833,1.6860201,0.90553874,0.0,0.0,0.0,0.5898177,0.0,0.0,0.0,0.0,0.0,3.1084218,0.0,0.0,0.0,0.0,1.6403159,0.45404562,0.0,0.0,0.0,2.668677,1.2525358,1.8824071,2.73997,0.92658085,0.0,1.8618699,0.0,0.0,0.0,0.21689676,0.0,0.9340674,0.0,0.0,0.8477521,0.0,0.0,0.017024022,0.0,0.36482283,0.0,0.0,0.0,0.0,0.08374587,0.4288053,0.0,0.0,0.0,0.51659435,0.0,0.0,0.5773106,0.0,2.3266637,0.0,0.7024652,0.0,0.0,0.0,0.0,3.6568265,0.5789834,0.0,0.0,0.39694902,0.97873753,1.6502196,0.0,3.0692866,1.419946,0.29442552,0.81153697,0.0,0.0,0.0,2.443398,0.0,0.0,0.0,0.6844127,0.80680376,0.0,0.0,0.0,0.0,0.0,6,6,0.97910416,metal,metal
0.0,0.0,0.0,1.1730713,0.0,0.0,3.3815417,2.039425,4.6110826,0.0,0.37543914,0.16035731,0.0,0.0,0.0,1.3938594,0.21483421,1.7178389,0.0,0.13726026,0.0,1.5265223,0.0,0.0,0.0,0.0,1.5976892,0.0,0.0,0.0,0.0,0.0,1.5872607,0.0,0.0,0.0,0.0,1.3918477,1.7405741,1.4714575,1.4713612,0.0,0.0,0.4477956,0.7094284,0.0,0.0,0.0,0.0,0.0,3.3272543,0.0,0.0,0.0,0.0,2.4517443,0.3351017,0.0,0.0,0.0,2.9802616,0.7024086,2.3113492,4.090622,1.542875,0.15622991,3.2168977,0.0,0.0,0.0,0.5366302,0.0,1.6505708,0.0,0.0,0.58660334,0.0,0.0,0.0,0.0,2.0050538,0.0,0.0,0.0,0.0,0.0,0.44617534,0.0,0.0,0.0,0.07385129,0.0,0.0,0.36461088,0.0,2.723269,0.0,1.2544568,0.0,0.0,0.6275441,0.0,4.6090198,0.56593186,0.0,0.0,0.77939683,0.64000267,2.1490793,0.0,3.7699788,2.4128637,0.70334786,0.93692404,0.0,0.0,0.0,3.4052353,0.0,0.0,0.0,1.2005713,2.0046453,0.0,0.0,0.0,0.0,0.0,6,6,0.9957837,metal,metal
0.0,0.0,0.0,1.3669758,0.0,0.0,3.2920027,2.1833346,4.235694,0.0,0.30988073,0.0354392,0.0,0.0,0.0,1.8341185,0.06023674,1.977219,0.0,0.41496924,0.0,1.4918263,0.0,0.0,0.0,0.0,1.4172308,0.0,0.0,0.0,0.0,0.0,1.5170339,0.0,0.0,0.0,0.0,1.3877376,1.6407484,1.4445312,1.8409095,0.0,0.0,0.51280206,0.5001366,0.0,0.0,0.0,0.0,0.0,3.1300263,0.0,0.0,0.0,0.0,2.5243912,0.5041329,0.2961089,0.0,0.0,2.558147,1.2660077,2.3264337,3.850897,1.5469338,0.23502527,3.122733,0.0,0.0,0.0,0.92267907,0.0,1.581275,0.0,0.0,0.6931179,0.0,0.0,0.0,0.0,2.1956217,0.0,0.0,0.0,0.0,0.0,0.3533631,0.0,0.0,0.0,0.40983212,0.0,0.0,0.5439166,0.0,2.59825,0.0,0.7755096,0.0,0.0,0.37756142,0.0,4.5885415,0.29238537,0.0,0.0,0.9527039,0.56301475,1.8795586,0.0,4.180926,2.4950285,0.45627102,1.3822434,0.0,0.0,0.0,3.169706,0.0,0.0,0.0,1.0090586,1.8386856,0.0,0.0,0.0,0.0,0.0,6,6,0.9975739,metal,metal
0.0,0.0,0.0,1.7604724,0.0,0.0,3.357936,2.5009763,3.8675752,0.0,0.059438,0.044030823,0.0,0.0,0.0,2.0421884,0.2723121,2.372528,0.0,0.25656298,0.0,1.1759346,0.0,0.0,0.0,0.0,1.4822999,0.0,0.0,0.0,0.0,0.0,1.4209652,0.0,0.0,0.0,0.0,1.4082987,1.5114897,2.1235607,1.7570509,0.0,0.0,0.8553158,0.0,0.0,0.0,0.0,0.0,0.0,3.321828,0.0,0.0,0.0,0.0,2.3335707,0.47232327,0.0046936274,0.0,0.0,2.1650152,1.5835797,2.22066,3.854977,0.9337473,0.17840151,3.1632035,0.0,0.06635851,0.0,0.3973095,0.0,1.2422385,0.0,0.0,0.7914386,0.0,0.0,0.0,0.0,2.3337116,0.0,0.0,0.0,0.0,0.05977988,0.8936426,0.0,0.0,0.0,0.19317555,0.0,0.0,0.0,0.0,2.8137863,0.0,1.0568805,0.0,0.0,0.7427076,0.0,3.9749393,0.44174704,0.0,0.0,0.9230526,0.86019,1.9655005,0.0,4.018479,2.388808,0.5446936,1.3533801,0.0,0.0,0.0,2.8044949,0.0,0.0,0.0,0.75898916,1.3277738,0.0,0.0,0.0,0.0,0.0,6,6,0.99034697,metal,metal
0.0,0.0,0.0,1.3849527,0.0,0.0,3.0347257,2.1571605,4.429646,0.0,0.029089706,0.10462219,0.0,0.0,0.0,1.4622401,0.27369836,2.2045703,0.0,0.0,0.0,1.3127128,0.0,0.0,0.0,0.0,1.9436162,0.0,0.0,0.0,0.0,0.0,1.2892284,0.0,0.0,0.0,0.0,1.1342533,1.1317859,1.9119725,1.1507087,0.0,0.0,0.7097563,0.14520633,0.0,0.0,0.0,0.0,0.0,3.1163044,0.0,0.0,0.0,0.0,2.116873,0.5009874,0.0,0.0,0.0,1.6631441,1.0232978,1.6391357,3.9392526,0.99809897,0.27288815,2.9523604,0.0,0.1032507,0.0,0.46393606,0.09545841,1.1540576,0.0,0.0,0.99330395,0.0,0.0,0.25993744,0.0,2.0037136,0.0,0.0,0.0,0.0,0.08889647,0.7832997,0.0,0.0,0.0,0.015793039,0.0,0.0,0.13374762,0.0,2.613461,0.0,1.1226708,0.0,0.0,0.6882255,0.0,3.767732,0.58913344,0.0,0.0,0.9677781,0.92553824,1.8309684,0.0,3.709676,1.8558862,0.7814683,1.2338412,0.0,0.0,0.0,2.9148302,0.0,0.0,0.0,0.667685,1.753118,0.0,0.0,0.0,0.0,0.0,6,6,0.9808724,metal,metal
0.0,0.0,0.0,0.00446866,0.16267651,0.0,1.2013305,0.7133166,1.634897,0.0,0.60945797,0.20144145,0.0,0.0,0.0,0.57184756,0.08492643,1.3199471,0.0,0.41760334,0.33131793,1.2417921,0.0,0.0,0.2484749,0.0,0.596912,0.0,0.35564294,0.0,0.0,0.0,0.4037864,0.0,0.0,0.0,0.0,0.7212774,0.19296665,1.0278313,0.95893925,0.0,0.0,0.0,0.5116687,0.0,0.0,0.0,0.0,0.0,0.983048,0.0,0.0,0.0,0.0,2.5424538,0.7260535,0.38091904,0.0,0.0,0.46158665,0.65366125,1.1446756,1.2422805,0.4692632,0.48587424,1.0089395,0.0,0.0,0.0,0.9742647,0.19157471,0.60345554,0.0,0.0,0.99088633,0.0,0.0,0.0,0.0,0.5320979,0.0,0.0,0.0,0.0,0.0,0.6294806,0.0,0.0,0.0,0.649914,0.15496404,0.0,0.8347487,0.0,0.5250206,0.0,0.20099907,0.0,0.0,0.02285267,0.0,1.8002248,0.16686603,0.0,0.0,1.5202569,0.0,0.49367943,0.0,2.631553,0.24636608,0.0,2.7134204,0.0,0.0,0.0,0.74105614,0.23263785,0.0,0.0,0.0,1.2744255,0.0,0.0,0.0,0.0,0.0,6,6,0.9033235,metal,metal
0.0,0.0,0.0,0.025335433,0.38551655,0.0,0.22337091,0.0,1.1457614,0.0,1.6632907,0.0,0.0,0.0,0.0,0.08773038,0.6370519,1.541584,0.0,0.90099627,1.551166,2.0711691,0.0,0.015308155,1.9583346,0.0,1.4815238,0.0,0.52343774,0.0,0.0,0.0,0.3302527,0.0,0.30169064,0.0,0.0,0.8137959,0.0,0.6112354,1.453817,0.0,0.0,1.0852666,0.044742238,0.0,0.0,0.0,0.0,0.0,0.2756828,0.0,0.0,0.0,0.0,2.5534463,1.2706453,1.1861972,0.0,0.0,0.16916807,0.08540356,1.4020171,1.1221555,0.0,1.2810678,1.1797239,0.0,0.0,0.0,1.1260245,0.0,0.40767166,0.008104727,0.69733584,0.2240536,0.0,0.0,0.56410944,0.0,0.5561863,0.0,0.0,0.0,0.0,0.0,1.30851,0.0,0.0,0.0,0.45610818,0.1287464,0.0,1.165746,0.7764302,0.14276974,0.0,0.8262149,0.0,0.07353208,0.0,0.0,0.67576516,0.0,0.0,0.0,1.8063414,0.0,0.8407552,0.70768195,2.7021585,0.0,0.0,4.068193,0.0,0.0,0.0,0.0894936,0.30317613,0.0,0.0,0.0,0.0,0.0,0.0,0.0,0.0,0.0,6,6,0.47825894,metal,metal
0.0,0.0,0.0,0.36194888,0.661504,0.0,0.2503223,0.0,1.6689105,0.0,1.1998,0.0,0.0,0.0,0.0,0.082714364,0.37661895,1.6866125,0.0,0.46783844,1.0809348,2.3086317,0.0,0.11730526,1.774439,0.0,0.90857023,0.0,0.27011308,0.0,0.0,0.0,0.58596396,0.0,0.0,0.0,0.0,0.6592652,0.0,0.37050715,1.0329309,0.0,0.0,0.80716074,0.0,0.0,0.0,0.0,0.0,0.0,0.061721526,0.0,0.0,0.0,0.0,2.4149697,1.2949708,1.2213314,0.0,0.0,0.14002587,0.0,1.2367193,1.2029084,0.29383773,1.3478705,1.2442588,0.0,0.0,0.0,1.0934854,0.007228824,0.67329293,0.0,0.4989531,0.52674854,0.0,0.0,0.0799175,0.0,0.56219727,0.0,0.0,0.0,0.0,0.0,0.7368757,0.0,0.0,0.0,0.0,0.0,0.0,0.9428294,0.60396385,0.80865604,0.0,0.8040952,0.0,0.0,0.2936064,0.0,1.0602014,0.0,0.0,0.0,2.185169,0.0,0.71400094,0.49493316,2.8695016,0.0,0.0,3.4118743,0.0,0.0,0.0,0.6457776,0.0,0.0,0.0,0.192907,0.4127448,0.0,0.0,0.0,0.0,0.0,6,6,0.69546455,metal,metal
0.0,0.0,0.0,0.3391347,0.55388135,0.0,1.3943069,1.6409075,2.415635,0.0,0.89517397,0.49303317,0.0,0.0,0.0,0.7272776,0.0,1.7105805,0.0,0.46799412,0.0,2.651936,0.0,0.0,0.40844315,0.0,0.6768038,0.0,0.0,0.0,0.0,0.0,0.95536375,0.0,0.0,0.0,0.0,1.2509899,1.3625207,0.5133964,1.148059,0.0,0.0,0.0,0.8766324,0.0,0.0,0.0,0.0,0.0,1.4309326,0.0,0.0,0.051497582,0.0,2.3455334,0.5007758,0.0,0.0,0.0,0.71732974,0.55997807,1.4115286,1.4547318,1.3413285,0.591666,1.5158185,0.0,0.0,0.0,0.95642626,0.0,1.2213941,0.0,0.0,1.2105461,0.0,0.0,0.0,0.0,0.79159456,0.0,0.0,0.0,0.0,0.0,0.29422843,0.0,0.0,0.0,0.18352705,0.0,0.0,0.81179345,0.0,1.3272477,0.0,0.7502726,0.0,0.0,0.059825387,0.0,2.892123,0.3281729,0.0,0.0,2.0969436,0.0,0.22459091,0.1630228,3.4447813,0.9034289,0.42506072,2.9318397,0.0,0.0,0.0,1.3421053,0.0,0.0,0.0,0.0,2.439029,0.0,0.60111564,0.0,0.0,0.0,6,6,0.9946233,metal,metal
0.0,0.0,0.0,0.74968255,0.32034126,0.0,1.8355668,2.1190746,2.5095172,0.0,0.79368794,0.42762405,0.0,0.2932742,0.0,0.91440344,0.0,2.1328535,0.0,0.38246208,0.0,2.7425911,0.0,0.0,0.0,0.0,0.9281667,0.0,0.0,0.0,0.0,0.0,0.7764711,0.0,0.0,0.0,0.0,1.1383116,1.1917881,0.85367996,1.2436956,0.0,0.0,0.0,0.6920992,0.0,0.0,0.0,0.0,0.0,1.5805163,0.0,0.0,0.42024943,0.0,2.180674,0.2006805,0.0,0.0,0.0,0.7546053,1.070116,1.342989,1.6719853,1.3248696,0.8830039,1.6702275,0.0,0.0,0.0,0.77104896,0.3379674,1.5298606,0.0,0.0,1.1139659,0.0,0.0,0.0,0.0,1.1764054,0.0,0.0,0.0,0.0,0.0,0.60391724,0.0,0.0,0.0,0.36008605,0.0,0.0,0.43639353,0.0,1.6581866,0.0,0.84692484,0.0,0.0,0.25852707,0.0,3.3835595,0.35894108,0.15959378,0.0,1.8973618,0.0,0.6118597,0.08718622,3.5154734,1.2151321,0.83871305,2.7703328,0.0,0.0,0.0,1.6706161,0.0,0.0,0.0,0.0,3.0163498,0.0,0.5883458,0.0,0.0,0.0,6,6,0.995876,metal,metal
0.0,0.0,0.0,0.6315838,0.053378597,0.0,1.9080684,1.3571136,1.4139191,0.0,0.0,1.1989574,0.0,0.0,0.0,1.152576,0.0,1.0391183,0.0,1.5465074,0.0,0.3624231,0.0,0.0,0.0,0.0,0.8712509,0.0,0.2379429,0.0,0.0,0.0,0.758783,0.0,0.0,0.0,0.467686,0.5903161,1.0556481,1.8167443,0.8040521,0.0,0.0,0.0,0.0,0.0,0.0,0.0,0.0,0.0,1.6927972,0.0,0.0,0.0,0.0,1.1652622,0.0,0.0,0.0,0.0,1.561194,2.9186788,0.94535196,2.258408,0.555694,1.0009248,0.71779805,0.0,0.0,0.0,0.3166965,0.0,0.74575967,0.0,0.0,0.9183895,0.46255293,0.0,0.0,0.0,0.020271301,0.0,0.0,0.0,0.0,0.0,0.6787882,0.0,0.0,0.0,1.0529063,0.0,0.0019381901,0.0,0.0,1.4756144,0.0,0.0,0.5341758,0.0,0.0,0.0,2.0477278,0.5212676,0.0,0.0,0.0,0.0,0.4700879,0.24112613,3.4931686,1.146343,1.3135753,0.97160506,0.0,0.0,0.0,0.78772235,0.0,0.0,0.0,0.0,0.47064623,0.0,0.0,0.0,0.18809257,0.0,6,6,0.9383856,metal,metal
0.0,0.0,0.0,0.9241912,0.0,0.0,2.175049,1.227245,1.8177007,0.0,0.0,1.0115795,0.0,0.0,0.0,0.8371112,0.0,1.1173431,0.0,1.2032764,0.0,0.46874475,0.0,0.0,0.0,0.0,0.58422035,0.0,0.1411958,0.0,0.0,0.0,0.941774,0.0,0.0,0.0,0.76529306,0.6652446,1.2634984,1.7211508,0.6183952,0.0,0.0,0.0,0.0,0.0,0.0,0.0,0.0,0.0,2.0073082,0.0,0.0,0.0,0.0,0.7751321,0.0,0.0,0.0,0.0,1.6963366,2.5630813,0.9230138,1.8528086,1.0166556,0.6683841,0.6293308,0.0,0.0,0.0,0.4347876,0.0,0.682301,0.0,0.0,0.90927446,0.3422371,0.0,0.0,0.0,0.0,0.0,0.0,0.0,0.0,0.0,0.53818166,0.0,0.0,0.0,0.9560056,0.0,0.0,0.0,0.0,1.6839516,0.0,0.0,0.19501945,0.0,0.0,0.0,2.4845104,0.294699,0.0,0.0,0.009126503,0.0,0.85508746,0.045645803,3.5496802,0.91113466,1.1783339,0.8174694,0.0,0.0,0.0,1.0062734,0.0,0.0,0.0,0.0,0.32424298,0.0,0.0,0.0,0.0,0.0,6,6,0.9240074,metal,metal
0.0,0.0,0.0,0.49500734,0.47292492,0.0,1.7533123,1.1923884,1.7224193,0.0,0.0,0.7421145,0.0,0.0,0.0,0.47166124,0.0,1.0077044,0.0,1.4439391,0.0,0.3413534,0.0,0.0,0.0,0.0,0.703876,0.0,0.32942864,0.0,0.0,0.0,0.78975713,0.0,0.0,0.0,0.71774304,0.4483029,1.2721101,1.0758474,0.8398898,0.0,0.0,0.0,0.26569706,0.0,0.0,0.0,0.0,0.0,1.5781337,0.0,0.0,0.0,0.0,1.246903,0.0,0.73264724,0.0,0.0,1.1914768,2.426926,0.8797477,1.5656704,1.1401246,1.1438272,0.28294292,0.0,0.0,0.0,0.6542565,0.0,1.2111053,0.0,0.0,0.73698676,0.0,0.0,0.0,0.0,0.0,0.0,0.0,0.2241627,0.0,0.0,0.28944743,0.0,0.0,0.0,1.2325294,0.0,0.0,0.55480766,0.0,1.3665403,0.0,0.0,0.0,0.0,0.0,0.33272272,2.3025074,0.56362176,0.0,0.0,0.24708131,0.0,0.5098439,0.0,3.0502188,0.96612114,1.0345141,1.4551008,0.0,0.0,0.0,1.1646969,0.0,0.0,0.0,0.0,0.84674406,0.0,0.0,0.0,0.0,0.0,6,6,0.95222706,metal,metal
0.0,0.0,0.0,0.0,0.6224814,0.0,1.0531185,0.9224271,1.2170429,0.0,0.13084772,0.17027873,0.0,0.0,0.0,0.37629962,0.0,1.0356417,0.0,1.5803626,0.62234426,0.32728767,0.0,0.0,0.0,0.0,0.39211386,0.0,0.38404432,0.0,0.0,0.0,1.0112836,0.0,0.0,0.0,0.0,0.18772456,0.8902221,0.55431366,1.7975457,0.0,0.0,0.0,0.37813753,0.0,0.0,0.0,0.0,0.0,0.19454649,0.0,0.0,0.0,0.0,1.604953,0.0,1.6218289,0.0,0.0403781,0.68267137,1.6451646,1.0751448,1.3928747,0.8501494,1.0518698,0.5688957,0.0,0.0,0.0,0.84372175,0.0,0.9178281,0.0,0.0,0.01958195,0.0,0.016322812,0.0,0.0,0.0,0.0,0.0,0.23906848,0.0,0.0,0.90214866,0.0,0.0,0.0,0.8855838,0.0,0.0,0.97468936,0.32847142,0.0,0.0,0.0,0.0,0.71023685,0.0,0.0,1.0890157,0.28622517,0.0,0.0,0.28055993,0.0,0.41141084,0.0,2.3403242,1.1866468,0.4052047,1.8908155,0.0,0.0,0.0,0.590933,0.0,0.0,0.0,0.0,0.5163996,0.0,0.0,0.0,0.0,0.0,6,6,0.8081748,metal,metal
0.0,0.0,0.0,0.22757939,0.27063474,0.0,0.26569882,0.6922366,1.3239655,0.0,0.4214104,0.0,0.0,0.0,0.0,0.0,0.0,2.4616358,0.0,0.07331641,0.98638713,1.0339884,0.0,0.0,0.0,0.0,0.18921812,0.0,0.0,0.0,0.0,0.0,0.7966535,0.0,0.0,0.0,0.0,0.0,0.0,0.44563654,1.6783913,0.0,0.005725233,0.007010568,0.08307303,0.0,0.0,0.0,0.0,0.0,0.0,0.0,0.0,0.0,0.0,1.1050651,0.34092644,1.3376163,0.0,0.0,0.41466033,0.3832768,0.9315322,1.3439358,0.09687152,0.81947845,0.92167354,0.0,0.0,0.0,0.9150348,0.0,0.7047362,0.0,0.85625553,0.0,0.0,0.19243017,0.0,0.0,0.04514103,0.0,0.0,0.41731203,0.06117987,0.0,0.23940632,0.0,0.0,0.0,0.7106929,0.0,0.1276251,0.3648826,1.2654507,0.4391398,0.0,0.0,0.0,0.6267674,0.07594092,0.0,1.4426084,0.0,0.0,0.0,0.5777571,0.0,0.40734446,0.0,2.101716,0.45408195,0.1188052,1.8155866,0.0,0.0,0.0,0.27965677,0.0,0.0,0.0,0.0,0.35277984,0.0,0.0,0.0,0.0,0.0,6,6,0.318487,metal,metal
0.0,0.0,0.0,1.9879252,0.0,0.0,3.189212,1.3555609,2.5296295,0.0,0.0,0.0,0.0,0.0,0.0,0.10295054,0.0,1.6345592,0.0,0.0,0.98507565,0.4584933,0.0,0.45144546,0.0,0.0,0.46517572,0.009993285,0.18733339,0.0,0.0,0.0,0.69916743,0.0,0.0,0.0,0.688897,0.660276,0.0,2.1662025,0.16218893,0.0,0.0,1.2022066,0.0,0.0,0.0,0.0,0.0,0.0,2.6593664,0.0,0.0,0.0,0.0,0.69427,0.0,0.5284146,0.0,0.0,1.6194525,1.3234608,0.38105696,1.860138,0.28158647,0.0,1.2405949,0.0,0.0,0.0,0.0,0.2781296,0.0,0.0,0.0,0.57714236,0.9310701,0.0,0.7109876,0.0,2.3535757,0.0,0.0,0.0,0.66367245,0.0,0.41232967,0.0,0.0,0.0,1.0583898,0.0,0.4765378,0.0,0.0,2.5362718,0.0,0.70615685,0.29374173,0.0,0.7594687,0.0,3.4052393,0.39872482,0.0,0.5223522,0.19323161,0.08727275,2.4252145,0.0,3.7645216,0.85972285,0.67563266,0.8519118,0.0,0.0,0.0,1.3730599,0.0,0.0,0.0,1.5581316,0.61906964,0.0,0.0,0.0,0.10569053,0.0,6,3,0.4573075,metal,disco
0.0,0.0,0.0,0.9796928,0.27810797,0.0,1.7102344,0.120157704,1.5524262,0.0,0.039714225,0.0,0.0,0.0,0.0,0.506955,0.0,1.8631085,0.0,0.0,0.23692045,1.1162083,0.0,0.0,0.0,0.0,0.0,0.0,0.050878555,0.0,0.0,0.0,0.51302385,0.0,0.0,0.0,0.0,1.0395125,0.0,1.7630088,0.0,0.0,0.0,0.5705572,0.0,0.0,0.0,0.0,0.0,0.0,2.2198322,0.0,0.0,0.0,0.0,0.70402735,0.39741716,0.10671557,0.0,0.0,1.214853,0.9475017,0.10619102,1.4283682,0.48662174,0.12590675,1.1740934,0.0,0.0,0.0,0.37891755,0.2682485,0.0,0.0,0.0,0.31299904,0.44821486,0.0,0.6037634,0.0,0.9291162,0.0,0.0,0.0,0.0,0.0,0.0,0.0,0.0,0.0,0.83812946,0.0,0.0,0.0,0.0,1.8509749,0.0,0.34579712,0.0,0.0,0.2921126,0.0,2.8175793,0.0,0.0,0.0,1.3860893,0.26193988,2.148086,0.0,3.0674,0.061914362,0.91395354,1.3947637,0.0,0.0,0.0,0.2347027,0.0,0.0,0.0,0.79054826,0.6681673,0.0,0.0,0.0,0.40331867,0.0,6,6,0.46545827,metal,metal
0.0,0.0,0.0,0.9432589,1.4695153,0.0,1.3800832,0.0,0.6331277,0.08936756,0.0,0.0,0.0,0.0,0.0,0.16799287,0.0,1.9196686,0.0,0.022312893,0.0,1.1214029,0.0,0.073638454,0.0,0.0,0.0,0.0,0.0,0.0,0.0,0.0,0.4366235,0.0,0.0,0.0,0.0,0.75440323,0.6121557,1.0620708,0.0,0.0,0.0,0.011346925,0.0,0.62913245,0.0,0.0,0.0,0.0,1.6524171,0.0,0.0,0.0,0.0,1.3319732,0.85507375,0.49235538,0.0,0.0,0.502562,0.89730334,0.5764279,1.1435162,1.1852385,0.5458212,0.26859564,0.0,0.0,0.0,0.790126,0.05040518,0.20816776,0.0,0.0,0.34471545,0.0,0.0,0.4619415,0.0,0.14706124,0.0,0.0,0.0,0.1649279,0.0,0.0,0.0,0.0,0.0,1.2211665,0.0,0.0,0.3762316,0.19864999,1.2209318,0.0,0.0,0.0,0.0,0.0,0.0,3.4970562,0.0,0.0,0.0,0.56082827,0.0,0.87489915,0.0,3.0689418,0.0,1.0753951,2.093042,0.0,0.31505632,0.0,0.0,0.0,0.0,0.0,0.07742054,0.5544791,0.0,0.0055979695,0.0,1.0173128,0.0,6,6,0.5875603,metal,metal
0.0,0.0,0.0,0.84001553,1.2358543,0.0,1.6714975,0.0,0.82927066,0.0,0.0,0.6282509,0.0,0.0,0.0,0.0,0.0,2.2720277,0.0,0.56542236,0.05343952,1.3733312,0.0,0.0,0.0,0.0,0.042770185,0.0,0.0,0.0,0.0,0.0,0.13125598,0.0,0.0,0.0,0.0,0.49989524,1.0243247,1.2645696,0.0,0.0,0.0,0.14941451,0.0,0.5852882,0.0,0.0,0.0,0.0,1.2378577,0.0,0.0,0.0,0.0,1.480694,0.9023071,0.0019307138,0.0,0.0,0.8739939,1.6361759,0.95514125,0.67802614,1.107922,0.7212286,0.36159098,0.0,0.0,0.0,0.74832994,0.0,0.5383722,0.0,0.0,0.5701294,0.0,0.0,0.11518736,0.0,0.5774554,0.0,0.0,0.0,0.6695961,0.0,0.0,0.0,0.0,0.0,1.8877044,0.0,0.0,0.057124663,0.37702674,1.6946172,0.0,0.0,0.0,0.0,0.0,0.0,4.1648045,0.46697745,0.48332772,0.0,0.0,0.0,0.53659433,0.0,3.5908153,0.0,1.3414493,2.2546406,0.0,0.57161397,0.0,0.4363313,0.0,0.0,0.0,0.0,0.761503,0.0,0.49075037,0.0,0.42985263,0.0,6,6,0.70903796,metal,metal
0.0,0.0,0.0,0.3964755,0.0,0.0,1.3587012,0.3989553,1.4275777,0.0,0.4535212,0.0,0.0,0.0,0.0,0.0,0.0,1.4723169,0.0,0.08955565,0.88155,1.0552325,0.0,0.0,0.0,0.0,0.29637074,0.0,0.0,0.0,0.0,0.0,0.91729313,0.0,0.0,0.0,0.0,0.32178816,0.7525163,0.7626557,1.3406165,0.0,0.049811117,0.053350482,0.49153337,0.0,0.0,0.0,0.0,0.0,0.33053935,0.0,0.0,0.0,0.0,1.8522637,0.0,0.8887461,0.0,0.0,1.0038742,0.9571924,0.83999693,0.6258114,0.9247771,0.8801619,0.7258744,0.0,0.0,0.0,0.63327795,0.0,0.47508857,0.0,0.04570226,0.7527388,0.36517066,0.0,0.30768716,0.0,0.8760135,0.0,0.0,0.0,0.0,0.0,0.31386834,0.0,0.0,0.0,1.4424437,0.0,0.26728255,0.0,0.3491149,1.4357153,0.0,0.83301413,0.0,0.0,0.0,0.0,1.6374898,0.0,0.0,0.0,0.0,0.0,0.72872394,0.0,2.287964,0.41837087,0.9699492,1.2065338,0.0,0.0,0.0,0.47878322,0.0,0.0,0.0,0.0,0.47557694,0.0,0.0,0.0,0.0,0.0,6,6,0.7700842,metal,metal
0.0,0.0,0.0,0.89272803,0.8969291,0.31687677,3.0094683,0.45219514,0.99467564,0.23816241,0.0,0.39868227,0.0,0.0,0.0,0.08117566,0.0,0.0,0.0,1.4286736,0.0,0.0,0.0,0.0,0.0,0.0,0.0,0.0,1.0091622,0.0,0.0,0.0,1.7702248,0.0,0.0,0.0,0.0,1.9432293,2.6355367,0.19690916,0.0,0.0,0.0,0.0,0.9863764,0.0,0.0,0.0,0.0,0.0,1.5786234,0.0,0.0,0.0,0.0,0.9081025,0.0,0.062252827,0.0,0.0,1.9234492,1.2006925,0.7791088,0.0,1.9301491,0.0,0.0,0.0,0.0,0.0,0.7442864,0.0,0.2702795,0.0,0.0,0.56404877,0.0,0.0,0.014460615,0.0,0.0,0.0,0.0,0.0,0.0,0.0,0.0,0.0,0.0,0.0,0.6261359,0.0,0.0,1.6957681,0.0,0.53909177,0.0,0.0,0.0,0.51496065,0.0,0.21697079,3.493727,0.0,0.21625654,0.0,1.209162,0.0,0.065577686,0.0,1.4948663,0.9779865,0.0,1.3841594,0.0,0.0,0.0,1.9132578,0.0,0.0,0.0,0.0,1.3852572,0.0,0.30328745,0.0,0.0,0.0,6,6,0.9289479,metal,metal
0.0,0.0,0.0,0.060773056,0.10757387,0.0,1.419163,1.4530846,1.9233963,0.0,0.032129698,0.53963107,0.0,0.0,0.0,0.60000896,0.0,0.0,0.0,1.9146544,0.45909724,0.0,0.0,0.0,0.0,0.0,0.0,0.0,0.1604521,0.0,0.0,0.0,1.2692556,0.0,0.0,0.0,0.13365763,1.8854873,1.862628,0.22710904,0.9896538,0.0,0.0,0.0,0.84770215,0.0,0.0,0.0,0.0,0.0,0.40973893,0.0,0.0,0.0,0.0,2.7283356,0.0,0.6300231,0.0,0.0,2.2276983,1.1514308,1.8431976,0.37568754,2.447931,1.1004959,0.78843534,0.0,0.0,0.0,0.5599341,0.0,1.6694381,0.0,0.0,0.0,0.0,0.0,0.0,0.0,0.68586534,0.0,0.0,0.0,0.0,0.0,0.0,0.0,0.0,0.0,0.18814161,0.0,0.0,0.76718175,0.0,0.74723095,0.0,0.0,0.0,0.0,0.0,0.0,2.2365277,0.09846494,0.0,0.0,1.0203694,0.0,0.20410392,0.0,1.8423269,1.7981358,0.0,1.594326,0.0,0.0,0.0,2.0192149,0.0,0.0,0.0,0.0,1.3244027,0.0,0.0,0.0,0.0,0.0,6,6,0.9885488,metal,metal
0.0,0.0,0.0,0.0,0.0,0.0,1.3805592,2.0030744,2.2580583,0.0,0.0,0.47505563,0.0,0.0,0.0,0.8078128,0.0,0.03847956,0.0,1.532519,0.04626783,0.0,0.0,0.0,0.0,0.0,0.12255153,0.0,0.0,0.0,0.0,0.0,0.8212248,0.0,0.0,0.0,0.27667135,0.7707195,1.3040488,0.09893918,1.6574428,0.0,0.0,0.0,0.5934526,0.0,0.0,0.0,0.0,0.0,0.7714275,0.0,0.0,0.0,0.0,3.2573729,0.0,0.6689292,0.0,0.0,1.6754982,1.1727318,1.6379167,1.2177688,2.1915755,1.729391,0.73055154,0.0,0.0,0.0,0.47055712,0.0,2.2159545,0.0,0.0,0.2959447,0.2338836,0.0,0.0,0.0,1.3984855,0.0,0.0,0.0,0.0,0.0,0.0,0.0,0.0,0.0,0.46881694,0.0,0.0,0.71456444,0.0,1.434217,0.0,0.108748056,0.0,0.0,0.0,0.0,2.3589742,0.43049663,0.0,0.0,0.94982874,0.0,0.0,0.0,2.5412645,1.8139468,1.0864286,1.9190367,0.0,0.0,0.0,1.6442662,0.0,0.0,0.0,0.0,1.7862283,0.0,0.0,0.0,0.0,0.0,6,6,0.99441373,metal,metal
0.0,0.0,0.0,0.36102313,0.5216501,0.0,1.9558029,1.693126,1.9224279,0.0,0.3038786,0.59831655,0.0,0.0,0.0,0.6668864,0.0,0.6392227,0.0,1.128466,0.064519934,0.0,0.0,0.0,0.0,0.0,0.0,0.0,0.3210474,0.0,0.0,0.0,0.9872749,0.0,0.0,0.0,0.23914374,1.0176239,1.8652807,0.41106996,1.174941,0.0,0.0,0.0,0.6630212,0.0,0.0,0.0,0.0,0.0,0.80953205,0.0,0.0,0.0,0.0,2.4535918,0.0,0.5892326,0.0,0.0,1.5775036,1.5650545,1.5828623,0.61314696,2.2425148,1.4872273,0.8797122,0.0,0.0,0.0,0.99747175,0.0,2.1551275,0.0,0.0,0.28945035,0.115468726,0.0,0.0,0.0,1.1660612,0.0,0.0,0.0,0.0,0.0,0.0,0.0,0.0,0.0,0.84619445,0.0,0.0,0.712243,0.0,1.4681313,0.0,0.0,0.0,0.0,0.0,0.0,2.8030314,0.33286652,0.0,0.0,1.1160123,0.0,0.0,0.0,2.4842925,1.1813642,0.63105184,1.9046965,0.0,0.0106783435,0.0,1.8242806,0.0,0.0,0.0,0.0,1.7422038,0.0,0.0,0.0,0.0,0.0,6,6,0.9924429,metal,metal
0.0,0.0,0.0,0.25884897,0.0,0.0,2.2485647,1.8063898,2.5558183,0.0,0.543589,0.43603346,0.0,0.0,0.0,0.50213295,0.0,0.32937762,0.0,1.2947401,0.2263667,0.0,0.0,0.0,0.0,0.0,0.068751276,0.0,0.0,0.0,0.0,0.0,1.2470996,0.0,0.0,0.0,0.1770897,1.2543609,1.7924432,0.65643483,1.435701,0.0,0.0,0.0,1.1133832,0.0,0.0,0.0,0.0,0.0,1.0592711,0.0,0.0,0.0,0.0,2.2133636,0.0,0.7137202,0.0,0.0,2.0335839,1.1542158,1.3354669,0.87542236,2.5738723,0.8896551,1.0132475,0.0,0.0,0.0,0.69491285,0.0,1.618163,0.0,0.0,0.26601183,0.0,0.0,0.0,0.0,1.6870191,0.0,0.0,0.0,0.0,0.0,0.0,0.0,0.0,0.0,0.42715347,0.0,0.0,0.52234626,0.0,1.6892529,0.0,0.0,0.0,0.0,0.0,0.0,2.7238772,0.053212382,0.0,0.0,1.3663962,0.0,0.3259189,0.0,2.3046355,1.2772905,0.47269836,1.5419253,0.0,0.0,0.0,2.1281836,0.0,0.0,0.0,0.0,1.3716344,0.0,0.0,0.0,0.0,0.0,6,6,0.99327093,metal,metal
0.0,0.0,0.0,1.3094383,1.5020083,0.0,2.066651,0.585405,0.33947086,0.0,0.0,0.07884051,0.0,0.0,0.0,0.5318887,0.0,1.7664874,0.0,1.4872656,0.58087134,0.287095,0.0,0.0,0.0,0.0,0.0,0.0,0.86979634,0.0,0.0,0.0,0.48975182,0.0,0.0,0.0,0.64179474,1.8434559,2.189122,2.4846487,0.20623814,0.0,0.0,0.0,0.0,0.0,0.0,0.0,0.0,0.0,1.8516946,0.0,0.0,0.0,0.0,1.446103,0.25668627,0.22164023,0.0,0.0,0.9741171,3.7916622,1.8696277,0.44370532,1.3698031,0.1798697,0.39080268,0.0,0.0,0.0,1.9762682,0.0,1.1014777,0.0,0.0,0.0,0.4745106,0.516832,0.0,0.0,0.0,0.0,0.0,0.35682073,0.0797437,0.0,0.7700019,0.0,0.0,0.0,2.6264896,0.0,0.0,0.6726363,0.0,1.4841275,0.0,0.0,0.0,0.0,0.0,0.0,2.3796961,0.0,0.0,0.0,0.28513858,0.0,0.67611176,0.0,2.7852364,0.34534186,0.62247527,2.3310235,0.0,0.31918293,0.0,0.49124572,1.2083943,0.0,0.0,0.0,0.33929458,0.0,0.0,0.0,0.510012,0.0,6,6,0.74314284,metal,metal
0.0,0.0,0.0,1.0407686,0.8820928,0.0,2.0501099,0.761857,0.54880005,0.0,0.0,0.0,0.0,0.0,0.0,0.61389977,0.0,1.6375389,0.0,1.395841,0.6672425,0.2293545,0.0,0.0,0.0,0.0,0.0,0.0,0.78304565,0.0,0.0,0.0,0.5712116,0.0,0.0,0.0,0.27036792,1.5659904,1.7920178,1.9855579,0.44420096,0.0,0.0,0.0,0.0,0.0,0.0,0.0,0.0,0.0,1.9059786,0.0,0.0,0.0,0.0,1.5931276,0.0,0.3810839,0.0,0.0,0.7520696,3.3130171,1.6194675,0.49241042,1.4997326,0.22615881,0.716148,0.0,0.0,0.0,1.5989062,0.0,1.2022488,0.0,0.0,0.032369036,0.69677174,0.0,0.0,0.0,0.2657537,0.0,0.0,0.2117019,0.0,0.0,0.66398233,0.0,0.0,0.0,2.2438626,0.0,0.0,0.41828224,0.003514488,1.4659961,0.0,0.0,0.0,0.0,0.0,0.0,2.031785,0.0,0.0,0.0,0.41440138,0.0,0.643893,0.0,2.4617736,0.52671313,0.66104734,2.1401951,0.0,0.23597394,0.0,0.65128297,0.6920097,0.0,0.0,0.0,0.67771995,0.0,0.0,0.0,0.14577955,0.0,6,6,0.84131426,metal,metal
0.0,0.0,0.0,0.83247936,0.3103496,0.0,2.1509264,1.1673018,0.4701529,0.0,0.0,0.026997173,0.0,0.0,0.0,0.6689401,0.0,1.4544697,0.0,1.7473844,0.5936986,0.2573493,0.0,0.0,0.22331537,0.0,0.0,0.0,1.0886819,0.0,0.0,0.0,0.7237162,0.0,0.0,0.0,0.36329705,1.3577329,1.7227627,1.721017,0.63011104,0.0,0.0,0.0,0.0,0.0,0.0,0.0,0.0,0.0,1.7664175,0.0,0.0,0.0,0.0,1.7967207,0.0,0.64383686,0.0,0.0,0.9025935,3.3738406,1.4686437,0.62268186,1.6118981,0.10977589,0.2827162,0.0,0.0,0.0,1.2110416,0.0,0.96705836,0.0,0.0,0.4750098,0.5576277,0.0,0.0,0.0,0.42459315,0.0,0.0,0.20631537,0.0,0.0,0.65985763,0.0,0.0,0.0,1.8091499,0.0,0.0,0.35429677,0.0,1.6638316,0.0,0.0,0.0,0.0,0.0,0.0,1.5715986,0.0,0.0,0.0,0.53053284,0.0,0.70056325,0.21254568,2.5006292,0.5202662,0.7244921,1.8281823,0.0,0.0,0.0,0.38604778,0.29886368,0.0,0.0,0.0,0.6019137,0.0,0.0,0.0,0.0,0.0,6,6,0.89364374,metal,metal
0.0,0.0,0.0,0.72340596,0.90148807,0.0,1.8021424,1.2522247,0.04031938,0.28994566,0.0,0.0,0.0,0.0,0.0,0.003453879,0.0,2.173381,0.0,1.5497564,0.57601494,1.0006812,0.0,0.0,0.0,0.0,0.0,0.0,0.5686912,0.0,0.0,0.0,0.56660616,0.0,0.0,0.0,0.0,0.9098026,1.8984392,2.1366293,0.52643895,0.0,0.0,0.0,0.0,0.0,0.0,0.0,0.0,0.0,0.8943322,0.0,0.0,0.0,0.0,1.7838947,0.487367,0.71698064,0.0,0.0,0.2787985,2.6693087,1.6586945,0.38483128,1.3350195,0.4873179,0.5717375,0.0,0.0,0.0,1.0520796,0.0,0.6530189,0.0,0.0,0.10155729,0.5406605,0.04647715,0.0,0.0,0.0,0.0,0.0,0.0,0.0,0.0,0.69241,0.0,0.0,0.0,2.162767,0.0,0.0,0.6134887,0.49566686,1.2903862,0.0,0.0,0.0,0.0,0.0,0.0,1.5933332,0.22343515,0.0,0.0,0.6945347,0.0,0.9251638,0.0,2.739128,0.3312012,0.8107145,2.6719646,0.0,0.470186,0.0,0.12639545,0.40313318,0.0,0.0,0.0,0.0,0.0,0.0,0.0,0.0,0.0,6,6,0.72667086,metal,metal
0.0,0.0,0.0,0.89371324,0.77848184,0.75026613,1.3210309,1.0807179,0.0,0.8992293,0.0,0.0,0.0,0.0,0.0,0.0,0.0,2.530338,0.0,0.26197737,1.917935,0.77322036,0.0,0.0,0.0,0.0,0.0,0.0,1.4555931,0.0,0.0,0.0,0.6003749,0.0,0.0,0.0,0.0,0.4222738,1.0852305,1.6827404,1.0696886,0.0,0.41954643,0.0,0.0,0.0,0.0,0.009007841,0.0,0.0,0.45549116,0.0,0.0,0.0,0.0,0.8158881,0.50003356,1.9247462,0.0,0.0,0.0,1.3949037,0.6143151,0.6053979,0.2942703,0.16112329,0.78404766,0.0,0.0,0.0,1.1311262,0.0,0.0,0.0,0.13782899,0.0,0.60126466,0.06898769,0.27891695,0.0,0.0,0.0,0.0,1.0886967,0.0,0.0,0.887093,0.0,0.0,0.0,1.2821077,0.0,0.0,0.53513193,1.1759946,0.065836996,0.0,0.0,0.0,0.28132114,0.0,0.0,0.9182231,0.41848418,0.0,0.0,0.92233753,0.0,1.7831607,0.0,2.058173,0.04894691,0.30122513,2.5376418,0.0,0.0,0.0,0.0,0.4800574,0.0,0.0,0.18022826,0.0,0.0,0.0,0.0,0.0,0.0,6,9,0.5458785,metal,rock
0.4151707,0.0,0.55072504,0.20745149,0.0,0.0,0.0,0.111902796,0.550233,0.0,0.2569639,0.0,0.0,0.0,0.0,0.21332237,0.78875124,2.63425,0.0,0.48744678,1.0172244,2.0139248,0.0,0.47578505,0.7820228,0.0,0.33425948,0.0,0.0,0.0,0.43400753,0.0,0.2626103,0.0,0.25069183,0.0,0.10677005,0.0,0.0,1.3641953,1.8510258,0.0,0.11603882,0.44068298,0.0,0.0,1.1314296,0.0,0.0,0.0,0.0,0.0,0.0,0.0,0.0,2.5479622,0.0,1.3988593,0.0,0.0,0.0,1.0542098,2.2672036,1.3297163,0.0,1.9674724,2.118134,0.0,0.0,0.42675933,0.3042861,0.0,0.5377027,1.1415687,1.1865473,0.0,2.1234143,0.0,0.0,0.0,0.794597,0.0,0.0,0.52590394,0.0,0.0,0.21166164,0.0,0.0,0.0,1.3205019,0.0,1.135052,0.0,2.3030639,0.8392973,0.39256158,1.4790897,0.75892264,0.0,0.0,0.0,0.0,0.0,0.0,0.0,0.0,0.0,0.26074177,0.0,2.5109806,0.50598073,1.1917393,1.9390754,0.0,0.0,0.0,0.0,0.0,0.0,0.0,0.21622173,0.0,0.0,0.0,0.0,0.0,0.0,6,4,0.969802,metal,hiphop
0.0,0.0,0.0,0.0,0.11955475,0.0,0.44839677,0.49110585,0.15699244,0.0,0.0,0.032056138,0.0,0.0,0.0,0.0922343,0.0,1.301633,0.0,0.76309854,0.82967156,0.45316565,0.0,0.0,0.0,0.0,0.0,0.0,0.0,0.0,0.0,0.0,0.4234114,0.0,0.026385814,0.0,0.61655813,0.121201776,0.35221526,0.5199253,1.1440718,0.0,0.0,0.0,0.0,0.0,0.0,0.0,0.0,0.0,0.0,0.0,0.0,0.0,0.0,1.990139,0.0,1.2353133,0.0,0.0,0.36312953,1.6859015,1.6099974,0.0,0.43080017,1.1857439,0.9667237,0.0,0.0,0.050681595,0.47258005,0.0,0.78105646,0.0,0.35003915,0.0,1.2937765,0.0,0.0,0.0,0.1079623,0.0,0.0,1.0632381,0.0,0.0,0.0,0.0,0.0,0.0,1.8891524,0.0,0.30957818,0.0,0.93660027,0.30795723,0.07827676,0.0,0.0,0.0,0.0,0.046381176,0.22192712,0.0,0.0,0.0,0.0,0.0,0.0,0.0,2.136527,0.8183588,0.759454,1.1547316,0.0,0.76781213,0.0,0.0,0.0,0.0,0.0,0.0,0.31584197,0.0,0.0,0.0,0.0,0.0,6,4,0.5885971,metal,hiphop
0.0,0.0,0.0,0.33962542,0.6787983,0.0,2.0199594,0.7396616,0.0,0.0,0.0,0.8342899,0.0,0.0,0.0,0.5712861,0.0,0.51710916,0.0,1.1240766,0.037129574,0.0,0.0,0.0,0.0,0.0,0.0,0.0,0.0,0.0,0.0,0.0,0.72233427,0.0,0.30051434,0.0,1.7023036,0.5227968,1.5741419,0.25415996,0.22693764,0.0,0.0,0.0,0.0,0.2156382,0.0,0.0,0.0,0.0,0.9870641,0.0,0.0,0.0,0.0,1.9276029,0.0,0.3410049,0.0,0.0,1.0346897,2.6978297,1.679093,0.0,1.3930463,0.570639,0.17976756,0.0,0.0,0.18456468,0.99685675,0.0,0.87543136,0.0,0.0,0.0,0.7553418,0.0,0.0,0.0,0.021975756,0.0,0.0,1.0580487,0.35651413,0.0,0.0,0.0,0.4897285,0.0,1.7955265,0.0,0.0,0.6151285,0.0,0.1896396,0.0,0.0,0.0,0.0,0.0,0.22260746,2.1898997,0.76036745,0.0,0.0,0.0,0.0,0.0,0.0,2.480891,0.9129224,0.4949191,1.2889891,0.0,0.92801076,0.0,0.3952402,0.0,0.0,0.0,0.0,0.83395934,0.0,0.13988325,0.0,0.6070634,0.0,6,6,0.64592993,metal,metal
0.0,0.0,0.0,0.4073416,0.70187956,0.0,2.618162,0.7496008,0.15993915,0.0,0.0,1.0358489,0.0,0.0,0.0,0.7096728,0.0,0.8841095,0.0,0.93744916,0.0,0.0,0.0,0.0,0.0,0.0,0.0,0.0,0.0,0.0,0.0,0.0,0.7706968,0.0,0.0,0.0,1.2266783,0.6531416,1.5571067,0.38723275,0.0,0.0,0.0,0.0,0.13361678,0.0,0.0,0.0,0.0,0.0,1.5922043,0.0,0.0,0.0,0.0,1.50581,0.0,0.19342588,0.0,0.0,1.180431,2.3921516,0.96595734,0.329863,0.8237371,0.67333823,0.0,0.0,0.0,0.0,0.6621493,0.0,0.36284325,0.0,0.0,0.11800036,0.32324177,0.0,0.0,0.0,0.0,0.0,0.0,0.6318248,0.10343475,0.0,0.0,0.0,0.49179596,0.0,1.6410444,0.0,0.0,0.5775131,0.0,0.2634527,0.0,0.0,0.0,0.0,0.0,0.1269557,3.0032551,0.70393604,0.0,0.0,0.0,0.0,0.0,0.0,3.0465815,1.1273291,0.46974578,1.3374937,0.0,0.56301755,0.0,0.23287944,0.0,0.0,0.0,0.0,0.7674987,0.0,0.1020913,0.0,0.5903325,0.0,6,6,0.75263584,metal,metal
0.0,0.0,0.0,0.35441,1.1288083,0.0,3.0309196,0.84709805,0.55070394,0.0,0.0,0.9530353,0.0,0.0,0.0,0.6544076,0.0,0.98204446,0.0,0.8711172,0.0,0.0,0.0,0.0,0.0,0.0,0.0,0.0,0.0,0.0,0.0,0.0,0.76789075,0.0,0.0,0.0,1.3696556,1.0286573,2.0981755,0.7635016,0.0,0.0,0.0,0.0,0.26936218,0.0,0.0,0.0,0.0,0.0,1.8748959,0.0,0.0,0.0,0.0,1.8294646,0.0,0.0,0.0,0.0,1.3214588,2.674689,1.1410463,0.24822415,1.3141707,0.6650826,0.22137858,0.0,0.0,0.0,0.8450945,0.0,0.7599839,0.0,0.0,0.12436796,0.22407274,0.0,0.0,0.0,0.0,0.0,0.0,0.37869608,0.49737823,0.0,0.0,0.0,0.38514298,0.0,1.8611695,0.0,0.0,0.8130182,0.0,0.6232826,0.0,0.0,0.0,0.0,0.0,0.044474423,3.265329,0.4269018,0.0,0.0,0.16650066,0.0,0.0,0.0,3.1952326,1.0025067,0.47956043,1.2027339,0.0,0.9416019,0.0,0.63628376,0.0,0.0,0.0,0.0,0.8864163,0.0,0.5374922,0.0,0.44462886,0.0,6,6,0.81836486,metal,metal
0.5584677,0.0,0.0,0.0,0.0,0.0,0.0,0.59199476,0.8385041,0.0,0.0,0.0,0.0,0.0,0.0,0.0,0.0,0.0,0.0,0.5758374,1.6253897,0.0,0.0,0.0,0.0,0.0,1.4442394,0.0,1.19694,0.0,0.094344564,0.0,0.0,0.0,0.0,0.0,2.255402,0.0,0.0,0.0,2.3271437,0.0,0.40764445,0.0,0.0,0.0,0.0,1.6671983,0.0,0.0,0.0,0.095649235,0.0,0.0,0.0,0.61233926,0.0,3.462779,0.0,1.0987465,0.0,0.7920148,0.0,1.4278055,0.0,0.5506027,0.0,0.0,0.0,0.0,1.0838197,0.0,0.48007432,1.7103962,0.0,0.0,0.0,0.20745692,0.56797725,0.0,0.0,0.34104306,0.0,2.9780896,0.0,0.8376405,1.9390129,0.0,0.0,0.5502425,0.0,1.3265141,0.0,0.0,0.0,0.0,0.0,0.0,0.0,0.7083019,2.1778436,1.0404024,0.0,0.3592088,0.0,0.466951,0.0,0.0,0.5412957,0.0,0.0,1.1471698,0.12196286,0.79592526,2.3245687,0.0,0.0,0.0,0.0,0.0,0.0,0.84409624,0.9462256,0.0,0.0,3.0130212,0.0,0.0,7,7,0.95619303,pop,pop
0.48476472,0.0,0.0,0.0,0.0,0.0,0.0,0.6531635,0.6785749,0.0,0.0,0.0,0.0,0.0,0.0,0.18958323,0.0,0.0,0.0,0.57393104,1.2707789,0.0,0.0,0.000564022,0.0,0.0,1.6775054,0.0,1.1907693,0.0,0.17464653,0.0,0.0,0.0,0.0,0.0,1.9778527,0.0,0.0,0.0,2.163401,0.0,0.0,0.0,0.0,0.0,0.0,1.4604418,0.0,0.0,0.0,0.122164525,0.0,0.025005199,0.0,0.77703875,0.0,3.2546332,0.0,0.91770566,0.0,0.47392565,0.0,1.0566734,0.0,0.5844059,0.0,0.0,0.0,0.0,1.0353563,0.0,0.41040632,1.6085223,0.0,0.0,0.0,0.2945647,1.0392203,0.0,0.0,0.039339527,0.0,2.689683,0.0,0.8763097,1.9718004,0.0,0.0,0.702154,0.0,0.9578388,0.0,0.0,0.0,0.0,0.0,0.0,0.0,0.7356474,2.2313635,1.2399676,0.0,0.58322203,0.0,0.27739632,0.0,0.0,0.4195972,0.0,0.0,1.0802639,0.28157765,0.77978265,1.9507282,0.0,0.0,0.0,0.0,0.0,0.0,0.9218677,0.945418,0.0,0.0,2.8266058,0.0,0.0,7,7,0.9344194,pop,pop
0.9761708,0.0,0.0,0.055046607,0.0,0.0,0.0,0.76514494,0.3556258,0.0,0.0,0.0,0.0,0.0,0.0,0.0,0.0,0.08120843,0.0,0.4982916,1.3181173,0.0,0.0,0.5074779,0.0,0.0,1.3718731,0.0,1.4734062,0.1455928,0.0,0.0,0.0,0.0,0.0,0.0,2.36037,0.0,0.0,0.0,2.2592735,0.0,0.0,0.0,0.0,0.0,0.0,2.3385627,0.0,0.0,0.0,0.29210028,0.0,0.0,0.17742826,0.64697665,0.0,3.5029383,0.0,1.0091054,0.0,0.71913546,0.0,1.1040441,0.0,0.34390235,0.19789776,0.0,0.0,0.0,1.7178495,0.0,0.0,1.3846136,0.0,0.0,0.0,0.044764146,1.5774943,0.0,0.0,0.0,0.0,3.2917228,0.0,0.6088855,2.0496821,0.0,0.0,0.5718874,0.0,1.3234587,0.0,0.0,0.0,0.0,0.0,0.0,0.0,0.35693637,2.4490097,1.7417467,0.0,0.38979116,0.0,0.660207,0.0,0.0,0.5625718,0.0,0.0,0.8284829,0.022441758,1.0450146,1.8886596,0.0,0.0,0.0,0.049774066,0.0,0.0,0.87526786,0.99193823,0.0,0.0,3.234191,0.0,0.0,7,7,0.9451347,pop,pop
0.4628025,0.0,0.0,0.14580171,0.0,0.0,0.0,0.75213957,0.93640774,0.0,0.0,0.0,0.0,0.0,0.0,0.0,0.03224629,0.5807487,0.0,0.7648571,1.0006136,0.0,0.0,0.5380457,0.0,0.0,1.2590904,0.0,1.3628848,0.5092092,0.06116902,0.0,0.0,0.0,0.0,0.0,2.4586403,0.0,0.0,0.0,2.6382062,0.0,0.0,0.0,0.0,0.0,0.0,2.8094547,0.0,0.0,0.0,0.044931643,0.0,0.0,0.14187479,0.4901597,0.0,2.8883476,0.0,1.0168548,0.0,1.4548028,0.0,1.0476816,0.0,0.4134409,0.23644604,0.0,0.0,0.0,2.261236,0.0,0.0,1.6163266,0.0,0.33630028,0.0,0.61910933,1.890818,0.0,0.0,0.0,0.0,3.5632408,0.0,0.71327204,2.5061336,0.0,0.0,1.154727,0.5323879,1.3759815,0.0,0.7195977,0.0,0.0,0.0,0.0,0.0,0.30298325,2.092134,2.6612804,0.0,0.60511184,0.0,0.0,0.0,0.279104,0.49206173,0.0,0.26887137,0.6776426,0.0,1.6253932,1.8609614,0.0,0.0,0.0,0.9442931,0.0,0.0,0.6186258,0.89639914,0.0,0.0,3.2572174,0.0,0.0,7,7,0.9347211,pop,pop
0.0,0.0,0.0,0.0,0.0,0.0,0.0,0.5487357,1.7746615,0.0,0.0,0.0,0.0,0.0,0.0,0.0,0.0,0.74060076,0.0,0.2732159,0.09088838,0.44789264,0.0,0.62834877,0.0,0.0,2.1614926,0.0,1.0264335,0.22693828,0.0,0.0,0.0,0.0,0.0,0.0,2.067674,0.0,0.0,0.0,2.2494419,0.0,0.0,0.0,0.0,0.0,0.0,1.8062011,0.0,0.0,0.033367816,0.0,0.0,0.34857804,0.021671923,0.27649996,0.0,1.8501115,0.0,1.0556808,0.0,1.6257182,0.0,0.809644,0.0,0.28133112,0.0,0.0,0.0,0.0,1.4016559,0.0,0.26484516,1.8215714,0.0,0.98723924,0.0,0.30449328,1.268039,0.0,0.0,0.35139108,0.0,3.1160612,0.0,0.83947206,2.7498868,0.0,0.0,1.0646147,0.5180654,0.7129849,0.2250563,0.13416982,0.0,0.0,0.0,0.0,0.056377493,0.404482,2.461394,2.2074478,0.0,1.0139225,0.0,0.0,0.0,0.9276415,0.24728663,0.0,0.80306226,0.27292418,0.3839447,0.5405758,1.7872111,0.0,0.0,0.0,0.27937502,0.0,0.0,1.0052692,1.1358755,0.0,0.0,3.2417362,0.0,0.0,7,7,0.8571717,pop,pop
0.0,0.0,0.0,0.0,0.0,0.0,0.0,0.7996496,0.0,0.0,0.0,0.0,0.0,0.0,0.0,1.0153714,0.5702656,0.18171571,0.0,1.7801589,0.6320235,0.0,0.0,0.5587871,0.0,0.0,1.2389871,0.0,1.5761178,0.0,0.469361,0.0,0.0,0.0,0.0,0.0,2.3926613,0.0,0.0,0.0,2.508764,0.0,0.0,0.0,0.0,0.0,0.0,2.3952897,0.0,0.0,0.27618602,0.019296963,0.0,0.0,0.0,0.915974,0.0,1.663026,0.0,1.0132113,0.21566342,2.912663,0.0,1.5879487,0.0,0.0,0.6023099,0.0,0.0,0.0,0.80402637,0.0,0.0,2.3179684,0.0,0.18131538,1.0038743,0.0,0.9931616,0.0,0.0,0.072716355,0.0,3.3990452,0.0,0.83237106,3.0573213,0.0,0.0,0.10731365,0.50050896,1.2487841,1.9254806,0.0,0.0,0.0,0.0,0.0,1.9328175,0.0,1.5771104,1.125655,0.0,0.56263095,0.0,0.52476096,0.0,0.14712517,0.89020276,0.0,0.57216775,0.84200543,0.4390277,0.30525872,1.9656465,0.0,0.0,0.0,0.1969712,0.0,0.0,0.8101215,0.0068950513,0.0,0.0,2.0710351,0.0,0.0,7,7,0.9353108,pop,pop
0.122791596,0.0,0.0,0.0,0.0,0.0,0.0,1.1511439,0.0,0.0,0.0,0.0,0.0,0.0,0.0,0.9098169,0.76845956,0.0,0.0,1.6162673,1.0525094,0.0,0.0,0.1905177,0.05084455,0.0,1.3698866,0.0,1.6033784,0.0,0.8850127,0.0,0.0,0.0,0.0,0.0,2.9902205,0.0,0.0,0.0,2.3211207,0.0,0.0,0.0,0.0,0.0,0.0,2.3106523,0.0,0.0,0.0,0.15029848,0.0,0.0,0.0,0.5893853,0.0,1.8229963,0.0,1.0692677,0.0,2.7673495,0.0,1.0830301,0.0,0.11730733,0.7337178,0.0,0.0,0.0,0.9838968,0.0,0.0,2.3835816,0.0,0.0,1.032094,0.0,0.65533924,0.0,0.0,0.35192996,0.0,3.684865,0.0,0.72894496,3.0523303,0.0,0.0,0.0,0.7390289,1.5798987,1.8917665,0.0,0.0,0.0,0.0,0.0,1.9811983,0.0,1.4340706,1.2781442,0.0,0.8823318,0.0,0.642652,0.0,0.0,0.0,0.0,0.37536842,1.2536412,0.31280303,0.29012495,1.7889844,0.0,0.0,0.0,0.32752877,0.0,0.0,1.1141014,0.0,0.5960056,0.0,2.2299857,0.0,0.0,7,7,0.9668342,pop,pop
0.24065822,0.0,0.0,0.0,0.0,0.0,0.0,1.2489021,0.0,0.0,0.0,0.0,0.0,0.0,0.0,0.9364522,0.8538954,0.0026372937,0.0,1.3770523,1.1331165,0.0,0.0,0.21606189,0.015629156,0.0,1.0542327,0.0,1.1888803,0.0,0.9301617,0.0,0.0,0.0,0.0,0.0,2.8743637,0.0,0.0,0.0,2.1750932,0.0,0.0,0.0,0.0,0.0,0.0,2.3789363,0.0,0.0,0.0,0.4288082,0.0,0.0,0.0,0.2937076,0.0,1.7406365,0.0,1.0196874,0.0,2.275426,0.0,1.4174408,0.0,0.3688548,0.7756276,0.0,0.0,0.0,0.7015715,0.0,0.0,2.2869318,0.0,0.0,1.2039614,0.0,0.5559126,0.0,0.0,0.26720923,0.0,3.6487262,0.0,0.4402763,2.625221,0.0,0.0,0.0,0.4736546,1.2610581,1.913801,0.0,0.0,0.0,0.0,0.08456794,2.0568829,0.0,1.650491,1.2711241,0.0,1.0262549,0.0,1.0513178,0.0,0.0,0.052161045,0.0,0.4838853,1.2152722,0.40211678,0.022347324,1.36676,0.0,0.0,0.0,0.08635919,0.0,0.0,1.4541423,0.0,0.2681741,0.0,2.312591,0.0,0.0,7,7,0.9339956,pop,pop
0.0,0.0,0.0,0.0,0.0,0.0,0.0,0.71349585,0.14559744,0.0,0.0,0.0,0.0,0.0,0.0,1.0620527,0.5473286,0.11916578,0.0,1.2857208,0.7796491,0.0,0.0,0.17672017,0.0,0.0,1.1208935,0.0,1.2199699,0.0,0.45699707,0.0,0.0,0.0,0.0,0.0,2.1477616,0.0,0.0,0.0,2.2043457,0.0,0.0,0.0,0.0,0.0,0.0,1.8369138,0.0,0.0,0.0,0.30329704,0.0,0.0,0.0,0.3744369,0.0,1.6618872,0.0,0.8838374,0.0,2.488055,0.0,1.4384629,0.0,0.45577508,0.71088004,0.0,0.0,0.0,0.7850508,0.0,0.0,2.1761968,0.0,0.20483223,0.9324855,0.0,0.65519994,0.0,0.0,0.0,0.0,2.7207296,0.0,0.73818356,2.7344725,0.0,0.0,0.16720273,0.53029656,1.1532314,1.7012972,0.0,0.0,0.0,0.0,0.0,1.6796378,0.0,1.6310856,0.9672565,0.0,0.5141682,0.0,0.04880319,0.0,0.07143537,0.41879347,0.0,0.6798577,1.0451297,0.24049757,0.10484845,1.3669357,0.0,0.0,0.0,0.24417077,0.0,0.0,1.3174005,0.0,0.17727844,0.0,2.2273078,0.0,0.0,7,7,0.8989326,pop,pop
0.0,0.0,0.0,0.0,0.0,0.0,0.0,0.90242416,0.43571258,0.0,0.0,0.311574,0.0,0.0,0.0,1.5045854,0.6219927,0.43518692,0.0,1.9685268,0.62076783,0.0,0.0,0.2677431,0.0,0.0,1.5780102,0.0,1.4817883,0.0,0.0,0.0,0.0,0.0,0.0,0.0,2.1151266,0.0,0.0,0.35534847,2.0286202,0.0,0.0,0.0,0.0,0.0,0.0,1.7315454,0.0,0.0,0.0,0.0,0.0,0.0,0.0,0.612731,0.0,1.5721891,0.0,1.047158,0.0,2.728175,0.0,1.2556597,0.0,0.37326503,0.47377285,0.0,0.0,0.0,0.393051,0.0,0.0,2.0863035,0.0,0.39717227,0.91348344,0.0,0.7365274,0.0,0.0,0.0,0.0,2.298924,0.0,0.85506165,3.3084674,0.0,0.0,0.34992597,0.5829242,1.5420322,2.129291,0.0,0.0,0.0,0.0,0.0,2.309492,0.0,1.8376747,0.9538369,0.0,1.0408244,0.0,0.0,0.0,0.07406819,0.8357428,0.0,1.1608163,0.96165013,0.2842657,0.36167824,1.0474066,0.0,0.0,0.0,0.5671234,0.0,0.0,1.2728685,0.0,0.24912892,0.0,1.9706928,0.0,0.0,7,7,0.9028351,pop,pop
0.0,0.0,0.0,0.0,0.0,0.0,0.0,0.69738394,0.28042546,0.0,0.0,0.018695422,0.0,0.0,0.0,1.02511,0.0,0.37545925,0.0,1.287741,0.79444987,0.0,0.0,0.59503937,0.0,0.0,1.6233274,0.0,1.3653557,0.0,0.35580248,0.0,0.0,0.0,0.0,0.0,1.8245361,0.0,0.0,0.34392107,2.4151497,0.0,0.06928613,0.0,0.0,0.0,0.0,1.7556196,0.0,0.0,0.0,0.0,0.0,0.0,0.0,0.56423676,0.0,1.6011238,0.0,0.43730056,0.0,1.8365715,0.0,1.8201476,0.0,0.8122107,0.20223735,0.0,0.0,0.0,0.626869,0.0,0.0,1.9108547,0.0,0.28614205,0.84816796,0.0,0.88631713,0.0,0.0,0.0,0.0,2.428771,0.0,0.80741745,2.928503,0.0,0.0,0.40719417,0.0,0.8868711,2.2981868,0.0,0.0,0.0,0.0,0.0,2.1596174,0.0,2.0051916,0.34393612,0.0,0.71810514,0.0,0.0,0.0,0.0,0.9174065,0.0,0.78345144,1.0937482,0.13709986,0.24202494,0.88172024,0.0,0.0,0.0,0.0,0.0,0.0,0.7991525,0.0,0.0,0.0,1.7831551,0.0,0.0,7,7,0.81898636,pop,pop
0.8258421,0.0,0.0,0.0,0.0,0.0,0.0,0.8488077,1.1182024,0.0,0.0,0.28670275,0.0,0.0,0.0,0.7493759,0.0,1.0356716,0.0,0.4735836,0.6217978,0.07126005,0.0,1.2866349,0.038502112,0.0,1.703094,0.0,0.40910748,0.0,0.46459258,0.0,0.0,0.0,0.0,0.0,1.8862243,0.0,0.0,0.32149014,2.4330251,0.0,0.0,0.0,0.0,0.0,0.0,1.7680782,0.0,0.0,0.0,0.0,0.0,0.0,0.0,0.04142645,0.0,1.2771279,0.0,0.0,0.057512116,1.5163726,0.0,1.9835224,0.0,0.8221009,1.2234102,0.0,0.0,0.0,0.2728775,0.0,0.0,1.6854929,0.0,0.39213613,1.4457672,0.0,1.0251497,0.0,0.0,0.0,0.0,2.3426614,0.0,0.7716794,3.2366312,0.0,0.0,0.05985609,0.07911039,0.0,2.7519326,0.0,0.0,0.7283939,0.0,0.5037505,2.5166748,0.0,2.3403764,0.44335073,0.0,0.9388968,0.0,0.018601913,0.0,0.26910406,0.6482471,0.0,1.4754115,0.9270743,0.6259266,0.0,0.993755,0.0,0.0,0.0,0.0,0.0,0.0,1.4372817,0.0,0.0,0.0,2.0546029,0.0,0.0,7,3,0.77272713,pop,disco
0.26411626,0.0,0.0,0.0,0.0,0.0,0.0,1.255036,1.4362746,0.0,0.0,1.037188,0.0,0.0,0.0,0.8654983,0.0,1.2532126,0.0,0.33927888,0.37797108,0.06930259,0.0,1.1357975,0.0,0.0,1.9891412,0.0,0.042140797,0.0,0.38173002,0.0,0.0,0.0,0.0,0.0,2.0247653,0.0,0.0,0.35122567,2.0543525,0.0,0.0,0.42551732,0.0,0.0,0.0,1.4326842,0.0,0.0,0.0,0.0,0.0,0.0,0.0,0.0,0.0,0.99089503,0.0,0.41662917,0.16879833,1.8290744,0.0,1.8524697,0.0,0.74604964,2.0831654,0.0,0.0,0.0,0.0,0.0,0.0,1.827283,0.0,0.33496752,2.0249636,0.005459086,1.0408196,0.0,0.0,0.0,0.0,2.393512,0.0,0.38263747,3.0108583,0.0,0.0,0.0,0.5904459,0.0,3.10381,0.0,0.10346693,0.8460341,0.0,0.8762486,3.0700688,0.0,2.5779104,0.46763664,0.0,1.3399254,0.0,0.1812676,0.0,0.37521005,0.32449773,0.0,2.1827128,0.9436232,1.018162,0.0,1.0836207,0.0,0.0,0.0,0.0,0.0,0.0,1.9058651,0.0,0.0,0.0,1.9478612,0.0,0.0,7,3,0.8780336,pop,disco
0.5199384,0.0,0.0,0.0,0.0,0.0,0.0,0.8982043,1.2612193,0.0,0.0,0.791686,0.0,0.0,0.0,1.1080537,0.0,1.221398,0.0,0.08495407,0.3599563,0.19638762,0.0,1.2202234,0.06576663,0.0,1.9295146,0.0,0.0,0.0,0.0,0.0,0.0,0.0,0.0,0.0,1.7576004,0.0,0.0,0.61745167,1.9193022,0.0,0.0,0.0,0.0,0.0,0.21066238,1.3342896,0.0,0.0,0.09394545,0.0,0.0,0.0,0.0,0.0,0.0,1.0685894,0.0,0.20955777,0.35232255,1.7349019,0.0,1.9939975,0.0,0.4352518,2.1000395,0.0,0.0,0.0,0.0,0.0,0.0,1.8505561,0.0,0.35389984,2.3292298,0.097776674,1.0848731,0.0,0.0,0.0,0.0,2.1137252,0.0,0.32055864,2.983517,0.0,0.0,0.0,0.4648614,0.0,3.0323212,0.0,0.0,1.0784954,0.0,1.1443806,2.9643128,0.0,2.601084,0.0,0.0,1.3256239,0.0,0.24214654,0.0,0.32021776,0.71823317,0.0,1.9167501,0.7350701,1.100494,0.0,1.0150175,0.0,0.0,0.0,0.0,0.0,0.0,1.8816822,0.0,0.0,0.0,1.7683926,0.0,0.0,7,3,0.93127555,pop,disco
1.8642646,0.0,0.0,0.0,0.0,0.0,0.0,0.3140347,0.0,0.0,0.0,0.0,0.0,0.0,0.0,0.0,0.20341387,0.43354625,0.0,0.5540557,1.4442486,0.0,0.0,0.9314385,0.0,0.0,0.013841738,0.0,0.57938755,0.0,0.59060645,0.0,0.0,0.0,0.0,0.0,0.6389314,0.0,0.0,0.37608755,1.8368831,0.0,0.87965965,0.0,0.0,0.0,0.23973566,1.3126625,0.0,0.0,0.0,0.2819253,0.0,0.0,0.0,0.58174044,0.0,1.6671675,0.0,0.010996511,0.0,0.8521804,0.19951808,0.9067139,0.0,1.1136129,1.4440758,0.0,0.0,0.0,0.64276856,0.0,0.0,0.7514792,0.0,0.0,1.3882166,0.24546269,1.3411058,0.0,0.0,0.0,0.0,2.365069,0.0,0.0,2.0010307,0.0,0.0,0.0,0.4517994,0.0,2.505566,0.0,0.0,0.0,0.0,0.0,1.4019186,0.0,1.0073993,0.0,0.0,0.0,0.0,0.0,0.0,0.0,0.025180437,0.0,0.5269877,0.104847915,0.40015492,0.2608189,1.0952199,0.0,0.0,0.0,0.0,0.0,0.0,0.65270144,0.0,0.0,0.0,1.2492548,0.0,0.0,7,3,0.30765212,pop,disco
0.2959929,0.0,0.0,0.88555485,0.0,0.0,0.6496765,0.9149022,2.1271203,0.0,0.0,0.8563033,0.0,0.0,0.0,0.38909626,0.0,0.6726379,0.0,0.0,0.0,0.09393269,0.0,1.3134491,0.0,0.0,1.5634085,0.0,0.0,0.0,0.0,0.0,0.28446487,0.0,0.0,0.0,1.1128415,0.0,0.0,0.8506775,0.8895432,0.0,0.0,0.4671192,0.0,0.0,0.0,0.0,0.0,0.0,1.000639,0.0,0.0,0.51769066,0.0,0.0,0.0,0.4820436,0.0,0.0,1.1593257,1.3560601,0.0,0.862595,0.0,0.09312525,0.33637267,0.0,0.24849965,0.0,0.0,1.035558,0.0,0.0,0.0,1.1524156,1.451451,0.0,2.0189998,0.0,0.0,0.0,0.0,1.6392534,1.0111495,0.27913293,2.3942177,0.0,0.0,0.0,0.08714917,0.0,1.3448855,0.0,0.0,1.7573538,0.0,0.072214045,0.62596595,0.0,1.840145,0.0,1.1864102,0.6787122,0.0,0.63473827,0.0,1.5502295,0.757834,0.0,2.0355341,0.12817866,1.5455424,0.0,0.39069685,0.0,0.0,0.30215514,0.0,0.0,0.0,1.9427474,0.0,0.0,0.0,0.8760882,0.0,0.0,7,3,0.9617918,pop,disco
0.0,0.0,0.0,0.34286427,0.0,0.0,0.7838277,1.083932,2.0833044,0.0,0.0,0.89020383,0.0,0.0,0.0,0.49201375,0.0,0.75718313,0.0,0.0,0.0,0.4467365,0.0,1.2635458,0.0,0.0,2.0327132,0.0,0.0,0.0,0.0,0.0,0.011980034,0.0,0.0,0.0,1.3310018,0.0,0.0,0.6808895,1.4568558,0.0,0.0,0.17147614,0.0,0.0,0.0,0.0,0.0,0.0,1.1421849,0.0,0.0,0.21863812,0.0,0.0,0.0,0.4786116,0.0,0.0,0.9956544,1.4531922,0.0,1.3500633,0.0,0.36282867,0.018702365,0.0,0.27965173,0.0,0.0,0.94727427,0.0,0.16458555,0.0,1.1344222,1.3932679,0.0,1.3821385,0.0,0.0,0.0,0.0,1.39391,0.33630592,0.24669266,2.5250816,0.0,0.0,0.0,0.15089056,0.0,1.7467611,0.0,0.0,1.6130708,0.0,0.4748515,0.9642083,0.0,1.8467174,0.0,0.82622427,0.92015153,0.0,0.0,0.0,1.3024796,0.8808015,0.0,2.2705839,0.77375937,1.6791267,0.0,0.43556473,0.0,0.0,0.0,0.0,0.0,0.0,1.9853815,0.0,0.0,0.0,0.79459506,0.0,0.0,7,3,0.96248996,pop,disco
0.0,0.0,0.0,0.7670303,0.0,0.0,0.5854943,0.5961026,2.1019845,0.0,0.0,1.200666,0.0,0.0,0.0,0.5287689,0.0,0.92978436,0.0,0.0,0.0,0.0,0.0,1.3184963,0.0,0.0,1.7436062,0.0,0.0,0.0,0.0,0.0,0.0,0.0,0.0,0.0,1.3113691,0.0,0.0,0.8293045,1.2873929,0.0,0.0,0.0,0.0,0.0,0.0,0.0,0.0,0.0,1.5065005,0.0,0.0,0.3722761,0.0,0.0,0.0,0.39783573,0.0,0.0,0.8818953,1.5817355,0.0,1.7548295,0.0,0.47580618,0.06942853,0.0,0.49816158,0.0,0.0,0.87822884,0.0,0.09457784,0.0,1.0439185,1.224807,0.0,1.5767502,0.0,0.0,0.0,0.0,1.7103664,0.5902896,0.58099854,2.570342,0.0,0.0,0.0,0.44296443,0.0,1.4625534,0.0,0.0,1.6516013,0.0,0.35204965,0.5651193,0.0,1.9186348,0.0,1.1100453,1.0659386,0.0,0.25559223,0.0,1.5443416,1.1780797,0.0,2.246009,0.27548802,1.65241,0.0,0.40018559,0.0,0.0,0.0,0.0,0.0,0.0,1.3796095,0.058973126,0.0,0.0,0.94349736,0.0,0.0,7,3,0.9658522,pop,disco
0.0,0.0,0.0,1.205213,0.0,0.0,0.26000097,0.7290848,1.4665567,0.0,0.0,1.361116,0.0,0.0,0.0,0.4721128,0.0,0.95758873,0.0,0.0,0.0058442187,0.0,0.0,0.98951966,0.0,0.0,1.1121831,0.0,0.0,0.0,0.0,0.0,0.0,0.0,0.0,0.0,1.8978003,0.0,0.0,0.30051634,1.1433929,0.0,0.0,0.0,0.0,0.0,0.0,0.008416165,0.0,0.0,1.1171674,0.0,0.0,0.034574706,0.0,0.14794758,0.0,0.6723675,0.0,0.0,0.9715005,1.9466863,0.0,1.2234534,0.0,0.3560892,0.6831716,0.0,0.19981389,0.0,0.0,0.21909311,0.0,0.009717494,0.0,1.068579,1.343732,0.0,1.6011459,0.0,0.0,0.0,0.0,2.1760516,0.36055374,0.054741886,2.1742463,0.0,0.0,0.0,0.6738056,0.5772408,1.3339084,0.0,0.0,1.079708,0.0,0.0,0.2284447,0.07906326,1.6088222,0.0,0.9659087,0.85816705,0.0,0.3844135,0.0,1.2567317,0.7836896,0.0,2.2313697,0.19427872,1.3201975,0.0,0.46387464,0.0,0.0,0.0,0.0,0.0,0.0,1.5256014,0.0,0.0,0.0,1.1439,0.0,0.0,7,3,0.88059926,pop,disco
0.0,0.0,0.0,0.33924338,0.0,0.0,0.0,0.879325,1.4367459,0.0,0.0,0.8367223,0.0,0.0,0.0,0.5791583,0.0,0.7761041,0.0,0.0,0.46740997,0.0,0.0,0.6492095,0.0,0.0,1.3780173,0.0,0.26103166,0.0,0.0,0.0,0.12815665,0.0,0.0,0.0,1.6001251,0.0,0.0,0.569947,1.6624187,0.0,0.0,0.0,0.0,0.0,0.0,0.25901026,0.0,0.0,0.6151778,0.0,0.0,0.0,0.0,0.24214047,0.0,0.7528347,0.0,0.0,0.9821408,1.831429,0.0,1.6053071,0.0,0.19338545,0.7136289,0.0,0.0,0.0,0.0,0.14877991,0.0,0.5385185,0.0,0.82505363,1.1145068,0.0,1.3485382,0.0,0.0,0.0,0.0,1.8859466,0.0,0.80694926,2.6817899,0.0,0.0,0.0,0.18092306,0.27172956,1.7837039,0.0,0.0,0.66621447,0.0,0.22846998,1.1312654,0.016161762,1.5608423,0.0,0.0,0.7219398,0.0,0.0040189214,0.0,1.1053663,0.92064035,0.0,2.0010297,0.80033284,0.9406958,0.0,0.66302425,0.0,0.0,0.0,0.0,0.0,0.0,1.1237785,0.0,0.0,0.0,1.1563789,0.0,0.0,7,3,0.8310788,pop,disco
0.0,0.0,0.0,0.0,0.36045542,0.0,0.0,0.0,0.23431186,0.0022963034,0.0,0.0,0.0,0.0,0.0,0.0,0.0,0.8930019,0.0,1.1197581,0.0,0.9685615,0.0,1.1901754,0.0,0.0,1.4441282,0.0,1.5957432,0.4549458,0.0,0.0,0.0,0.0,0.0,0.0,0.33538973,0.0,0.0,0.0,1.3162737,0.0,0.0,0.0,0.0,0.0,0.0,2.12164,0.0,0.0,0.13932441,0.0,0.0,0.2113335,0.0,0.8176833,0.0,1.3543775,0.0,0.27451745,0.0,0.44214272,0.0,0.81621134,0.0,0.77744424,0.0,0.0,0.0,0.0,2.019369,0.0,0.0,1.3041795,0.0,1.0158271,0.0,0.0,1.7690098,0.0,0.0,0.0,0.0,2.1781268,0.0,1.2680162,1.4983474,0.0,0.0,1.4957274,0.8477554,1.5643258,0.0,0.22695397,0.13178909,0.0,0.0,0.0,0.0,0.09027681,2.2737954,2.2767797,0.0,1.3759085,0.0,0.0,0.0,1.4730908,0.56693816,0.0,0.35336417,0.1304206,0.0,2.061958,1.6278372,0.0,0.0,0.0,1.4379755,0.0,0.0,0.719211,1.3315573,0.0,0.0,2.7069802,0.0,0.0,7,7,0.5602373,pop,pop
0.0,0.0,0.0,0.0,1.0975413,0.0,0.0,0.0,0.0,0.0,0.0,0.0,0.0,0.0,0.0,0.0,0.0,1.4223121,0.0,0.63560414,0.0,1.0516282,0.0,1.5109129,0.0,0.0,0.6238811,0.0,0.8313257,0.07888431,0.0,0.0,0.0,0.0,0.0,0.0,0.5249644,0.0,0.0,0.0,0.98571557,0.0,0.0,0.0,0.0,0.0,0.0,0.8576884,0.0,0.0,0.77604324,0.0,0.0,0.0,0.24089445,0.6774941,0.0,0.6038385,0.0,0.0,0.0,0.62527114,0.0,0.06036276,0.0,0.6185271,0.0,0.0,0.044491027,0.0,1.8870715,0.0,0.0,0.54186106,0.0,1.3956561,0.0,0.6448216,2.5743353,0.0,0.0,0.0,0.0,2.6555037,0.0,0.6217845,1.4700415,0.0,0.0,1.6343302,1.8229784,1.414472,0.0,0.67618275,0.0,0.0,0.0,0.0,0.0,0.0,1.2646435,2.3401105,0.0,1.3311921,0.0,0.0,0.0,1.2809929,0.0,0.0,0.9743718,0.0,0.0,2.0470767,1.2959104,0.0,0.0,0.0,2.0979655,0.0,0.0,0.6012045,0.9912332,0.0,0.0,2.3228939,0.0,0.0,7,9,0.8525909,pop,rock
0.17180306,0.0,0.0,0.0,1.3621536,0.0,0.0,0.0,0.050593935,0.0,0.0,0.0643132,0.0,0.0,0.0,0.0,0.0,1.3829473,0.0,0.47848395,0.0,0.56921786,0.0,1.761826,0.0,0.0,0.71379995,0.0,0.59730023,0.0,0.0,0.0,0.0,0.0,0.33258843,0.0,1.0364832,0.0,0.0,0.0,1.0123276,0.0,0.0,0.0,0.0,0.0,0.0,1.1603969,0.0,0.0,0.92710125,0.017027684,0.0,0.23608078,0.7401796,0.19482733,0.0,0.5893271,0.0,0.0,0.0,0.96268624,0.0,0.0,0.0,0.7114887,0.0,0.0,0.15929939,0.0,1.975948,0.0,0.0,0.29616708,0.0,1.6027995,0.0,0.8079671,2.8174832,0.0,0.0,0.0,0.0,2.9636154,0.15927403,0.5647661,1.1885858,0.0,0.0,1.527798,1.6686894,1.3637598,0.0,0.88359326,0.0,0.0,0.0,0.0,0.0,0.0,1.6213748,3.3098376,0.0,1.5609636,0.0,0.16480023,0.0,1.0912175,0.0,0.0,1.0205435,0.0,0.0,1.3624378,0.9953756,0.0,0.0,0.0,2.0304072,0.0,0.0,0.7160062,1.2685992,0.0,0.0,2.6775768,0.0,0.0,7,9,0.8451505,pop,rock
0.051701088,0.0,0.0,0.0,0.40909895,0.0,0.0,0.0,0.5552716,0.14474787,0.0,0.0,0.0,0.0,0.0,0.0,0.0,0.47037178,0.0,1.1219221,0.0,0.0,0.0,1.0821444,0.0,0.0,0.80127853,0.0,1.5877635,0.0,0.0,0.0,0.0,0.0,0.0,0.0,1.0696154,0.0,0.0,0.0,1.6150373,0.0,0.0,0.0,0.0,0.0,0.0,1.8576604,0.0,0.0,0.13280389,0.0,0.0,0.0,0.41825378,0.8037901,0.0,1.8658394,0.0,0.120915465,0.0,1.3430198,0.0,0.13670065,0.0,0.63404304,0.0,0.0,0.0,0.0,1.9346948,0.0,0.0,0.5632626,0.0,1.1455692,0.0,0.35000122,1.9092546,0.0,0.0,0.0,0.0,3.0882154,0.0,0.9660232,1.7754854,0.0,0.0,1.5456069,1.1222432,1.7937334,0.0,1.2906607,0.0,0.0,0.0,0.0,0.0,0.2836424,1.6088094,2.3705711,0.0,1.510339,0.0,0.0,0.0,0.79641086,0.0,0.0,0.49668992,0.0,0.0,1.2116246,1.8943952,0.0,0.0,0.0,1.7697399,0.0,0.0,0.49231282,1.3283851,0.0,0.0,2.6412716,0.0,0.0,7,7,0.64581037,pop,pop
0.0,0.0,0.0,0.0,0.0,0.0,0.0,1.039247,1.4868817,0.0,0.0,0.0,0.0,0.0,0.0,0.082358435,0.0,0.0,0.0,0.78437334,0.0,0.50679934,0.0,1.0066547,0.0,0.0,1.3947316,0.0,1.2442247,0.0,0.0,0.0,0.0,0.0,0.0,0.0,1.6293817,0.0,0.0,0.0,1.9845046,0.0,0.0,0.0,0.0,0.0,0.0,1.6563298,0.0,0.0,0.17504597,0.0,0.0,0.0,0.19769634,1.1045752,0.0,2.06924,0.0,0.7529453,0.0,1.4814223,0.0,0.69412905,0.0,0.5485519,0.0,0.0,0.0,0.0,1.537202,0.0,0.0,0.62511706,0.0,1.1557767,0.0,0.0,1.6486061,0.0,0.0,0.0,0.0,2.510976,0.0,1.285891,2.4486616,0.0,0.0,0.91440487,0.94368094,1.5824184,0.095932595,0.8891243,0.0,0.0,0.0,0.0,0.0,0.5688843,1.6893351,1.6924207,0.0,0.86805665,0.0,0.0,0.0,1.130805,0.49641657,0.0,0.8378028,0.43305284,0.0,1.1151206,2.4491243,0.0,0.0,0.0,1.0113431,0.0,0.0,0.8016957,1.3264773,0.0,0.0,2.6920667,0.0,0.0,7,7,0.83460516,pop,pop
0.0041732313,0.0,0.0,0.0,0.0,0.0,0.0,0.2051488,0.65722466,0.0,0.0,0.0,0.0,0.0,0.0,0.54238516,0.0,0.0,0.0,0.94588864,0.9055414,0.0,0.0,0.60972184,0.0,0.0,1.3456614,0.0,2.0927289,0.060910307,0.0,0.0,0.0,0.0,0.0,0.0,1.681626,0.0,0.0,0.0,1.4254702,0.0,0.5573331,0.0,0.0,0.0,0.0,1.7281759,0.0,0.0,0.0,0.0,0.0,0.0,0.0,1.0021466,0.0,2.8234868,0.0,1.4569249,0.0,1.720153,0.0,1.1471932,0.0,0.0,0.0,0.0,0.0,0.0,1.2343595,0.0,0.0,1.5201968,0.0,0.0,0.0,0.0,0.6249871,0.0,0.0,0.10196359,0.0,2.1623394,0.0,0.98542273,2.4573686,0.0,0.0,0.06497909,0.0,1.6720475,0.36303312,0.0,0.16416934,0.0,0.0,0.0,0.50936925,0.0,2.4112904,0.19877195,0.0,1.1926504,0.0,0.6250117,0.0,0.5336643,1.0863596,0.0,0.0,0.7493287,0.0,0.6771741,2.18308,0.0,0.0,0.0,0.0,0.0,0.0,0.6122182,1.1313899,0.0,0.0,2.270248,0.0,0.0,7,7,0.9543354,pop,pop
0.0,0.0,0.0,0.0,0.0,0.0,0.0,0.5548179,0.22859558,0.0,0.0,0.0,0.0,0.0,0.0,0.1479489,0.0,0.0,0.0,1.5149853,1.0544666,0.0,0.0,0.06983477,0.0,0.0,1.7228134,0.0,2.3386326,0.30585164,0.0,0.0,0.0,0.0,0.0,0.0,2.3301764,0.0,0.0,0.0,1.2153283,0.0,0.5496031,0.0,0.0,0.0,0.0,2.167255,0.0,0.0,0.0,0.0,0.0,0.0,0.0,0.7498284,0.0,3.398716,0.0,1.9872628,0.0,1.9561876,0.0,1.1500124,0.0,0.0,0.41336292,0.0,0.0,0.0,2.0882418,0.0,0.32188007,2.2056713,0.0,0.0,0.09988116,0.0,0.46407628,0.0,0.0,0.7791165,0.0,2.8936553,0.0,1.0242847,2.394049,0.0,0.0,0.0,0.0,1.961738,0.16675924,0.0,0.0,0.0,0.0,0.0,1.0429575,0.0,2.5025558,1.0587904,0.0,0.86728597,0.0,1.029409,0.0,0.0,0.36315048,0.0,0.0,1.3312076,0.0,0.9675744,2.6279652,0.0,0.0,0.0,0.0,0.0,0.0,0.38279244,1.8950772,0.0,0.0,2.875198,0.0,0.0,7,7,0.99276006,pop,pop
0.0,0.0,0.0,0.0,0.0,0.0,0.0,0.7696518,0.41573283,0.0,0.0,0.0,0.0,0.0,0.0,0.14518684,0.0,0.0,0.0,1.4064837,0.77946794,0.0,0.0,0.18563215,0.0,0.0,1.625105,0.0,2.2465348,0.0,0.0,0.0,0.0,0.0,0.0,0.0,2.149589,0.0,0.0,0.0,1.3767811,0.0,0.14688152,0.0,0.0,0.0,0.0,2.4240305,0.0,0.0,0.0,0.08339072,0.0,0.0,0.0,1.0113413,0.0,3.1834524,0.0,1.4636712,0.0,1.8093556,0.0,1.3388155,0.0,0.0,0.0,0.0,0.0,0.0,2.2442224,0.0,0.0,1.698297,0.0,0.0,0.0,0.0,0.84281486,0.0,0.0,0.21894042,0.0,2.7857158,0.0,0.99190795,2.1715164,0.0,0.0,0.0,0.0,1.708934,0.24554498,0.0,0.0,0.0,0.0,0.0,0.79456663,0.0,2.0431457,1.1736736,0.0,0.72977954,0.0,0.83537257,0.0,0.0,0.523593,0.0,0.0,1.3603728,0.0,0.9332126,2.210998,0.0,0.0,0.0,0.0,0.0,0.0,0.0,1.6701782,0.0,0.0,2.8609283,0.0,0.0,7,7,0.9867356,pop,pop
0.0,0.0,0.0,0.0,0.0,0.0,0.0,0.94578665,0.29168183,0.0,0.0,0.0,0.0,0.0,0.0,0.21491277,0.0,0.0,0.0,1.5661844,0.96928215,0.0,0.0,0.0,0.0,0.0,1.1203071,0.0,2.2664113,0.0,0.0,0.0,0.0,0.0,0.0,0.0,2.1494129,0.0,0.0,0.0,1.6128416,0.0,0.10235619,0.0,0.0,0.0,0.0,2.188382,0.0,0.0,0.0,0.0,0.0,0.0,0.0,1.1976433,0.0,3.0241694,0.0,1.303332,0.0,1.773025,0.0,1.1014874,0.0,0.0,0.0,0.0,0.0,0.0,2.2998261,0.0,0.0,1.4717218,0.0,0.0,0.0,0.0,0.869857,0.0,0.0,0.0,0.0,3.2948952,0.0,0.66628367,2.4596615,0.0,0.0,0.40266773,0.18003361,2.0022817,0.18468094,0.0,0.0,0.0,0.0,0.0,0.0,0.0,1.9682782,1.3261025,0.0,0.74523854,0.0,0.12923886,0.0,0.0,0.7643992,0.0,0.0,1.3571466,0.0,1.4020889,2.0670455,0.0,0.0,0.0,0.26831546,0.0,0.0,0.14905454,1.6066518,0.0,0.0,2.5028048,0.0,0.0,7,7,0.9873581,pop,pop
0.0,0.0,0.0,0.0,0.0,0.0,0.0,0.7516341,0.5295899,0.0,0.0,0.0,0.0,0.0,0.0,0.19375126,0.0,0.0,0.0,1.6766291,0.45163584,0.0,0.0,0.11289193,0.0,0.0,1.5771927,0.0,1.6982777,0.0,0.0,0.0,0.0,0.0,0.0,0.0,2.57298,0.0,0.0,0.0,1.7541741,0.0,0.0,0.0,0.0,0.0,0.0,1.7256666,0.0,0.0,0.0,0.0,0.0,0.0,0.0,1.098512,0.0,2.4435718,0.0,1.0733157,0.0,1.6263516,0.0,1.5102986,0.0,0.586946,0.0,0.0,0.0,0.0,1.7773331,0.0,0.0,1.4791346,0.0,0.0,0.0,0.06002547,0.96374774,0.0,0.0,0.0,0.0,3.3549972,0.0,0.8611594,2.7417743,0.0,0.0,0.37172195,0.31065434,1.9552233,0.55915695,0.0,0.0,0.0,0.0,0.0,0.08608085,0.0,1.7780807,1.396736,0.0,1.3233759,0.0,0.0,0.0,0.0,0.0,0.0,0.6214167,0.9489018,0.19660264,1.2790786,1.9204463,0.0,0.0,0.0,0.21683137,0.0,0.0,0.37045333,1.6636,0.0,0.0,2.5170882,0.0,0.0,7,7,0.9777305,pop,pop
0.7882672,0.0,0.0,0.49600473,0.0,0.0,0.0,0.80031747,0.0,0.0,0.0,0.0,0.0,0.0,0.0,0.0,0.0,0.0,0.0,0.8386794,0.9851673,0.0,0.0,0.5556206,0.0,0.0,0.9032967,0.0,2.1221647,0.0,0.016421556,0.0,0.0,0.0,0.0,0.0,2.0086606,0.0,0.0,0.0,1.839392,0.0,0.0,0.0,0.0,0.0,0.0,2.1387024,0.0,0.0,0.0,0.64215565,0.6960525,0.0,0.4959318,1.3747016,0.0,2.8905885,0.0,0.76126385,0.0,0.95035154,0.0,0.5404976,0.0,0.0,0.0,0.0,0.0,0.0,2.5005624,0.0,0.38036147,1.003508,0.0,0.0,0.0,0.0,1.0440786,0.0,0.0,0.734615,0.0,3.493374,0.0,0.88546675,1.1556913,0.0,0.0,0.47533277,0.0,1.185817,0.0,0.54173714,0.0,0.0,0.0,0.0,0.0,0.52236205,1.8789927,1.7030725,0.0,0.59473395,0.0,0.3536348,0.0,0.0,0.36507916,0.0,0.0,0.98106766,0.0,0.7266408,2.3424466,0.0,0.0,0.0,0.0,0.0,0.0,0.5180012,2.0216,0.0,0.0,3.1318696,0.0,0.0,7,7,0.95969605,pop,pop
0.85719204,0.0,0.0,0.42598316,0.0,0.0,0.0,1.1019782,0.0,0.0,0.0,0.0,0.0,0.0,0.0,0.0,0.0,0.0,0.0,0.8087262,1.246205,0.0,0.0,0.72971356,0.0,0.0,1.264036,0.0,1.9708835,0.0,0.0,0.0,0.0,0.0,0.0,0.0,1.7804304,0.0,0.0,0.0,1.4926226,0.0,0.0,0.0,0.0,0.0,0.0,2.00136,0.0,0.0,0.0,0.10640479,0.0,0.0,0.43260235,1.1501031,0.0,2.9473991,0.0,1.0561829,0.0,0.4162002,0.0,0.9589556,0.0,0.14804281,0.0,0.0,0.0,0.0,1.6857057,0.0,0.0,1.0881011,0.0,0.0,0.0,0.0,0.7216383,0.0,0.0,0.436481,0.0,3.2672663,0.0,0.6127604,0.96902144,0.0,0.0,0.051486436,0.0,0.9802002,0.0,0.073904775,0.0,0.0,0.0,0.0,0.0,0.38896134,1.8851893,1.1442362,0.0,1.097841,0.0,0.6800652,0.0,0.0,0.5664697,0.0,0.0,0.8552183,0.0,0.66222936,1.6509907,0.0,0.0,0.0,0.0,0.0,0.0,0.7699052,1.8536118,0.0,0.0,2.5587907,0.0,0.0,7,7,0.9371281,pop,pop
0.5791264,0.0,0.0,0.0,0.0,0.0,0.0,2.640186,0.8543226,0.0,0.0,0.0,0.0,0.0,0.0,0.15260826,0.0,0.0,0.0,1.4049792,1.1648202,0.0,0.0,0.0,0.0,0.0,1.8543632,0.0,2.0995228,0.0,0.12887827,0.0,0.0,0.0,0.0,0.0,2.7540348,0.0,0.0,0.0,1.8089652,0.0,0.0,0.0,0.0,0.0,0.0,2.8599286,0.0,0.0,0.0,0.5049425,0.0,0.0,0.103309974,1.0774645,0.0,3.5346298,0.0,1.877297,0.0,0.46763778,0.0,1.0891397,0.29417333,0.0,0.0,0.0,0.0,0.0,1.2724246,0.0,0.2401287,2.0632522,0.0,0.0,0.0,0.0,0.0,0.0,0.0,1.0795965,0.0,3.4062839,0.0,1.1261004,1.8637007,0.0,0.0,0.19224209,0.0,0.8998914,0.033545114,0.0,0.0,0.0,0.0,0.0,0.0,0.8449406,1.8805845,1.1940322,0.0,0.8647325,0.0,0.46803743,0.0,0.0,0.09785108,0.0,0.0,2.0025358,0.0,0.0,2.166106,0.0,0.0,0.0,0.0,0.0,0.0,0.32230744,1.8367888,0.0,0.0,3.2956598,0.0,0.0,7,7,0.9900185,pop,pop
0.5927723,0.0,0.0,0.0,0.0,0.0,0.0,2.7222323,0.8682349,0.0,0.0,0.0,0.0,0.0,0.0,0.37292516,0.0,0.0,0.0,1.6019998,1.2191443,0.0,0.0,0.0,0.0,0.0,1.721211,0.0,1.7049639,0.0,0.0,0.0,0.0,0.0,0.0,0.0,3.5014205,0.0,0.0,0.0,1.8166047,0.0,0.0,0.0,0.0,0.0,0.0,3.0676126,0.0,0.0,0.0,0.33281043,0.0,0.0,0.0,1.2219248,0.0,2.9500358,0.0,1.7946317,0.702059,0.7610976,0.0,1.0856838,0.73393756,0.0,0.0,0.0,0.0,0.0,1.1918035,0.0,0.0,2.3427036,0.0,0.0,0.23007844,0.0,0.0,0.0,0.0,0.424985,0.0,3.2881289,0.0,1.4730945,2.2151756,0.0,0.0,0.0,0.0,1.5340105,0.8478995,0.0,0.0,0.0,0.0,0.0,0.14852974,0.7550177,1.8540106,1.2630491,0.0,1.4338259,0.0,0.60592234,0.0,0.0,0.0,0.0,0.0,2.1429448,0.65251225,0.0,1.9446467,0.0,0.0,0.0,0.0,0.0,0.0,0.1355975,1.5979582,0.0,0.0,3.1690087,0.0,0.0,7,7,0.98956084,pop,pop
0.70626426,0.0,0.0,0.0,0.0,0.0,0.0,1.5293237,0.38905618,0.0,0.0,0.0,0.0,0.0,0.0,0.11503312,0.0,0.0,0.0,0.8174765,0.7416995,0.0,0.0,0.26931313,0.0,0.0,1.1948535,0.0,1.3830483,0.0,0.0,0.0,0.0,0.0,0.0,0.0,2.2498872,0.0,0.0,0.0,0.9609074,0.0,0.0,0.0,0.0,0.0,0.20815502,1.9276884,0.0,0.0,0.0,0.0,0.0,0.0,0.46943542,0.8808113,0.0,1.8693978,0.0,0.51164603,0.18705784,0.0,0.0,0.40992635,0.6474928,0.0,0.0,0.0,0.20613289,0.0,0.61079323,0.617252,0.0,0.9881335,0.0,0.0,0.0,0.0,0.44976282,0.0,0.0,0.24393962,0.0,2.4078667,0.0,1.0018295,1.0983777,0.0,0.0,0.30433375,0.0,1.5532087,0.0,0.0,0.0,0.6895034,0.0,0.0,0.0,0.25876313,1.9690691,0.9990592,0.031266406,1.8813465,0.0,1.0412481,0.0,0.4182387,0.0,0.0,0.0,0.7217231,0.94029105,0.0,1.4444784,0.0,0.36621225,0.0,0.0,0.0,0.0,0.45439282,0.9465792,0.0,0.0,2.7030897,0.0,0.0,7,7,0.8524763,pop,pop
0.542652,0.0,0.42807633,0.0,0.0,0.0,0.0,0.20150112,0.0,0.0,0.0,0.0,0.0,0.0,0.0,0.04474108,0.97720397,0.0,0.0,1.6440715,2.999002,0.0,0.0,0.0,0.0,0.0,0.35266826,0.0,1.4953991,0.0,0.8111339,0.0,0.23002921,0.0,0.0,0.0,2.446487,0.0,0.0,0.0,0.79468036,0.0,0.9030041,0.6009748,0.0,0.0,0.0,1.3828993,0.0,0.0,0.0,0.0,0.0,0.0,0.0,0.7987924,0.0,3.6021912,0.0,1.4195083,0.0,1.1829867,0.0,0.21609733,0.0,0.0,0.94629586,0.0,0.0,0.0,1.4628221,0.0,0.0,1.4723285,0.0,0.0,0.7977792,0.0,0.0,0.0,0.0,0.22716187,0.0,2.1029165,0.0,0.0,1.4565699,0.0,0.0,0.0,0.0,2.6637635,0.0,0.0,0.41551313,0.0,0.30495888,0.0,0.6070449,0.0,0.47890985,0.0,0.0,0.7047465,0.0,1.5177991,0.0,0.0,0.0,0.0,0.0,0.77253187,0.0,1.4131216,0.34213886,0.0,0.0,0.0,0.0,0.0,0.0,0.36084396,0.0,0.0,0.0,0.6932155,0.0,0.0,7,7,0.8597913,pop,pop
0.84092724,0.0,0.7549455,0.0,0.0,0.3168713,0.0,0.5733496,0.0,0.0,0.0,0.0,0.0,0.0,0.0,0.0,0.44106615,0.0899469,0.0,1.2777439,2.757702,0.0,0.0,0.0,0.0,0.0,0.6689095,0.0,0.6683949,0.0,1.09681,0.0,0.59847695,0.0,0.0,0.0,2.2121925,0.0,0.0,0.0,1.4098862,0.0,0.8029805,1.0816036,0.0,0.0,0.2127278,1.1178379,0.0,0.0,0.0,0.0,0.0,0.0,0.0,0.97251713,0.0,3.4711962,0.0,1.1631153,0.0,1.0397503,0.06621562,0.29667062,0.0,0.7684723,0.76336056,0.0,0.0,0.682754,1.1812711,0.0,0.015797876,1.9849808,0.13486527,0.0,1.3071506,0.0,0.0,0.0,0.0,0.0,0.0,2.348217,0.0,0.0,1.4098318,0.0,0.0,0.0,0.023005648,1.7800052,0.91125286,0.0,0.98062277,0.0,0.013201121,0.0,0.5472437,0.0,0.27142724,0.0,0.0,0.8628311,0.0,0.41429386,0.0,0.0,0.0,0.0,0.50032073,0.73099434,0.05318976,1.1262575,0.0,0.29459172,0.0,0.0,0.0,0.0,0.0,0.67847407,0.0,0.0,0.0,0.52522314,0.0,0.0,7,7,0.5392642,pop,pop
1.5962615,0.0,0.623172,0.0,0.0,0.64674205,0.0,0.7178787,0.0,0.0,0.15357538,0.0,0.0,0.0,0.0,0.0,0.0,0.23206596,0.0,0.8465615,2.6432693,0.41123518,0.0,0.0,0.0,0.0,0.7134187,0.0,0.7289364,0.0,1.2696859,0.0,0.89201653,0.0,0.0,0.0,1.0069492,0.0,0.0,0.0,1.6805849,0.0,0.54882854,1.7173715,0.0,0.0,0.8251227,1.034863,0.0,0.0,0.0,0.0,0.0,0.0,0.0,0.7499076,0.0,3.275493,0.0,0.52105874,0.0,0.6585633,0.4514877,0.6488737,0.0,0.8272276,0.7575385,0.0,0.0,0.049201127,1.2060164,0.0,0.0,1.2433574,0.21585998,0.0,0.90986496,0.0,0.15093762,0.0,0.0,0.0,0.0,2.0534966,0.0,0.0,1.3943273,0.0,0.0,0.0,0.0,1.1147537,0.9395627,0.0,0.718396,0.0,0.29525578,0.037400134,0.9821572,0.0,0.54048,0.0,0.0,0.89329505,0.0,0.3884389,0.0,0.0,0.0,0.0,0.434903,1.0537754,0.0,0.44310573,0.0,0.0,0.0,0.0,0.0,0.0,0.0,1.5202371,0.0,0.0,0.0,0.59553975,0.0,0.0,7,4,0.52051866,pop,hiphop
0.8690234,0.0,0.0,0.32292783,0.0,0.0,0.0,0.02239141,0.0,0.0,0.0,0.0,0.0,0.0,0.0,0.0,0.48504177,0.28009403,0.0,1.6640764,2.78379,0.21009631,0.0,0.0,0.18790488,0.0,0.52977145,0.0,1.7514855,0.0,0.7658593,0.0,0.5769691,0.0,0.0,0.0,0.9700424,0.0,0.0,0.0,1.0620475,0.0,0.80458564,1.3630428,0.0,0.0,0.0,1.6758024,0.0,0.0,0.0,0.0,0.0,0.0,0.0,0.7675317,0.0,3.190362,0.0,0.744912,0.0,0.7025218,0.005860223,0.84642226,0.0,0.13154352,0.8989408,0.0,0.0,0.59751636,1.9079727,0.0,0.0,1.1761667,0.0,0.0,0.54148346,0.0,0.24136832,0.0,0.0,0.0,0.0,1.7185441,0.0,0.0,1.5010253,0.0,0.0,0.0,0.0,1.5638256,0.14949758,0.0,0.8883213,0.0,0.31064466,0.024133721,0.2839414,0.0,1.084366,0.0,0.0,0.4684929,0.0,0.9481237,0.0,0.0,0.23204714,0.0,0.08032564,0.086079605,0.0,1.8600162,0.0,0.0,0.0,0.0,0.0,0.0,0.0,0.802329,0.0,0.0,0.0,0.5538438,0.0,0.0,7,7,0.679142,pop,pop
0.51005524,0.0,0.0,0.09063059,0.0,0.0,0.0,0.14469428,0.0,0.0,0.0,0.0,0.0,0.0,0.0,0.25023434,1.164322,0.6369726,0.0,1.4483199,2.440552,0.30187517,0.0,0.0,0.70439994,0.0,0.91669464,0.0,1.5780835,0.0,0.8292689,0.0,0.091528326,0.0,0.0,0.0,1.5515196,0.0,0.0,0.0,1.1742878,0.0,1.071802,1.398975,0.0,0.0,0.0,2.1259186,0.0,0.0,0.0,0.0,0.0,0.0,0.0,0.7541103,0.0,2.7271328,0.0,1.0577843,0.0,0.37324086,0.0,0.94723195,0.0,0.22858998,0.5004374,0.0,0.0,0.6016177,1.564227,0.0,0.0,2.0074723,0.0,0.0,0.6482187,0.0,0.35925648,0.0,0.0,0.0,0.0,2.0921516,0.0,0.0,1.4943773,0.0,0.0,0.0,0.0,1.7493566,0.105427146,0.0,0.96867746,0.0,0.3080241,0.0,0.66376853,0.0,1.3506228,0.35239935,0.0,0.33514503,0.0,1.381575,0.0,0.0,0.8590773,0.0,0.053508144,0.21005338,0.10265025,2.105574,0.2241112,0.0,0.0,0.0,0.0,0.0,0.0,0.5815898,0.0,0.0,0.0,0.9830912,0.0,0.0,7,7,0.80711156,pop,pop
1.1120775,0.0,0.0,0.0,0.0,0.0,0.0,0.3436369,0.0,0.0,0.0,0.0,0.097491555,0.0,0.0,0.26511493,0.0,0.0,0.0,0.67599964,1.1037763,0.0,0.0,0.8625436,0.0,0.0,0.9426689,0.0,0.94015855,0.0,0.5664691,0.0,0.0,0.0,0.0,0.0,1.9637716,0.0,0.0,0.0,1.9686574,0.0,0.99939173,0.0,0.0,0.0,0.0,1.6904656,0.0,0.0,0.0,0.0,0.0,0.0,0.0,0.7423325,0.0,1.9963573,0.0,0.76344323,0.42596853,1.381256,0.0,1.3720053,0.0,0.10424977,0.0,0.0,0.0,0.0,0.5785507,0.0,0.0,1.7857372,0.0,0.0,0.41216353,0.0,0.85918534,0.0,0.061099935,0.53722394,0.0,2.3361523,0.0,0.9468989,1.5285573,0.0,0.0,0.0,0.0,0.33669612,0.27947256,0.0,0.0,0.0,0.0,0.19079931,1.8725505,0.0,1.4810231,0.0,0.0,0.0,0.0,1.3598615,0.0,0.0,0.81382966,0.0,0.0,0.38061547,0.035750125,0.019767512,1.3853118,0.0,0.0,0.0,0.0,0.0,0.0,0.0,0.18504356,0.09495435,0.0,1.7386057,0.0,0.0,7,7,0.7786508,pop,pop
0.82890314,0.0,0.0,0.0,0.0,0.0,0.0,0.0,0.0,0.0,0.0,0.0,0.0,0.0,0.0,0.83038217,0.4982509,0.0,0.0,0.28651482,1.1754078,0.0,0.0,0.9419856,0.28637484,0.0,0.94178915,0.0,0.9277003,0.0,1.1751428,0.0,0.0,0.0,0.0,0.0,1.6283096,0.0,0.0,0.0,2.2057297,0.0,1.0462605,0.0,0.0,0.0,0.0,2.0139534,0.0,0.0,0.0,0.04414641,0.0,0.0,0.0,0.8829172,0.0,2.5802162,0.0,0.8636022,0.29436013,1.4179217,0.0,1.9809936,0.0,0.53489935,0.0,0.0,0.0,0.0,0.21798965,0.0,0.0,2.5455902,0.0,0.0,0.51563776,0.0,0.6846166,0.0,0.3368285,0.3655064,0.0,2.2797225,0.0,0.7670936,1.5231243,0.0,0.0,0.0,0.0,0.22578722,0.8873674,0.0,0.0,0.0,0.0,0.12911463,2.2626178,0.0,2.0443134,0.0,0.0,0.18625122,0.0,1.5095155,0.0,0.41367844,1.3906207,0.0,0.0,0.8723528,0.0,0.013930388,1.2875619,0.0,0.0,0.0,0.0,0.0,0.0,0.33296043,0.0,0.0,0.0,2.2987065,0.0,0.0,7,7,0.7540522,pop,pop
1.5871,0.0,0.14083391,0.0,0.0,0.0,0.0,0.21626906,0.0,0.0,0.0,0.0,0.0,0.0,0.0,0.51183724,0.31493792,0.0,0.0,0.5241137,1.4225928,0.0,0.0,0.45445284,0.4413506,0.3128022,1.0821544,0.0,0.6487129,0.0,1.4474492,0.0,0.0,0.0,0.0,0.0,2.426584,0.0,0.0,0.0,2.2838714,0.0,1.3937038,0.0,0.0,0.0,0.0,2.1095939,0.0,0.0,0.0,0.43216023,0.0,0.0,0.0,0.85912406,0.0,2.5748594,0.0,1.1327022,0.45351747,1.4319873,0.0,1.8888814,0.0,0.0,0.0,0.0,0.0,0.0,0.5106452,0.0,0.0,2.9335449,0.0,0.0,0.53634375,0.0,0.41796878,0.0,0.6867082,1.1287957,0.0,2.5063877,0.0,0.59207815,1.2609917,0.0,0.0,0.0,0.0,0.47270638,0.62795705,0.0,0.0,0.0,0.3581113,0.0,2.6142266,0.0,1.678547,0.0,0.0,0.38576266,0.0,1.8614382,0.0,0.1619595,1.1490077,0.0,0.0,0.59343785,0.13662313,0.02445485,1.5670105,0.0,0.0,0.0,0.0,0.0,0.0,0.41286892,0.0,0.09030159,0.0,1.9219853,0.0,0.0,7,7,0.81454027,pop,pop
0.71402127,0.0,0.0,0.0,0.0,0.0,0.0,0.5575116,0.29436567,0.0,0.0,0.0,0.0,0.0,0.0,0.8602083,0.4033822,0.0,0.0,1.2193662,0.9345206,0.0,0.0,0.13011838,0.014089658,0.0,1.2787185,0.0,1.3870248,0.24450433,0.37221092,0.0,0.0,0.0,0.0,0.0,1.9467636,0.0,0.0,0.2139101,2.0560446,0.0,0.5056607,0.0,0.0,0.0,0.0,1.8412187,0.0,0.0,0.0,0.052650265,0.0,0.0,0.0,0.53449935,0.0,2.1593986,0.0,1.1883016,0.30719146,1.4067106,0.0,1.6187248,0.0,0.0,0.12749635,0.0,0.0,0.0,1.1461525,0.0,0.0,2.4923992,0.0,0.0,0.29043898,0.0,0.7018131,0.0,0.0,0.35938257,0.0,2.1787095,0.0,1.0583649,2.145286,0.0,0.0,0.0,0.0,0.47071666,0.54353076,0.0,0.0,0.0,0.0,0.0,1.6642083,0.0,1.9864016,0.6979832,0.0,0.70828176,0.0,0.48644477,0.0,0.04052723,1.0222579,0.0,0.0,0.746853,0.0,0.598086,1.6706314,0.0,0.0,0.0,0.0,0.0,0.0,0.5417937,0.24300481,0.19487335,0.0,2.1019142,0.0,0.0,7,7,0.9282291,pop,pop
0.0,0.0,0.0,0.0,0.0,0.0,0.0,0.9762347,2.0580177,0.0,0.0,0.24084218,0.0,0.0,0.0,1.2394328,0.0,0.0,0.0,0.8390026,0.09290037,0.0,0.0,0.23966803,0.0,0.0,2.1098452,0.0,0.9743917,0.21089241,0.0,0.0,0.442626,0.0,0.0,0.0,2.1033053,0.0,0.0,0.45237663,2.253531,0.0,0.0,0.0,0.0,0.0,0.0,2.0310476,0.0,0.0,0.19154054,0.04714428,0.0,0.0,0.0,0.19041744,0.0,2.1450214,0.0,0.6994537,0.5809017,1.6235623,0.0,2.2293665,0.0,0.0,0.8343681,0.0,0.0,0.0,0.66487306,0.0,0.0,1.9610906,0.0,0.53999877,0.0,0.0,0.884667,0.0,0.0,0.0,0.0,2.029786,0.0,1.7124969,2.7888036,0.0,0.0,0.19481358,0.0,0.0,1.3413684,0.0,0.0,0.0,0.0,0.07090348,1.6711357,0.0,2.7441714,0.9571623,0.0,0.9404078,0.0,0.0,0.0,0.1635273,1.2455658,0.0,0.76779133,1.4533185,0.0,0.0,1.9484566,0.0,0.0,0.0,0.0,0.0,0.0,0.890033,1.3875566,0.33626407,0.0,2.6035304,0.0,0.0,7,7,0.735919,pop,pop
0.078849934,0.0,0.0,0.0,0.0,0.0,0.0,0.0,0.0,0.0,0.0,0.0,0.0,0.0,0.06768422,0.022141507,0.0,0.0,0.0,1.2993885,1.1173931,0.0,0.0,0.0,0.0,0.0,0.8570186,0.0,1.8303194,0.092989005,0.0,0.0,0.62378997,0.0,0.0,0.0,2.1993217,0.0,0.0,0.0,1.3028754,0.0,1.062616,0.0,0.0,0.0,0.0,2.2683542,0.0,0.0,0.0,0.0,0.0,0.0,0.0,1.365836,0.0,3.288636,0.0,0.8677115,0.082168765,1.658864,0.0,0.97762054,0.60044855,0.0,0.0,0.0,0.0,0.0,2.520012,0.0,0.45231956,2.3517263,0.0,0.0,0.0,0.0,0.5994923,0.0,0.22683959,0.8370277,0.0,2.4538631,0.0,0.2632588,0.9377482,0.0,0.0,0.28694668,0.0,0.9491823,0.0,0.0,0.045348052,0.0,0.0,0.0,0.0,0.114298865,1.6112816,1.0418857,0.0,0.0,0.0,1.2396836,0.0,0.0,0.7093254,0.0,0.0,0.050608076,0.0,1.3889129,1.4615047,0.0,0.0,0.0,0.0,0.0,0.0,0.0,1.3351028,0.0,0.0,2.3353777,0.0,0.0,7,7,0.9642374,pop,pop
0.0,0.0,0.0,0.0,0.0,0.0,0.0,0.0,0.0,0.0,0.0,0.0,0.0,0.0,0.1925623,0.0,0.0,0.0,0.0,0.7546975,0.62611735,0.0,0.0,0.0,0.0,0.0,0.3321842,0.0,1.7315975,0.07750892,0.0,0.0,0.6425037,0.0,0.0,0.0,1.9772496,0.0,0.0,0.0,1.1451123,0.0,0.6218092,0.0,0.0,0.0,0.0,1.8781564,0.0,0.0,0.0,0.0,0.0,0.0,0.0,1.3510098,0.0,3.302774,0.0,0.84384143,0.0,1.609875,0.0,0.92195356,0.073049664,0.0,0.0,0.0,0.0,0.0,2.1317728,0.0,0.6406173,1.9567794,0.0,0.0,0.0,0.0,0.66945195,0.0,0.0,0.8786337,0.0,2.4732742,0.0,0.44002205,1.155243,0.0,0.0,0.4605807,0.06064029,0.8578676,0.0,0.056273405,0.4313863,0.0,0.0,0.0,0.0,0.22250989,1.8201768,1.5445696,0.0,0.0,0.0,0.7945088,0.0,0.0,0.5438362,0.0,0.0,0.11055147,0.0,1.4327415,1.2089489,0.0,0.0,0.0,0.0,0.0,0.0,0.0,1.4552492,0.0,0.0,2.1906972,0.0,0.0,7,7,0.9464744,pop,pop
0.0,0.0,0.0,0.17989482,0.0,0.0,0.0,0.0,0.0,0.0,0.0,0.0,0.0,0.0,0.07466096,0.0,0.0,0.0,0.0,0.89550924,0.5237959,0.0,0.0,0.0,0.0,0.0,0.8124288,0.0,1.5720488,0.15049197,0.0,0.0,0.74096394,0.0,0.0,0.0,1.6929157,0.0,0.0,0.0,0.78564274,0.0,0.35740438,0.0,0.0,0.0,0.0,1.7431712,0.0,0.014788939,0.0,0.0,0.0,0.0,0.0,0.6508894,0.0,2.8568268,0.0,0.7418881,0.0,1.4627348,0.0,1.0336318,0.2525728,0.0,0.0,0.0,0.0,0.0,2.0084238,0.0,0.8172998,1.860524,0.0,0.0,0.0,0.0,0.6226344,0.0,0.0,1.052016,0.0,2.5874586,0.0,0.105982915,0.6872178,0.0,0.0,0.28456995,0.34942198,0.676188,0.0,0.31402612,0.0,0.0,0.0,0.0,0.0,0.07536403,1.4491723,1.6723558,0.0,0.12050847,0.0,0.8510061,0.0,0.0,0.53507745,0.0,0.08018859,0.0,0.0,1.2091615,0.9447787,0.0,0.0,0.0,0.0,0.0,0.0,0.0,1.2038797,0.0,0.0,2.2696588,0.0,0.0,7,7,0.91839075,pop,pop
0.26451752,0.0,0.0,0.057849083,0.0,0.0,0.0,0.26311147,0.0,0.0,0.0,0.0,0.0,0.0,0.0,0.0,0.18081851,0.0,0.0,0.99824136,1.2269193,0.0,0.0,0.0,0.0,0.0,1.1365341,0.0,1.6504723,0.0,0.0,0.0,0.84488577,0.0,0.0,0.0,1.9027101,0.0,0.0,0.0,0.9541781,0.0,0.26413032,0.0,0.0,0.0,0.0,2.6479466,0.0,0.0,0.0,0.0,0.0,0.0,0.0,0.75100714,0.0,3.1526728,0.0,0.52013546,0.0,1.0214741,0.0,1.4894508,0.22607027,0.0,0.0,0.0,0.0,0.0,2.1582813,0.0,0.68112296,1.4724361,0.0,0.0,0.0,0.0,0.5405114,0.0,0.0,0.03444977,0.0,2.6542192,0.0,0.0,1.0378488,0.0,0.0,0.19054712,0.08235571,0.6986791,0.0,0.0745394,0.14665805,0.0,0.0,0.0,0.0,0.52036476,1.4244015,1.9182245,0.0,0.02686096,0.0,0.38028988,0.0,0.0,0.42966455,0.0,0.0,0.44801226,0.0,1.4781973,1.070787,0.0,0.0,0.0,0.0,0.0,0.0,0.0,1.118653,0.0,0.0,2.7172067,0.0,0.0,7,7,0.9335526,pop,pop
0.6459123,0.0,0.0,0.30091602,0.0,0.0,0.0,0.42992747,0.0,0.058083966,0.0,0.0,0.0,0.0,0.0,0.0,0.054006804,0.0,0.0,1.0150815,1.4119267,0.0,0.0,0.0,0.0,0.0,1.4592106,0.0,1.7420862,0.22041959,0.0,0.0,0.4960944,0.0,0.0,0.0,2.3997047,0.0,0.0,0.0,0.86277425,0.0,0.38524455,0.0,0.0,0.0,0.0,2.8207972,0.0,0.0,0.0,0.0,0.0,0.0,0.0,0.4819036,0.0,3.5931473,0.0,1.2117729,0.0,0.45590296,0.0,1.3483539,0.0,0.0,0.0,0.0,0.0,0.0,2.4804554,0.0,0.48656783,1.4285649,0.0,0.0,0.0,0.0,0.14058365,0.0,0.0,0.74214286,0.0,3.0197482,0.0,0.0,0.85499156,0.0,0.0,0.059233584,0.0,1.0222621,0.0,0.017554766,0.09538761,0.0,0.0,0.0,0.0,0.6940746,1.7937883,2.0095463,0.0,0.62589186,0.0,1.4663529,0.0,0.0,0.41540936,0.0,0.0,0.47065642,0.0,1.4512416,1.0249223,0.0,0.0,0.0,0.0,0.0,0.0,0.0,1.4389294,0.0,0.0,2.9699771,0.0,0.0,7,7,0.9679488,pop,pop
3.1021602,0.0,0.0,0.5350358,0.0,0.4862746,0.0,1.1354052,0.0,0.0,0.0,0.0,0.0,0.0,0.0,0.0,0.0,0.0,0.0,0.0,2.3115518,0.0,0.0,1.8233619,0.0,1.6103599,0.0,0.0,0.0,0.0,2.3807528,0.0,0.29331422,0.0,0.0,0.0,2.030804,0.0,0.0,0.0,2.2984853,0.9817725,2.1377995,0.0,0.050568353,0.0,1.5007913,1.1935474,0.0,0.0,0.0,1.2541357,1.2225527,0.0,0.0,0.13295615,0.0,2.9990308,0.0,0.0,0.5445454,0.0,0.0,0.26281416,0.0,1.3008361,0.47668678,0.0,0.0,0.0,0.16745953,0.0,0.0,0.0,0.07200438,0.0,1.2773836,0.29014102,0.82092935,0.0,0.24581988,0.54680896,0.04782232,2.4748542,0.0,0.0,0.0,0.0,0.0,0.0,0.0,0.50939655,0.8759457,0.0,0.0,0.0,2.482478,1.2275441,1.094674,0.0,0.045709733,0.0,0.0,0.0,0.0,2.4229388,0.0,0.0,0.0,0.0,0.0,0.5327744,0.8029655,0.0,1.9506637,0.6408164,0.0,0.0,0.0,0.0,0.0,0.58020896,0.0,0.0,0.0,1.5754516,0.0,0.0,8,8,0.987028,reggae,reggae
2.490786,0.0,0.019469157,0.11016813,0.0,0.343822,0.0,0.88361496,0.0,0.0,0.0,0.0,0.0,0.0,0.0,0.0,0.0,0.0,0.0,0.0,2.1847591,0.0,0.0,1.6494788,0.0,1.3799796,0.0,0.0,0.6982392,0.0,1.7410322,0.0,0.0,0.0,0.0,0.0,2.3602786,0.0,0.0,0.0,2.1157322,0.7295977,1.6730629,0.0,0.0,0.0,1.0061338,1.6355264,0.0,0.0,0.0,0.99515593,1.2970173,0.0,0.0,0.59769505,0.0,2.8928685,0.0,0.24762218,0.5296726,0.0,0.0,0.63920593,0.0,1.4284393,0.0,0.0,0.0,0.0,0.61814094,0.0,0.0,0.15477815,0.113287106,0.0,1.2842163,0.0,1.0605885,0.0,0.0,0.41032815,0.0,2.669318,0.0,0.0,0.3692785,0.0,0.0,0.0,0.0,1.1524085,0.9100265,0.0,0.0,0.18614568,1.5925659,0.6866345,0.9249464,0.0,0.48101872,0.0,0.0,0.0,0.0,1.6374002,0.0,0.0,0.076217756,0.0,0.0,0.48343718,0.5758517,0.0,2.434527,0.19893557,0.07808861,0.0,0.0,0.0,0.0,0.57428235,0.0,0.0,0.0,1.9189595,0.0,0.0,8,8,0.93026584,reggae,reggae
1.8505414,0.0,0.06187002,0.21996072,0.0,0.41348872,0.0,0.32113713,0.0,0.0,0.0,0.0,0.0,0.0,0.0,0.0,0.0,0.4312418,0.0,0.0,1.6747054,0.0,0.0,1.7646111,0.0,0.46393058,0.0,0.0,0.73774695,0.0,1.3241105,0.0,0.0,0.0,0.0,0.0,1.8128127,0.0,0.0,0.0,1.4228135,0.7051757,0.9458156,0.0,0.0,0.0,1.2840126,1.4409343,0.0,0.0,0.0,0.65596193,0.7156921,0.0,0.32799768,0.42520246,0.0,2.469448,0.0,0.41164604,0.44719684,0.0,0.0,0.6885526,0.0,1.830347,0.0,0.0,0.0,0.0,0.44144467,0.0,0.0,0.42064244,0.22990833,0.0,1.4083377,0.0,0.94933474,0.0,0.0,0.4031971,0.0,2.5132964,0.0,0.0,0.21233241,0.0,0.0,0.0,0.0,0.99327576,1.0521166,0.0,0.0,0.55271065,1.2471069,0.3927404,1.0198348,0.0,0.7920952,0.0,0.0,0.6151392,0.0,1.2777661,0.0,0.0,0.0,0.0,0.0,0.26847374,0.7040174,0.0,1.8784403,0.40004557,0.0,0.0,0.0,0.0,0.0,1.0617777,0.0,0.0,0.0,1.5119803,0.0,0.0,8,8,0.7655473,reggae,reggae
2.4372988,0.0,0.15688558,0.25914913,0.0,0.2725012,0.0,0.70403427,0.0,0.0,0.0,0.0,0.0,0.0,0.0,0.0,0.0,0.0,0.0,0.0,2.0196683,0.0,0.0,1.9445465,0.0,1.2249622,0.0,0.0,0.18952687,0.0,1.7058388,0.0,0.0,0.0,0.0,0.0,2.2559285,0.0,0.0,0.0,1.8309269,0.76272166,1.3425658,0.0,0.0,0.0,1.9322253,1.4307029,0.0,0.0,0.0,1.0350976,0.7331364,0.0,0.17354695,0.59579104,0.0,2.5935383,0.0,0.2852869,0.11663783,0.0,0.0,0.69106585,0.0,1.8305625,0.2063941,0.0,0.0,0.0,0.32926443,0.05929218,0.0,0.45407456,0.6739513,0.0,1.6590953,0.0,0.82397366,0.0,0.0,0.5871197,0.0,2.6636326,0.0,0.0,0.025598796,0.0,0.0,0.0,0.0,1.0839996,1.058965,0.0,0.0,0.17386627,2.096543,1.2305264,1.0917876,0.0,0.21324785,0.0,0.0,0.30195376,0.0,2.1564834,0.0,0.0,0.0,0.0,0.0,0.4110279,0.9564024,0.0,2.037226,0.8620155,0.0,0.0,0.0,0.0,0.0,1.2171746,0.0,0.0,0.0,1.3644143,0.0,0.0,8,8,0.9519526,reggae,reggae
2.8364983,0.0,1.0566072,0.0,0.0,0.44261,0.0,1.0304482,0.0,0.0,0.0,0.0,0.0,0.0,0.0,0.0,0.0,0.0,0.0,0.0,2.7455115,0.0,0.0,0.93653727,0.0,1.9196941,0.0,0.0,0.0,0.0,2.2839272,0.0,0.0,0.0,0.12115513,0.0,2.931151,0.0,0.0,0.0,2.0468783,0.12831113,2.3739336,0.0,0.0,0.0,2.0484743,1.0294127,0.0,0.0,0.0,1.6070324,0.5475383,0.0,0.0,0.7805141,0.0,3.09369,0.0,0.42174736,0.0,0.02783027,0.5503025,0.38633385,0.0,1.8072561,0.6704083,0.0,0.0,0.0,0.0,0.0,0.0,0.76666224,0.24484266,0.0,2.4188354,0.0,0.08146917,0.0,0.1004145,1.0659947,0.06437527,3.0912971,0.0,0.0,0.0,0.0,0.0,0.0,0.0,0.59389305,1.257652,0.0,0.0,0.0,2.8776748,1.3704681,1.7510765,0.0,0.0,0.0,0.0,0.07862329,0.0,2.0711048,0.0,0.0,0.0,0.0,0.0,0.7579986,0.677971,0.0,2.0178325,0.9530194,0.0,0.0,0.0,0.0,0.0,0.5355479,0.0,0.0,0.0,1.3366753,0.0,0.0,8,8,0.9782471,reggae,reggae
1.6029547,0.0,0.0,0.32991105,0.0,0.0,0.0,0.0,0.8407514,0.0,0.008322411,0.0,0.0,0.0,0.0,0.0,0.0,0.5723383,0.0,0.0,0.6943614,0.4685091,0.0,2.3594697,0.0,0.026274735,0.09862823,0.0,0.2389221,0.0,0.6506273,0.0,0.0090240035,0.0,0.0,0.0,1.23972,0.0,0.0,0.0,1.766964,0.733126,0.5639551,0.0,0.0,0.0,0.579018,1.091217,0.0,0.0,0.0,0.8858543,0.02950253,0.0,0.51633346,0.78082675,0.0,2.265698,0.0,0.0,0.0031297524,0.026777197,0.0,1.6356952,0.0,1.8990972,0.05174693,0.0,0.0,0.0,0.66952467,0.0,0.0,0.68356186,0.36744723,0.51499796,0.8641582,0.0,1.2801646,0.0,0.0,0.47756892,0.0,2.0469997,0.0,0.0,0.65339446,0.0,0.0,0.0,0.0,0.15295115,1.4095984,0.0,0.0,0.58823055,0.714171,0.8599151,0.8150366,0.0,0.9943064,0.0,0.0,0.011883029,0.0,0.60983986,0.0,0.0,0.0,0.0,0.5368576,0.23170777,0.90742075,0.0,1.7236323,0.06602646,0.0,0.0,0.0,0.0,0.0,0.0,0.0,0.0,0.0,1.6779497,0.0,0.0,8,8,0.44281653,reggae,reggae
1.2379489,0.0,0.0,0.48852757,0.0,0.0,0.0,0.0,0.972213,0.0,0.0,0.0,0.0,0.0,0.06352645,0.0,0.042356156,0.19085199,0.0,0.0,0.83572006,0.2538697,0.0,2.08626,0.0,0.49682596,0.0,0.0,0.20006403,0.0,0.37048072,0.0,0.0,0.0,0.0,0.0,0.85846525,0.0,0.0,0.0,1.1614299,1.13102,1.2106038,0.0,0.0,0.0,0.6878107,1.1288575,0.0,0.24350378,0.0,1.2310014,0.06899769,0.0,0.41268975,0.61757845,0.0,2.0200772,0.0,0.47958693,0.0,0.031856354,0.0,1.8698647,0.0,1.298013,0.0,0.0,0.0,0.0,0.1903907,0.5542741,0.0,0.6508072,0.560766,0.5076058,0.99906284,0.0,0.82489264,0.0,0.0,0.9247438,0.25957397,2.2746973,0.19307005,0.0,0.20573527,0.0,0.0,0.17848247,0.0,0.0,0.99575245,0.0,0.0,0.87530047,0.7004701,0.4216467,0.71497595,0.0,1.2796286,0.0,0.0,0.05695281,0.0,1.0007396,0.0,0.0,0.0,0.0,0.41048104,0.0,0.52644813,0.0,2.066652,0.018282205,0.0,0.0,0.0,0.0,0.0,0.0,0.0,0.0,0.0,1.6380385,0.0,0.0,8,8,0.60836005,reggae,reggae
1.4712434,0.0,0.0,0.82813317,0.0,0.0,0.0,0.0,0.8209414,0.0,0.0,0.37347147,0.0,0.0,0.031085461,0.0,0.0,0.0,0.0,0.0,0.64891833,0.0,0.0,1.8984891,0.0,0.6827695,0.0,0.0,0.0,0.0,0.33757815,0.0,0.0,0.0,0.0,0.0,1.0788311,0.0,0.0,0.0,0.57865244,0.7035941,1.374288,0.0,0.0,0.0,0.95312244,0.7744116,0.0,0.4722351,0.0,1.0059006,0.0,0.0,0.21950047,0.39600998,0.0,1.8850647,0.0,0.8937261,0.38166994,0.0,0.0,1.6600461,0.0,0.66874766,0.0,0.0,0.0,0.0,0.0,0.9701552,0.0,0.53954816,0.13704737,0.3784415,1.797859,0.0,0.69653636,0.0,0.5116255,1.1512146,0.08243334,2.0611196,0.6665999,0.0,0.0,0.0,0.0,0.0,0.0,0.0,1.2398843,0.0,0.0,1.2504582,1.2053918,0.38204604,0.8419547,0.0,1.3925887,0.0,0.0,0.47761333,0.0,1.9997312,0.0,0.0,0.0,0.0,0.25891548,0.0,0.5012323,0.0,1.5268353,0.17230116,0.0,0.0,0.0,0.0,0.0,0.22268113,0.0,0.0,0.0,1.1023252,0.0,0.0,8,8,0.6706915,reggae,reggae
1.3793676,0.0,0.0,1.2528607,0.0,0.0,0.0,0.0,0.619678,0.0,0.0,0.0047802813,0.0,0.0,0.11806123,0.0,0.017976297,0.6555085,0.0,0.0,0.7563646,0.10650106,0.0,1.7904598,0.0,0.772393,0.0,0.0,0.050739065,0.0,0.65718126,0.0,0.0,0.0,0.0,0.0,0.6351053,0.0,0.0,0.0,0.21057566,1.1562284,1.5999225,0.0,0.0,0.0,0.62381715,0.7677859,0.0,0.6155005,0.0,0.6116177,0.08604697,0.0,0.0,0.0,0.0,1.7561617,0.0,0.47206327,0.261161,0.0,0.0,1.54577,0.0,0.79393685,0.0,0.0,0.0,0.0,0.0,0.9156696,0.0,0.27299404,0.6166558,0.19762915,1.3540077,0.0,1.0350199,0.0,0.54321194,0.98742974,0.0,1.9552287,0.55540293,0.0,0.0,0.0,0.0,0.0,0.0,0.0,0.4721045,0.0,0.48226807,1.2415906,1.562417,0.4553697,0.13820575,0.19233875,1.2195474,0.021980941,0.0,0.0,0.0,1.8672047,0.0,0.0,0.2794397,0.0,0.4923773,0.0,0.22982094,0.0,1.0869235,0.0,0.0,0.0,0.0,0.0,0.0,0.30107856,0.0,0.0,0.0,1.0896837,0.0,0.0,8,8,0.66007763,reggae,reggae
0.9825632,0.0,0.0,1.2183094,0.0,0.0,0.0,0.0,0.7090431,0.0,0.0,0.0,0.0,0.0,0.09296182,0.0,0.0,1.5535207,0.0,0.0,0.56487006,0.5713018,0.0,1.4438252,0.0,0.25043237,0.0,0.0,0.14614418,0.0,0.42679864,0.0,0.0,0.0,0.0,0.0,0.18891934,0.0,0.0,0.0,0.3762684,0.8656825,0.95196337,0.0,0.0,0.0,0.5584275,0.53109294,0.0,0.5982351,0.0,0.5695822,0.0,0.0,0.19517592,0.0,0.0,1.9653801,0.0,0.43671638,0.012473937,0.11978662,0.0,1.4215966,0.0,1.077707,0.23092106,0.0,0.0,0.0,0.44469738,0.59756607,0.0,0.2648936,0.75593066,0.045009967,1.1525527,0.2175376,0.9967354,0.0,0.0,0.45157343,0.0,1.9585091,0.85487956,0.0,0.0,0.0,0.0,0.27080667,0.31877714,0.0,0.8511262,0.0,0.5576444,0.7840881,1.1595339,0.0,0.0,0.0,1.3137946,0.2244864,0.0,0.028352283,0.0,1.2816004,0.11305261,0.0,0.47434822,0.0,1.0930943,0.0,0.5103575,0.2732754,1.2362795,0.0,0.0,0.0,0.0,0.0,0.0,0.0,0.0,0.0,0.0,1.1064467,0.0,0.0,8,8,0.2603028,reggae,reggae
1.4026899,0.0,0.0,0.0,0.0,0.0,0.0,0.013775023,0.65547615,0.0,0.0,0.0,0.0,0.0,0.0,0.0,0.0,0.3769589,0.0,0.0,1.2507834,0.33050573,0.0,1.8482729,0.0,0.0,0.6203152,0.0,0.37762383,0.0,0.62566453,0.0,0.0,0.0,0.0,0.0,1.259714,0.0,0.0,0.0,1.4688151,0.0,0.58927673,0.0,0.0,0.0,0.91637504,0.85890734,0.0,0.0,0.0,0.8427231,0.0,0.0,0.858591,0.9470128,0.0,2.6881883,0.0,0.35803604,0.0,0.0,0.0,1.5977752,0.0,2.3594983,0.11475453,0.0,0.0,0.0,0.47293904,0.31984928,0.0,1.2876765,0.028608482,0.0,1.357634,0.0,1.1066928,0.0,0.0,0.24984717,0.0,2.1731493,0.061556377,0.0,0.95099604,0.0,0.0,0.0,0.0,0.5829319,1.4962848,0.0,0.0,0.15349731,0.5972895,0.6672913,1.1152099,0.0,1.239639,0.0,0.0,0.63081753,0.0,0.62774456,0.0,0.0,0.0,0.0,0.40964174,0.40396565,1.0814211,0.20613703,1.6607823,0.0,0.0,0.0,0.0,0.0,0.0,0.0,0.0,0.0,0.0,1.665996,0.0,0.0,8,3,0.31959483,reggae,disco
1.1960588,0.0,0.0,0.0,0.0,0.0,0.0,0.0,0.58194226,0.0,0.0,0.0,0.0,0.0,0.0,0.0,0.06469695,0.34026903,0.0,0.0,1.1825196,0.0,0.0,1.6228272,0.0,0.24021448,0.0,0.0,0.34448615,0.0,0.55497104,0.0,0.0,0.0,0.0,0.0,1.026412,0.0,0.0,0.0,1.0553815,0.36838666,1.0561689,0.0,0.0,0.0,0.608739,0.9630361,0.0,0.0,0.0,0.94096303,0.22597022,0.0,0.48150364,0.6757856,0.0,2.2686315,0.0,0.5252329,0.0,0.03584945,0.0,1.5965687,0.0,1.6562448,0.0,0.0,0.0,0.0,0.27014565,0.1633769,0.082376145,1.2180682,0.61960226,0.0,1.2688272,0.0,0.6888645,0.0,0.0,0.7790199,0.04250194,2.45668,0.09934934,0.0,0.30258042,0.0,0.0,0.122075856,0.0,0.18034092,1.0674708,0.0,0.0,0.31881475,0.8131762,0.24743687,0.7672445,0.0,1.1603794,0.0,0.0,0.31810978,0.0,1.0960844,0.0,0.0,0.0,0.0,0.27482468,0.010688134,0.46539795,0.0,2.0965035,0.20936671,0.0,0.0,0.0,0.0,0.0,0.0,0.0,0.0,0.0,1.7238997,0.0,0.0,8,8,0.5595013,reggae,reggae
1.4047586,0.0,0.0,0.47174975,0.0,0.0,0.0,0.0,0.8028254,0.0,0.0,0.11367961,0.0,0.0,0.096724,0.0,0.09223747,0.0,0.0,0.0,0.57590646,0.020905232,0.0,2.0532553,0.0,0.83039224,0.0,0.0,0.0,0.0,0.23907539,0.0,0.0,0.0,0.0,0.0,0.9618729,0.0,0.0,0.0,0.30402794,0.71347356,1.2572056,0.0,0.0,0.0,1.2772115,0.7847416,0.0,0.2850222,0.0,1.371093,0.0,0.0,0.04530597,0.36797616,0.0,1.6737401,0.0,0.89048696,0.39080432,0.0,0.0,1.3706113,0.0,1.2666355,0.0,0.0,0.0,0.0,0.0,1.2510141,0.0,0.9354309,0.38433725,0.3814242,1.4796076,0.0,0.82916296,0.0,0.14958774,1.2025714,0.02467435,2.2064438,0.36361343,0.0,0.0,0.0,0.0,0.0,0.0,0.0,1.5344502,0.0,0.0,1.2388899,1.1102444,0.5214322,1.3065108,0.0,1.2875373,0.0,0.0,0.37410972,0.0,1.9264889,0.0,0.0,0.0,0.0,0.28831595,0.0,0.65338326,0.0,1.5592965,0.14529786,0.0,0.0,0.0,0.0,0.0,0.19232741,0.0,0.03752648,0.0,1.4780979,0.0,0.0,8,8,0.67735636,reggae,reggae
1.5201393,0.0,0.0,0.70200634,0.0,0.0,0.0,0.0,0.6765486,0.0,0.0,0.0,0.0,0.0,0.0,0.0,0.12865838,0.0,0.0,0.0,0.8035813,0.0,0.0,1.6879696,0.0,0.8009814,0.0,0.0,0.27467802,0.0,0.23629779,0.0,0.0,0.0,0.0,0.0,0.7562035,0.0,0.0,0.0,0.2100607,0.619898,1.4312413,0.0,0.0,0.0,0.5937541,0.6702203,0.0,0.5278121,0.0,0.68748116,0.032066394,0.0,0.0,0.2312178,0.0,1.8745391,0.0,0.7416973,0.060379777,0.0,0.0,1.5402011,0.0,1.1984193,0.0,0.0,0.0,0.0,0.0,1.0495523,0.0,0.6318952,0.30286103,0.35615596,1.3052708,0.0,0.9309781,0.0,0.15644623,1.1834687,0.0,2.2045772,0.1948146,0.0,0.0,0.0,0.0,0.0,0.0,0.0,0.8267911,0.0,0.0,0.9790821,1.015097,0.58958,0.6473588,0.0,1.4835645,0.0,0.0,0.3719472,0.0,2.1776965,0.0,0.0,0.0,0.0,0.090097085,0.0,0.2990444,0.0,1.4083345,0.0,0.0,0.0,0.0,0.0,0.0,0.076493636,0.0,0.0,0.0,1.3452576,0.0,0.0,8,8,0.643335,reggae,reggae
1.1109035,0.0,0.0,0.81933063,0.0,0.0,0.0,0.0,0.8761666,0.0,0.0,0.0,0.0,0.0,0.0,0.0,0.0,0.7081581,0.0,0.0,0.838626,0.009565184,0.0,1.1447114,0.0,0.45945615,0.0,0.0,0.09280987,0.0,0.303753,0.0,0.0,0.0,0.0,0.0,0.5153592,0.0,0.0,0.0,0.0,0.7086086,1.1291182,0.0,0.0,0.0,0.43598086,0.8027214,0.0,0.5164063,0.0,0.40306604,0.0,0.0,0.3487808,0.0,0.0,2.0190964,0.0,0.6275138,0.0,0.0,0.0,1.2746981,0.0,1.1711899,0.0119778905,0.0,0.0,0.0,0.22295979,0.6707477,0.0,0.63864934,0.47328565,0.0,1.3090265,0.0,0.741347,0.0,0.20947756,0.8490773,0.0,2.2390037,0.60937285,0.0,0.0,0.0,0.0,0.09136878,0.0,0.0,1.0699687,0.0,0.13042004,0.5638985,1.2230809,0.07886472,0.18916078,0.0,1.345917,0.0065635154,0.0,0.47655275,0.0,1.7363373,0.0,0.0,0.0,0.0,0.77902776,0.0,0.5735638,0.0814512,1.3720969,0.11476038,0.0,0.0,0.0,0.0,0.0,0.0,0.0,0.16251084,0.0,1.1231717,0.14110218,0.0,8,8,0.43535852,reggae,reggae
1.2912312,0.0,0.0,0.0,0.0,0.0,0.0,0.33596593,0.68108827,0.0,0.0,0.0,0.0,0.0,0.0,0.09484248,0.0,0.0,0.0,0.0,1.0105997,0.0,0.0,0.9048113,0.0,0.53387916,1.6694386,0.0,1.0295913,0.0,0.0,0.0,0.6338661,0.0,0.0,0.0,2.4947715,0.0,0.0,0.0,1.8787639,0.0,1.3767442,0.0,0.0,0.0,0.39167416,1.0608681,0.0,0.0,0.0,0.27933267,0.0,0.0,0.0,1.0095211,0.0,3.1885853,0.0,1.3398775,0.46864918,0.6416728,0.0,1.1771723,0.0,0.0,0.0,0.0,0.0,0.0,1.1210747,1.2706314,0.0,2.4018838,0.0,0.0,0.27024662,0.0,0.27516574,0.0,0.9771857,0.63829595,0.0,1.881786,0.0,1.1948786,1.6192371,0.0,0.0,0.0,0.0,0.10442527,0.0,0.0,0.0,0.0,0.0,1.2634608,2.1373582,0.0,2.9973955,0.0,0.0,0.0,0.0,2.2451544,0.0,0.3001926,0.7178438,0.0,0.0,0.35119128,0.11144583,0.3676515,2.609851,0.0,0.0,0.0,0.0,0.0,0.0,0.525939,0.7723142,0.0,0.0,2.3510032,0.0,0.0,8,7,0.70708513,reggae,pop
0.0,0.0,0.0,0.0,0.0,0.0,0.0,1.0913728,1.4952753,0.0,0.0,0.0,0.0,0.0,0.0,0.053630307,0.0,0.0,0.0,0.72084314,0.2200365,0.0,0.0,0.64345443,0.0,0.0,1.9256377,0.0,1.3991023,0.0,0.0,0.0,0.49635,0.0,0.0,0.0,2.8038638,0.0,0.0,0.0,1.4882435,0.0,0.32522938,0.0,0.0,0.0,0.0,1.455658,0.0,0.0,0.0,0.0,0.0,0.0,0.0,1.4310976,0.0,2.04948,0.0,1.4911118,0.74624074,1.0296093,0.0,1.4345536,0.0,0.0,0.0,0.0,0.0,0.0,0.87385654,1.460155,0.20235671,2.1677167,0.0,0.0,0.34588033,0.0,0.025933247,0.0,0.0,0.036425017,0.0,1.7441543,0.0,1.3871852,2.3857777,0.0,0.0,0.0,0.0,0.66198957,0.67720026,0.0,0.0,0.17036395,0.0,0.46343127,2.3826303,0.0,2.9706223,0.0,0.0,0.5761856,0.0,0.7139811,0.0,0.67192274,0.6723513,0.0,0.0,0.5018023,0.24731874,0.73702675,2.2867615,0.0,0.0,0.0,0.0,0.0,0.0,0.19566256,1.0729619,0.05405604,0.0,1.8704644,0.0,0.0,8,7,0.88051534,reggae,pop
0.0,0.0,0.0,0.0,0.0,0.0,0.0,0.1474138,1.5804814,0.0,0.0,0.0,0.0,0.0,0.0,0.0,0.0,0.0,0.0,0.08488298,0.0,0.11712458,0.0,1.4499915,0.0,0.0,2.0351787,0.0,0.5782876,0.0,0.0,0.0,0.4931371,0.0,0.0,0.0,1.8473371,0.0,0.0,0.106675364,0.9282986,0.0,0.0,0.0,0.0,0.0,0.0,0.72446734,0.0,0.0,0.04565583,0.0,0.0,0.0,0.0,1.2579054,0.0,1.45003,0.0,1.2645757,0.49711242,0.3320841,0.0,1.2826585,0.0,0.10590064,0.0,0.0,0.0,0.0,0.58145994,1.9336877,0.0,2.0459032,0.0,0.37314627,0.045224864,0.0,0.7810405,0.0,0.0,0.0,0.0,1.1411914,0.0,0.87023073,2.1510994,0.0,0.0,0.0,0.0,0.0,0.30151933,0.0,0.0,0.9444561,0.0,0.35532495,1.8735076,0.0,2.9415996,0.0,0.0,0.73106277,0.0,0.5358451,0.0,0.9643649,0.9208486,0.0,0.3885222,0.1918466,0.67177755,0.43800053,1.398229,0.0,0.0,0.0,0.0,0.0,0.0,1.0420309,0.79648215,0.0,0.0,1.7930957,0.0,0.0,8,3,0.6024297,reggae,disco
1.0789782,0.0,0.0,0.3715149,0.0,0.0,0.0,0.0,0.6138705,0.0,0.0,0.0,0.0,0.0,0.0,0.0,0.0,0.0,0.0,0.0,0.97899455,0.0,0.0,0.96752053,0.0,0.12484847,0.88617426,0.0,0.95834225,0.0,0.0,0.0,0.10348537,0.0,0.0,0.0,1.481556,0.0,0.0,0.38636246,1.1892301,0.0,1.0741634,0.0,0.0,0.0,0.0,0.91462976,0.0,0.0,0.0043676407,0.0,0.0,0.0,0.0,1.0634158,0.0,2.5494776,0.0,0.9658646,0.5161821,0.69184756,0.0,1.482445,0.0,0.29768828,0.0,0.0,0.0,0.0,0.8458447,1.0944463,0.0,1.6647232,0.0,0.0,0.45834798,0.0,0.9948615,0.0,0.4771449,0.0,0.0,1.412941,0.0,0.7025934,1.6029956,0.0,0.0,0.0,0.0,0.0,0.0,0.0,0.0,0.5317822,0.0,0.5274718,1.066395,0.13067138,2.7504082,0.0,0.0,0.099521704,0.0,1.5935814,0.0,1.0824275,1.3354174,0.0,0.0,0.0,0.17388758,0.08002774,1.237641,0.0,0.0,0.0,0.0,0.0,0.0,0.56561756,0.38755664,0.0,0.0,1.6900089,0.0,0.0,8,7,0.43457144,reggae,pop
0.71131325,0.0,0.0,0.3067126,0.0,0.0,0.0,0.56368375,0.8926467,0.0,0.0,0.0,0.0,0.0,0.0,0.0,0.0,0.0,0.0,0.0,1.1892766,0.0,0.0,0.5436836,0.0,0.39957452,0.0,0.0,1.3160369,0.0,0.0,0.0,0.0,0.0,0.0,0.0,1.8962177,0.0,0.0,0.0,1.232661,0.0,0.9938875,0.0,0.0,0.0,0.0,1.2845145,0.0,0.0,0.0,0.0,0.0,0.0,0.0,1.1882627,0.0,2.263734,0.0,1.192116,0.49091068,1.0582129,0.0,0.9010745,0.0,0.0,0.0,0.0,0.0,0.0,0.48904204,0.5919187,0.0,0.91908425,0.0,0.0,0.45038256,0.0,0.79269886,0.0,0.0,0.534187,0.0,2.0762887,0.0,1.1271954,1.4597849,0.0,0.0,0.0,0.0,0.88286316,0.12839165,0.0,0.0,0.20628425,0.0,0.29049036,0.8137122,0.09003089,1.6258113,0.0,0.0,0.11516333,0.0,1.6338967,0.0,0.91479224,0.8613921,0.0,0.0,0.0,0.0,0.11201671,2.1210933,0.0,0.0,0.0,0.0,0.0,0.0,0.44431278,0.21133718,0.0,0.0,1.3690813,0.47730425,0.0,8,7,0.7099628,reggae,pop
0.87137115,0.0,0.0,2.0402126,1.4262404,0.0,0.14486302,0.0,1.449491,0.0,0.0,0.0,0.0,0.0,0.74882084,0.0,0.0,2.939067,0.0,0.0,0.0,2.5507066,0.0,2.190746,0.18863301,0.0,0.0,0.0,0.0,0.0,0.0,0.0,0.005850265,0.0,0.57116157,0.0,0.0,0.0,0.0,0.39802775,0.0,2.4737508,0.0,0.42526662,0.0,1.6058455,1.2857581,0.0,0.0,1.1105723,0.0,0.25654984,0.0,2.26217,1.2423391,0.0,0.93273675,0.64258265,0.0,0.0,0.0,0.0,0.0,0.07953753,0.0,0.6600256,0.0,0.0,0.0,0.0,0.41371176,2.5122926,0.0,0.0,0.591907,0.0,1.1681472,0.0,1.5895686,0.0,0.0,0.0,0.018370783,0.4904267,3.0988185,0.0,0.0,0.0,0.0,0.0,0.0,0.0,0.0,0.0,0.17878945,2.018595,1.2019987,0.6030981,0.0,0.077028394,3.3206809,0.0596688,2.7047644,0.57526505,0.94095343,1.8183775,0.3885141,0.34418872,0.62868416,0.0,1.6310598,0.0,0.9702653,0.32041052,0.047758672,0.62819445,0.0,0.0,0.0,0.0,0.0,1.8971463,0.10781368,0.0,0.0,1.0895718,0.0,0.0,8,2,0.8872582,reggae,country
0.81764954,0.0,0.0,2.0815446,1.4848258,0.0,0.6435223,0.0,1.8085871,0.0,0.0,0.0,0.0,0.0,0.60335034,0.0,0.0,2.4539437,0.0,0.0,0.015731955,1.9960175,0.0,2.2589731,0.0,0.0,0.0,0.0,0.25351933,0.0,0.0,0.0,0.0,0.0,0.29280978,0.0,0.0,0.0,0.0,0.4649057,0.0,2.4033482,0.0,0.38403413,0.0,1.4129949,0.98669,0.0,0.0,1.0789688,0.35378477,0.063225955,0.0,2.0764866,1.1474003,0.0,0.7341466,0.63665557,0.0,0.0,0.0,0.0,0.0,0.0,0.0,0.701139,0.0,0.0,0.0,0.0,0.16770372,2.2524383,0.1271448,0.0,0.31904268,0.25895524,0.908447,0.09963011,1.5599091,0.0,0.0,0.0,0.100572154,0.3667143,2.7969806,0.0,0.28855607,0.0,0.0,0.0,0.12210935,0.0,0.0,0.0,0.0,2.1404147,0.80223346,0.5313223,0.0,0.0,3.0357037,0.0,2.4637682,0.67783767,1.1213663,1.5464662,0.29754227,0.99739087,1.0694972,0.0,1.4163426,0.0,0.88770515,0.21928881,0.16924281,0.3951224,0.0,0.0,0.3607255,0.0,0.0,1.884327,0.0,0.0,0.0,0.7445089,0.0,0.0,8,2,0.7639447,reggae,country
0.6475678,0.0,0.0,1.306782,1.2056988,0.0,0.5633352,0.0,1.9237452,0.0,0.0,0.0,0.0,0.0,0.6115218,0.0,0.0,1.8201448,0.0,0.0,0.0,1.9986329,0.0,2.435136,0.0,0.0,0.2547617,0.0,0.111393616,0.0,0.0,0.0,0.0,0.0,0.0,0.0,0.0,0.0,0.0,0.11767314,0.0,1.9569675,0.0,0.44207644,0.0,0.8628047,0.8909098,0.0,0.0,0.2330623,0.6137862,0.0,0.0,1.8220528,1.0208668,0.0,0.9585318,0.52380574,0.0,0.0,0.0,0.0,0.0,0.3667542,0.0,0.7973559,0.0,0.0,0.0,0.0,0.0,2.178521,0.33400574,0.0,0.0,0.55622226,0.4010984,0.061344497,1.525684,0.0,0.0,0.0,0.0,0.0,2.3247738,0.0,0.6743343,0.0,0.0,0.0,0.0,0.0,0.0,0.0,0.0,2.2112641,0.5466703,0.8552741,0.0,0.0,2.9629145,0.0,2.2109652,0.58363974,1.1699135,1.5216721,0.038303267,1.1147748,1.0486006,0.0,1.3089563,0.0,0.60820746,0.0,0.4568346,0.0,0.0,0.0,0.0,0.0,0.0,1.6782391,0.22197811,0.0,0.0,0.75678355,0.0,0.0,8,2,0.67551506,reggae,country
1.5084546,0.0,0.0,1.6624306,1.2029295,0.0,0.18714492,0.0,2.1338108,0.0,0.0,0.0,0.0,0.0,0.6371808,0.0,0.0,1.9768363,0.0,0.0,0.0,2.1692154,0.0,2.2946453,0.0,0.0,0.44547632,0.0,0.0,0.0,0.0,0.0,0.0,0.0,0.013359912,0.0,0.0,0.0,0.0,0.0,0.0,2.3029768,0.0,0.9238042,0.0,0.96968484,1.5321399,0.0,0.0,0.5939253,0.17226893,0.0,0.0,1.6326373,0.9559414,0.0,0.71637774,0.9195995,0.0,0.0,0.0,0.0,0.0,0.4447885,0.0,1.1050544,0.43381828,0.0,0.0,0.0,0.0,2.5728934,0.33281362,0.0,0.0,0.21531613,1.0589305,0.0,1.3820649,0.0,0.0,0.0,0.0,0.038278177,2.5471992,0.0,0.3607183,0.0,0.0,0.0,0.0,0.0,0.0,0.0,0.0,2.5992205,1.1483523,1.3500943,0.0,0.0,3.1850135,0.0,2.013901,0.6183127,0.98535204,1.7805736,0.28897783,0.6739196,0.4165565,0.0,1.4269438,0.0,0.94938046,0.0,0.31014818,0.13489161,0.0,0.0,0.0,0.0,0.0,1.8053,0.17299712,0.0,0.0,0.88731915,0.0,0.0,8,2,0.7914019,reggae,country
1.1413829,0.0,0.0,1.3147231,0.6414327,0.0,0.18245684,0.0,2.0708253,0.0,0.0,0.0,0.0,0.0,0.30644956,0.0,0.0,2.2979496,0.0,0.0,0.16260664,2.6107016,0.0,2.108003,0.0,0.0,1.026523,0.0,0.06887692,0.0,0.0,0.0,0.1402619,0.0,0.0,0.0,0.0,0.0,0.0,0.35421804,0.0,2.4455698,0.0,0.7054898,0.0,0.47879237,1.2213199,0.0,0.0,0.0,0.0,0.0,0.0,1.4087715,0.4204206,0.0,0.61870426,1.0285939,0.0,0.0,0.0,0.0,0.0,0.48499095,0.0,1.2174743,0.7839317,0.0,0.0,0.0,0.3344259,2.4574285,0.109168544,0.0,0.0,0.41303483,0.88529724,0.0,1.3164884,0.0,0.0,0.0,0.0,0.0039006826,2.1687376,0.0,0.997746,0.0,0.0,0.0,0.0,0.0,0.0,0.0,0.0,2.444978,0.61785406,1.3286484,0.0,0.0,2.996499,0.0,1.5807465,0.0920281,0.24891411,0.5016698,0.5744981,0.6451637,1.1584061,0.0,1.7882638,0.0,0.7433514,0.25760454,0.45813423,0.0,0.0,0.0,0.0,0.0,0.0,1.8290775,0.44676703,0.0,0.0,0.836215,0.0,0.0,8,2,0.47879788,reggae,country
0.0,0.0,0.0,2.0969188,0.4513279,0.0,2.232144,0.0,0.9179777,0.0,0.0,0.6572148,0.0,0.0,0.0,0.111456424,0.0,1.2221628,0.0,0.0,0.7336142,0.49092874,0.0,1.008314,0.0,0.0,0.0,0.0,0.3256925,0.0,0.0,0.0,0.0,0.0,0.0,0.0,0.22267646,0.0,0.0,1.048812,0.0,0.0,0.09240156,1.3736327,0.0,0.38004804,0.5153722,0.0,0.0,0.22911423,1.7789276,0.0,0.0,0.6155595,0.0,0.0,0.048675302,0.14458154,0.0,0.18856668,0.19388653,1.3831939,0.0,0.0,0.0,0.0,0.0,0.0,0.0,0.02492034,0.0,0.88272953,0.0,0.0,0.0,0.0,1.5595572,0.0,1.3559594,0.0,0.0,0.0,0.4531458,2.0445852,1.6888891,0.0,1.2381302,0.0,0.0,0.0,0.68720615,0.0,0.3062602,0.0,0.0,0.6226801,0.0,0.0,0.0,0.0,2.0394647,0.0,2.6485205,0.6305448,1.4160956,2.382047,0.0,1.3227962,1.3634642,0.0,1.7532883,0.0,0.8946684,0.0,0.0,0.46207532,0.0,0.0,1.1885898,0.0,0.0,2.1630175,0.0,0.0,0.0,0.8226197,0.7577342,0.0,8,3,0.50164473,reggae,disco
0.0,0.0,0.0,2.0358431,0.27592972,0.0,2.0133226,0.0,1.5223573,0.0,0.0,0.28259504,0.0,0.0,0.0,0.06719811,0.0,1.422582,0.0,0.0,0.49821344,0.5502826,0.0,1.3517257,0.0,0.0,0.13487266,0.0,0.16830464,0.0,0.0,0.0,0.0,0.0,0.0,0.0,0.25648886,0.0,0.0,1.2084603,0.0,0.0,0.0,1.1789658,0.0,0.1717095,0.2778892,0.0,0.0,0.2762163,1.9301515,0.0,0.0,0.7764943,0.0,0.0,0.0,0.32841855,0.0,0.17901726,0.20997494,1.0852559,0.0,0.3772579,0.0,0.0,0.0,0.0,0.0,0.0,0.0,1.4747312,0.0,0.0,0.0,0.0,1.6862124,0.0,1.8917096,0.0,0.0,0.0,0.3439671,2.2118104,2.0489902,0.0,1.4225266,0.0,0.0,0.0,0.2282967,0.0,0.42692235,0.0,0.0,0.907686,0.0,0.15221427,0.042494282,0.0,2.4985538,0.0,2.9956336,0.79273975,1.3754117,2.7643313,0.0,1.5853971,1.6282746,0.0,1.755171,0.0,0.6048435,0.0,0.0,0.25916624,0.0,0.0,0.9229266,0.0,0.0,2.2459698,0.0,0.0,0.0,1.2284237,0.39950067,0.0,8,3,0.7497682,reggae,disco
0.0,0.0,0.0,1.4622793,0.0,0.0,1.4990612,0.0,1.3382436,0.0,0.0,0.3182652,0.0,0.0,0.0,0.39370483,0.0,1.2766315,0.0,0.0,0.20378438,0.48780012,0.0,1.2110188,0.0,0.0,0.41507772,0.0,0.3025323,0.0,0.0,0.0,0.0,0.0,0.0,0.0,0.59953326,0.0,0.0,0.7429294,0.0,0.0,0.0,1.0216396,0.0,0.0,0.46326715,0.0,0.0,0.107928924,1.7892158,0.0,0.0,0.95963407,0.0,0.0,0.0,0.31838405,0.0,0.650973,0.22532439,1.0694635,0.0,0.3802505,0.0,0.0,0.0,0.0,0.0,0.0,0.0,1.512382,0.0,0.0,0.0,0.07000776,1.6294464,0.0,1.8106798,0.0,0.0,0.0,0.04959455,2.187476,1.7954327,0.0,1.626592,0.0,0.0,0.0,0.154143,0.0,0.34517157,0.0,0.0,0.83733845,0.0,0.06076546,0.26397762,0.0,2.8913605,0.0,2.1443431,0.9971603,0.7896207,2.1321383,0.0,1.8720417,1.4102832,0.0,1.3900592,0.0,0.9404683,0.0,0.0,0.0,0.0,0.0,0.7548406,0.0,0.0,2.231182,0.0,0.0,0.0,1.4472644,0.32872462,0.0,8,3,0.8803592,reggae,disco
0.0,0.0,0.0,1.821115,0.0,0.0,2.0232477,0.056575473,1.2783517,0.0,0.0,0.6681495,0.0,0.0,0.0,0.540159,0.0,1.4642589,0.0,0.0,0.047463167,0.41379935,0.0,1.0747021,0.0,0.0,0.050201196,0.0,0.2592681,0.0,0.0,0.0,0.0,0.0,0.0,0.0,0.54337555,0.0,0.0,1.0049279,0.0,0.0,0.0,1.0843652,0.0,0.0,0.16340765,0.0,0.0,0.0,1.834193,0.0,0.0,0.7831712,0.0,0.0,0.0,0.12789977,0.0,0.5760672,0.18116128,1.2837771,0.0,0.23789641,0.0,0.0,0.0,0.0,0.0,0.0,0.0,1.3000695,0.0,0.0,0.0,0.10158007,1.5522944,0.0,1.7900728,0.0,0.0,0.0,0.33708194,2.0978792,1.5647916,0.0,1.6605866,0.0,0.0,0.0,0.5157249,0.0,0.43643957,0.0,0.0,0.947517,0.0,0.0,0.0,0.0,2.266616,0.0,2.612685,0.6732734,1.2070819,1.8112737,0.0,1.5029969,1.2464235,0.0,1.6973996,0.0,0.9779957,0.0,0.0,0.2592608,0.0,0.0,0.79518557,0.0,0.0,2.1530871,0.0,0.0,0.0,0.9615516,0.6451313,0.0,8,3,0.77260625,reggae,disco
0.0,0.0,0.0,2.0736492,0.27670267,0.0,2.2588778,0.0,1.1451946,0.0,0.0,0.8675123,0.0,0.0,0.0,0.14652142,0.0,1.2727345,0.0,0.0,0.14323945,0.16948873,0.0,1.1527905,0.0,0.0,0.0,0.0,0.20653754,0.0,0.0,0.0,0.0,0.0,0.0858918,0.0,0.5071156,0.0,0.0,0.8616877,0.0,0.0,0.0,0.94045174,0.0,0.4144283,0.14766355,0.0,0.0,0.0,1.6247514,0.0,0.0,0.68928075,0.0,0.0,0.0093865,0.35623306,0.0,0.27278727,0.10396059,1.269202,0.0,0.25496358,0.0,0.0,0.0,0.0,0.0,0.0,0.0,1.2874218,0.0,0.0,0.0,0.0,1.7322668,0.0,1.7293552,0.0,0.0,0.0,0.30432758,2.0080574,2.1304245,0.0,1.495418,0.0,0.0,0.0,0.30049163,0.0,0.4239292,0.0,0.0,0.8009548,0.0,0.0,0.0,0.0,2.155897,0.0,3.0512357,0.7684483,1.2456034,2.1879454,0.0,1.100202,1.3577641,0.0,1.6286087,0.0,0.7731777,0.0,0.0,0.667065,0.0,0.0,0.7139146,0.0,0.0,2.188655,0.0,0.0,0.0,0.89256155,0.60388184,0.0,8,3,0.6132234,reggae,disco
1.0322635,0.0,0.1304643,1.397246,1.3953611,0.30126897,0.0,0.1898786,0.0,0.0,0.27793676,0.0,0.0,0.0,0.0,0.0,0.43174753,0.9816916,0.0,0.0,2.1852381,0.0,0.0,1.279668,0.0,0.46668127,0.0,0.0,0.0,0.0,0.56292754,0.0,0.0,0.0,0.9273837,0.0,0.0,0.89274466,0.0,0.0,0.07147285,0.28688616,1.7236533,0.24678218,0.0,0.6739319,2.4556658,0.0,0.0,0.6497918,0.0,0.26481125,0.0,0.0,0.0,0.63845545,0.7958203,1.2291405,0.0,0.0,0.0,0.39880148,0.5333602,0.0,0.057097107,0.45344478,0.0145033505,0.0,0.0,0.57308,0.0,0.0,0.0,0.0,1.361906,0.0,3.123234,0.0,0.4784763,0.0,1.1942039,0.0,0.8465813,1.4026452,0.31375828,0.0,0.0,0.0,0.0,0.0,0.8446306,0.0,0.72544503,0.0,0.40899092,0.0,3.840095,0.32065013,0.0,0.002822197,0.0,0.0,0.009870454,0.0,0.0,2.6003559,0.5489961,0.0,0.8252603,0.0,1.3072667,0.0,0.15753308,0.0,0.0,1.2128537,0.0,0.0,0.056329515,0.0,0.0,1.4063708,0.0,0.0,0.0,0.0,0.58429694,0.0,8,8,0.5153999,reggae,reggae
0.8451424,0.0,0.2027244,1.0883195,0.7455044,0.07896117,0.0,0.21479101,0.0,0.02004062,0.0,0.0,0.0,0.0,0.0,0.0,0.6440994,0.79736066,0.0,0.0,2.1086164,0.0,0.0,1.4061127,0.0,0.7206255,0.0,0.0,0.0,0.0,0.4400152,0.0,0.0,0.0,0.49869445,0.0,0.0075689247,0.59923434,0.0,0.15840058,0.5471432,0.52584696,2.0340974,0.53904164,0.0,0.30806994,2.0766408,0.0,0.0,0.36819014,0.0,0.47567004,0.0,0.0,0.0,0.4583824,0.9906349,1.660555,0.0,0.0,0.2955586,0.31512216,0.45813793,0.15257461,0.06276134,0.57240003,0.0,0.0,0.0,0.7782589,0.0,0.0,0.0,0.0,1.123218,0.0,2.8210328,0.0,0.49258313,0.0,1.1366485,0.0,0.45477772,0.9959024,0.26250082,0.0,0.17473064,0.0,0.0,0.0,0.5736842,0.0,0.5850878,0.0,0.07227815,0.0,3.449533,0.34414667,0.09790574,0.18878178,0.0,0.0,0.0,0.0,0.0,2.8736088,0.3894553,0.0,1.2515088,0.0,0.82195026,0.10787427,0.031134823,0.0,0.28943628,0.5921809,0.0,0.0,0.037882812,0.0,0.0,1.2606648,0.0,0.0,0.0,0.0,0.2957368,0.0,8,8,0.65128946,reggae,reggae
1.0512782,0.0,0.43136483,0.9111571,0.860633,0.04890806,0.0,0.0,0.0,0.0,0.0,0.0,0.0,0.0,0.0,0.0,0.7247881,1.0551131,0.0,0.0,2.4106116,0.0,0.0,0.7449279,0.26507708,0.8342224,0.0,0.0,0.0,0.0,0.6115564,0.0,0.0,0.0,0.54110926,0.0,0.0,0.8102054,0.0,0.0,0.0,0.0354369,1.9980608,1.0903426,0.0,0.62652904,2.5167084,0.0,0.0,0.7688001,0.0,0.0,0.0,0.0,0.0,0.4475082,0.70340115,1.6941265,0.0,0.0,0.0,0.17360198,0.87201715,0.121528134,0.049146935,0.77160376,0.3861005,0.0,0.0,1.2526121,0.0,0.0,0.0,0.0,1.3791348,0.0,2.8616912,0.0,0.15216722,0.0,1.2832505,0.0,0.560377,0.85946333,0.42527354,0.0,0.122252375,0.0,0.0,0.0,0.43183944,0.0,0.41136214,0.0,0.7186457,0.0,3.688867,0.545988,0.0,0.17541364,0.0,0.0,0.19991413,0.0,0.0,2.7281473,0.2934553,0.0,0.6562865,0.0,0.8038688,0.0,0.0,0.0,0.0,1.034453,0.0,0.0,0.0,0.0,0.0,1.2063049,0.0,0.0,0.0,0.0,0.14026947,0.0,8,8,0.42965546,reggae,reggae
1.1186695,0.0,0.10898658,1.2097836,0.77758807,0.0,0.0,0.14547947,0.0,0.16481693,0.0,0.0,0.0,0.0,0.0,0.0,0.2745576,0.93943775,0.0,0.0,1.8726158,0.0,0.0,0.9535274,0.23098308,0.758043,0.0,0.0,0.0,0.0,0.7829525,0.0,0.0,0.0,0.84276503,0.0,0.0,0.87067974,0.0,0.0,0.0,0.0,1.5837141,0.5867259,0.0,0.71087104,2.1103165,0.0,0.0,0.9185161,0.0,0.0,0.0,0.0,0.0,0.48599738,0.74040556,1.4485841,0.0,0.0,0.0,0.32556188,0.9664333,0.0,0.11211662,0.6699431,0.082916304,0.0,0.0,1.0597682,0.0,0.48518434,0.0,0.0,1.0386914,0.0,3.0193381,0.0,0.42352092,0.0,1.5902637,0.0,0.86444116,1.0881306,0.51046294,0.0,0.0,0.0,0.0,0.0,0.23861311,0.0,0.8111686,0.0,0.42115426,0.0,3.7281797,0.60622615,0.0,0.13040563,0.0,0.0,0.0,0.0,0.0,3.0735252,0.22574218,0.0,0.7936272,0.0,0.7949542,0.0,0.04853404,0.0,0.0,1.0123266,0.0,0.0,0.0,0.0,0.0,1.7071314,0.0,0.0,0.0,0.0,0.19563238,0.0,8,8,0.5174537,reggae,reggae
1.0124413,0.0,0.0,1.5403388,1.0148926,0.0,0.0,0.49437055,0.0,0.036884822,0.0,0.0,0.0,0.0,0.0,0.0,0.30986747,0.95270777,0.0,0.0,2.1862018,0.0,0.0,1.2789211,0.0,0.45745412,0.0,0.0,0.0,0.0,0.9950008,0.0,0.0,0.0,0.2914133,0.0,0.0,0.57211006,0.0,0.047061533,0.12140189,0.2015797,1.550282,0.44016612,0.0,0.46663183,2.0930521,0.0,0.0,0.42393136,0.0,0.40297234,0.0,0.0,0.0,0.35236147,0.59578913,1.9093696,0.0,0.0,0.0,0.2252401,0.7114751,0.0,0.051075414,0.65936315,0.08492035,0.0,0.0,0.71401054,0.0,0.0,0.0,0.0,1.1401012,0.0,2.7382307,0.0,0.4249202,0.0,1.1681571,0.0,0.757406,1.3800589,0.38338786,0.0,0.0,0.0,0.0,0.0,0.23708564,0.0,0.56912726,0.0,0.56375563,0.0,3.4511735,0.2964539,0.0,0.22425243,0.0,0.0,0.0,0.0,0.0,3.0808756,0.4595383,0.0,0.9833672,0.0,0.8792994,0.0,0.069936395,0.0,0.28411064,0.7783837,0.0,0.0,0.0,0.0,0.0,1.18584,0.0,0.0,0.0,0.0,0.039588306,0.0,8,8,0.62829214,reggae,reggae
1.1020085,0.0,0.0,0.0,0.0,0.0,0.0,0.0,0.0,0.0,0.0,0.74206555,0.0,0.0,0.20031303,0.0,0.0,0.0,0.0,0.32073638,0.0,0.0,0.0,0.95143354,0.0,0.0,0.20600721,0.0,0.57626367,0.0,0.0,0.0,0.0,0.0,0.73913014,0.0,1.3007791,0.0,0.0,0.0,0.0,0.16104452,0.22713532,0.0,0.015465612,0.69631255,0.72351956,1.4578072,0.0,1.2201307,0.0,0.0,0.0,0.0,1.046725,0.0,0.7583645,0.0,0.0,0.0,0.0,0.031160984,0.0,0.0,0.0,0.5649194,0.0,0.0,0.0,0.0,0.54173565,1.4023209,0.0,0.0,0.0,0.5198978,0.0,0.0,1.155443,0.0,0.0,0.23216645,0.37177134,0.72767633,0.43793216,0.0,0.0,0.0,0.0,0.94651437,0.0,0.33218363,0.0,0.0,0.0,0.0,0.2850607,0.0,0.0,0.041450568,0.45274135,0.13781938,0.0,1.3196089,0.053154204,1.177372,0.29546478,0.9963061,0.02407784,0.0,0.0,0.0,0.8824474,0.0,0.0,0.17781918,0.0,0.0,0.0,0.0,0.0,0.0,0.15291648,0.0,0.0,0.8945356,0.0,0.0,8,2,0.39365694,reggae,country
0.8571407,0.0,0.0,0.0,0.0,0.0,0.0,0.0,0.0,0.0,0.0,0.95349264,0.0,0.0,0.0,0.0,0.0,0.0,0.0,0.0,0.0,0.043309003,0.0,1.06947,0.0,0.0,0.0,0.0,0.0,0.0,0.0,0.0,0.0,0.0,1.5416682,0.0,1.4372526,0.0,0.0,0.0,0.0,0.066684395,0.28272057,0.0,0.0,1.2166812,1.3000779,0.9530577,0.0,1.3082479,0.0,0.0,0.0,0.0,1.4518815,0.0,1.3335924,0.0,0.0,0.0,0.0,0.0,0.0,0.0,0.0,0.70270884,0.0,0.0,0.0,0.0,0.26494277,1.0982357,0.0,0.0,0.41287637,0.9928171,0.0,0.52325237,1.6670938,0.0,0.0,0.0,1.1083782,0.76504666,1.242717,0.0,0.0,0.0,0.4460089,0.74361306,0.0,0.43701366,0.0,0.0,0.0,0.0,0.746206,0.0,0.0,0.0,0.0,0.4095135,0.11879982,1.3970053,0.059960183,1.0884792,0.0,0.7705135,0.0,0.0,0.0,0.0,1.2459524,0.0,0.0,0.7991302,0.0,0.0,0.7233316,0.0,0.0,0.0,0.0,0.0,0.0,0.5889444,0.0,0.0,8,2,0.39750838,reggae,country
0.017202785,0.0,0.0,0.0,0.15276572,0.0,0.35286567,0.0,0.0,0.0,0.0,0.9900608,0.0,0.0,0.0,0.0,0.0,0.29346803,0.0,0.0,0.0,0.0,0.0,1.0115799,0.0,0.0,0.0,0.0,0.20507757,0.0,0.0,0.0,0.0,0.0,0.61730736,0.0,0.9550244,0.081129864,0.0,0.50019544,0.0,0.0,0.0,0.0,0.0,0.7298686,0.6515203,1.2461705,0.0,0.48541355,0.55858,0.0,0.0,0.0,0.55808115,0.0,0.9063139,0.0,0.0,0.0,0.0,0.6349077,0.0,0.0,0.0,0.8885787,0.0,0.0,0.0,0.0,0.38230783,0.42891297,0.0,0.0,0.0,0.87513936,0.0,0.5986845,1.3154521,0.0,0.0,0.0,1.1821297,0.9903177,0.7254134,0.0,0.27683884,0.0,0.16533636,0.889825,0.1514143,0.7347139,0.0,0.0,0.0,0.0,0.0,0.0,0.0,0.0,0.0,0.393227,0.44085672,1.2057488,0.39681742,0.890009,0.0,0.7524267,0.32495353,0.0,0.257848,0.0,0.66858065,0.38712093,0.0,0.36895418,0.0,0.0,1.2152094,0.0,0.0,0.0,0.0,0.0,0.0,0.3836648,0.0,0.0,8,5,0.2726729,reggae,jazz
0.0,0.0,0.08590109,0.0,0.5502222,0.0,0.28270265,0.0,0.0,0.0,0.0,0.79131234,0.0,0.0,0.0,0.0,0.0,0.28415412,0.0,0.45764738,0.0,0.0,0.0,0.66594255,0.0,0.0,0.0,0.0,0.71860045,0.0,0.0,0.0,0.0,0.0,0.54640985,0.0,0.31790394,0.32754666,0.0,0.17637596,0.0,0.0,0.0,0.0,0.0,0.6105654,0.0,1.5857812,0.0,0.19723101,0.23898812,0.0,0.0,0.668636,0.39919353,0.0,0.65089,0.0,0.0,0.0,0.0,0.7163582,0.0,0.0,0.0,1.1107497,0.0,0.0,0.0,0.0,0.0,0.5476161,0.11790905,0.0,0.0,0.5207293,0.0,0.22094937,1.0950648,0.0,0.0,0.0,0.40992373,0.8569635,0.51131916,0.0,0.1461643,0.0,0.15384498,0.7609462,0.0,0.70431554,0.0,0.0,0.10633143,0.2668583,0.0,0.0,0.0,0.0,0.3164868,0.037719972,0.6209988,1.1155367,0.54434985,0.50963736,0.0,0.9213718,0.4207151,0.0,0.6398847,0.0,0.32411227,0.33980638,0.0,0.10306485,0.0,0.0,0.79243034,0.0,0.0,0.0,0.40878916,0.0,0.0,0.25919977,0.0,0.0,8,9,0.18918693,reggae,rock
0.80185866,0.0,0.0,0.06205641,0.9391992,0.0,0.0,0.0,0.0,0.0,0.0,0.35304904,0.0,0.0,0.6005632,0.0,0.0,0.05028031,0.0,0.0,0.0,0.0,0.0,1.0272838,0.0,0.0,0.0,0.0,0.9510914,0.0,0.0,0.0,0.0,0.0,0.5170253,0.0,0.09002471,0.0,0.0,0.0,0.0,0.86306006,0.08786983,0.0,0.0,0.8258359,0.0,1.6149578,0.0,0.7157594,0.0,0.0,0.0,1.1894362,1.0565423,0.0,0.53147113,0.0,0.0,0.0,0.0,0.57301337,0.0,0.0,0.0,1.0161833,0.0,0.0,0.04411008,0.0,0.44824773,0.8963319,0.39883354,0.0,0.0,0.75714695,0.0,0.55482894,0.86798835,0.0,0.0,0.0,0.10688428,1.0222241,1.0349102,0.0,0.20528719,0.0,0.0,1.5088184,0.0,0.45474923,0.0,0.0,0.0,0.0,0.0,0.0,0.0,0.24316335,0.96090895,0.68793356,0.0,0.84155947,0.0,0.2812332,0.1357183,0.8968951,0.0,0.0,0.10623941,0.0,0.3650293,0.1416024,0.38924566,0.0,0.0,0.0,0.86166066,0.0,0.0,0.0,0.65104496,0.0,0.0,0.9366137,0.0,0.0,8,2,0.4176689,reggae,country
2.0668812,0.0,0.0,0.95723015,0.0,0.0,0.11273891,0.619719,0.6225604,0.0,0.0,0.7182687,0.0,0.0,0.0,0.0,0.0,0.2489523,0.0,0.0,0.0,0.0,0.0,1.7021693,0.0,0.0,0.0,0.0,0.0,0.0,0.57075024,0.0,0.0,0.0,0.3267472,0.0,1.3809533,0.0,0.0,0.0,0.44119567,0.0,0.57412565,0.55333316,0.0,0.0,1.707376,0.0,0.0,0.2939572,1.3006914,0.19311911,0.0,0.0,0.0,0.0,0.0,0.025343178,0.0,0.0,1.5633526,0.8522283,0.0,0.0,0.0,0.10767745,0.22987923,0.0,0.0,0.14227428,0.0,0.8423499,0.0,0.0,0.0,0.7739368,2.2472072,0.26953027,1.3207284,0.0,0.37032676,0.38068658,0.3969493,2.4181612,1.5514896,0.0,0.13073352,0.0,0.0,0.0,0.21599382,0.0,1.800285,0.0,0.14366376,0.93053585,2.4371243,0.6170996,0.7672936,0.0,0.4720147,0.0,0.0,1.1204549,0.0,2.5519896,0.0,1.0174475,0.0,0.0,1.31797,0.0,1.5360911,0.0,0.74011946,1.411939,0.0,0.0,0.40850416,0.0,0.0,1.538899,0.0,0.0,0.0,0.51174366,0.0,0.0,8,3,0.4413095,reggae,disco
2.233955,0.0,0.0020089417,1.1184844,0.0,0.0,0.0,0.5139649,0.28210586,0.0,0.0,0.42657396,0.0,0.0,0.0,0.0,0.1267455,0.15171582,0.0,0.0,0.64451295,0.0,0.0,1.4001249,0.0,0.34679207,0.0,0.0,0.0,0.0,1.1796315,0.0,0.0,0.0,0.15043144,0.0,1.5275068,0.0,0.0,0.0,0.59861225,0.0,0.8792734,0.357307,0.0,0.0,1.9485928,0.009042606,0.0,0.51038116,1.1724532,0.0,0.0,0.0,0.0,0.0,0.0,0.3865107,0.0,0.0,1.4813108,0.5509721,0.0,0.0,0.0,0.0,0.4438149,0.0,0.0,0.14057991,0.0,0.41027543,0.0,0.0,0.0,0.17376716,2.5562367,0.0058731036,1.3541936,0.0,0.32554528,0.57522887,0.20164232,2.2529063,0.8461756,0.0,0.20023483,0.0,0.009240797,0.0,0.0,0.0,1.5933272,0.0,0.0,0.8869561,2.552596,0.6608544,1.2988142,0.0,0.74259406,0.0,0.0,1.186384,0.0,2.9324546,0.0,0.8229238,0.32442117,0.0,1.2575741,0.0,1.3300961,0.0,0.7370312,1.1580592,0.0,0.0,0.09853523,0.0,0.0,1.3255014,0.0,0.0,0.0,0.47831103,0.0,0.0,8,8,0.42488563,reggae,reggae
2.612064,0.0,0.4884347,1.0588968,0.0,0.27100867,0.0,0.20155863,0.12823233,0.0,0.033958975,0.0,0.0,0.0,0.0,0.0,0.0,0.22345284,0.0,0.0,0.9867989,0.0,0.0,2.2929814,0.0,0.7376075,0.0,0.0,0.0,0.0,1.6121714,0.0,0.0,0.0,0.0,0.0,1.402358,0.0,0.0,0.0,1.5596426,0.14771272,1.5286981,0.22939777,0.0,0.0,2.4218118,0.0,0.0,0.0,0.3705465,0.52506053,0.0,0.0,0.0,0.0,0.0,0.84436566,0.0,0.035245772,0.98371476,0.36718017,0.0,0.0,0.0,0.5666047,0.30661497,0.0,0.0,0.0,0.0,0.53117925,0.0,0.0,0.0,0.36549613,2.5821939,0.0,1.1792833,0.0,0.0,0.14853115,0.030761393,2.4135542,0.5478235,0.0,0.18420753,0.0,0.0,0.0,0.07344911,0.0,2.1022782,0.0,0.106637724,0.7724875,2.299404,0.97787285,1.6980957,0.08353488,0.7218704,0.0,0.0,0.9916445,0.0,2.7062392,0.0,0.47374973,0.300048,0.0,0.87789094,0.0,1.5099111,0.0,1.2745646,1.1810403,0.0,0.0,0.075168386,0.0,0.0,1.520877,0.0,0.0,0.0,0.54689765,0.0,0.0,8,8,0.72704756,reggae,reggae
2.6180627,0.0,0.96548593,0.61227196,0.0,0.47847298,0.0,0.7537695,0.51289517,0.0,0.0,0.4672506,0.0,0.0,0.0,0.0,0.0,0.0,0.0,0.0,0.5616742,0.0,0.0,1.6885103,0.0,0.03215741,0.0,0.0,0.0,0.0,1.2432209,0.0,0.0,0.0,0.0,0.0,2.4022326,0.0,0.0,0.0,1.7524949,0.0,0.95440704,0.23331876,0.0,0.0,2.3285139,0.0,0.0,0.0,0.5169263,0.93839157,0.0,0.0,0.0,0.0,0.0,0.1352102,0.0,0.0,1.5769762,0.7294341,0.0,0.0,0.0,0.46240243,0.0,0.0,0.0,0.0,0.0,0.7358652,0.0,0.0,0.0,0.53773516,3.232168,0.23586072,0.82771635,0.0,0.0,0.32074618,0.09913835,2.4619849,0.39553612,0.028168602,0.51036876,0.0,0.09827264,0.0,0.1563579,0.0,2.2252643,0.0,0.006016363,0.9633111,1.97229,1.2418406,1.9668953,0.0,0.52554685,0.0,0.0,1.4250854,0.0,2.3338528,0.0,0.6322304,0.0,0.0,0.8606212,0.0,1.6573364,0.0,1.0980425,1.4822077,0.0,0.0,0.3595215,0.0,0.0,1.3700942,0.0,0.0,0.0,0.42257875,0.0,0.0,8,8,0.61381006,reggae,reggae
1.5360813,0.0,0.6948023,0.9615461,0.0,0.102088474,0.4982553,1.1226131,1.166547,0.14354195,0.0,0.48312062,0.0,0.11360841,0.0,0.3818497,0.0,0.8952635,0.0,0.0,0.0,0.0,0.0,1.1020697,0.0,0.0,0.4418545,0.0,0.0,0.0,0.0,0.0,0.0,0.0,0.0,0.0,1.5811646,0.0,0.0,0.5127043,1.1883548,0.0,0.25965935,1.1000105,0.0,0.0,1.9599316,0.0,0.0,0.0,2.018497,0.0,0.0,0.0,0.0,0.0,0.0,0.0,0.0,0.0,1.8706236,1.0911503,0.0,0.5548152,0.0,0.0,0.0,0.0,0.0,0.0,0.0,0.2711949,0.0,0.0,0.0,0.99395066,2.8291886,0.05021005,1.4533545,0.0,0.0,0.0,0.028341228,1.9968265,0.3883706,0.06362742,1.4627488,0.0,0.05448945,0.0,0.0,0.0,2.2610018,0.0,0.22309594,1.9511743,1.5471452,1.3923677,1.630189,0.0,1.3158768,0.0,0.4197338,2.2763898,0.0,1.7066662,0.0,1.7743229,1.1563607,0.0,1.9376283,0.0,1.1995003,0.0,0.42946675,1.256765,0.0,0.0,0.3920135,0.0,0.0,2.0785885,0.0,0.0,0.0,0.26696232,0.19352725,0.0,8,3,0.9613466,reggae,disco
0.32099506,0.0,0.0,0.16064958,0.0,0.16353463,0.0,0.81886303,2.6272478,0.0,0.0,0.056499742,0.0,0.0,0.0,0.5508228,0.0,1.727497,0.0,0.0,0.3867481,0.82169545,0.0,1.4908215,0.0,0.0,0.8078122,0.0,0.0,0.0,0.0,0.0,0.0,0.0,0.0,0.0,0.14915968,0.0,0.0,0.6762125,1.7581742,0.0,0.0,1.1295322,0.0,0.0,1.752146,0.0,0.0,0.0,0.65193623,0.0,0.0,0.7804872,0.0,0.92940027,0.0,0.4417782,0.0,0.0,0.31325093,0.0,0.22156103,1.2961086,0.0,1.2640373,0.45186037,0.0,0.11282621,0.0,0.0,0.9414278,0.0,0.0,0.0,1.3301448,1.6384051,0.0,1.240891,0.0,0.0,0.0,0.0,1.0005254,0.11648589,0.0,1.547314,0.0,0.0,0.0,0.05397051,0.0,1.8315208,0.0,0.43398994,2.6433136,0.0,1.4932455,0.78827095,0.24688368,1.89044,0.0,0.41553536,1.7463815,0.0,0.2561759,0.0,1.6290907,1.1226572,0.0,2.0434713,0.3306422,1.2846963,0.0,1.017246,0.0,0.0,0.0,0.0,0.0,0.0,2.4573,0.0,0.0,0.0,0.2221292,0.0,0.0,8,3,0.97367585,reggae,disco
0.0,0.0,0.0,1.2340128,0.0,0.0,0.86899316,0.40159506,2.9748256,0.0,0.0,0.0,0.0,0.0,0.0,0.049705125,0.0,2.9496539,0.0,0.0,0.73994535,2.0236187,0.0,2.02596,0.0,0.0,0.7969712,0.0,0.0,0.0,0.0,0.0,0.0,0.0,0.0,0.0,0.0,0.0,0.0,1.5246397,1.6114471,0.16424523,0.0,1.5500778,0.0,0.0,1.2008313,0.0,0.0,0.0,1.7798057,0.0,0.0,0.8152886,0.0,0.40682086,0.0,0.5104512,0.0,0.0,0.46536234,0.0,0.44367075,2.0535188,0.0,1.5276334,0.88735044,0.0,0.0,0.0,0.0,0.69551504,0.0,0.0,0.0,1.5234425,1.2838455,0.0,1.8814479,0.0,0.4233375,0.0,0.0,0.46445784,0.40131766,0.019926101,1.5992891,0.0,0.0,0.0,0.0,0.0,1.3261052,0.0,0.90144515,3.321073,0.0,2.1382952,0.6993141,0.09000723,2.436818,0.0,1.1336837,0.9815846,0.10127066,0.2461213,0.0,2.2430732,2.1354165,0.0,2.8168263,0.1210677,0.86035645,0.0,0.6923776,0.0,0.0,0.0,0.0,0.0,0.0,2.3390687,0.0,0.0,0.0,0.32890797,0.0,0.0,8,3,0.99083674,reggae,disco
0.4085753,0.0,0.0,1.1315674,0.0,0.0,0.12223522,0.0,2.5963435,0.0,0.0,0.0,0.0,0.0,0.0,0.0,0.0,2.6157591,0.0,0.0,0.13455716,1.8912867,0.0,2.5012517,0.0,0.0,0.8401544,0.0,0.0,0.0,0.0,0.0,0.0,0.0,0.0,0.0,0.0,0.0,0.0,0.6478005,0.50018686,0.8402846,0.0,1.0217342,0.0,0.0,1.6710626,0.0,0.0,0.0,0.89597774,0.0,0.0,1.0530385,0.3800042,0.10297991,0.0,0.2836458,0.0,0.0,0.09327965,0.0,0.0,1.2355318,0.0,1.7862968,0.0,0.0,0.0,0.0,0.0,2.0435276,0.0,0.0,0.05113068,1.2893081,1.56589,0.0,1.6106079,0.0,0.042914037,0.0,0.0,0.88514334,1.0442132,0.0,1.3114113,0.0,0.0,0.0,0.0,0.0,1.0283378,0.0,0.89848864,3.1139946,0.20595375,1.1396973,0.7517375,0.09521544,2.7761605,0.0,1.5263013,1.721574,0.5399027,0.7552609,0.0,1.4114707,1.4629955,0.0,2.495078,0.0,1.070331,0.0,0.47104064,0.0,0.0,0.0,0.0,0.0,0.0,2.023847,0.0,0.0,0.0,0.79333663,0.0,0.0,8,3,0.94704527,reggae,disco
0.5756413,0.0,0.0,0.82980704,0.0,0.21868365,0.0,0.070673145,1.8684568,0.0,0.0,0.14326707,0.0,0.0,0.0,0.0,0.0,2.135163,0.0,0.0,0.05819106,1.1187268,0.0,2.005999,0.0,0.0,0.3438652,0.041638512,0.0,0.0,0.0,0.0,0.0,0.0,0.056921307,0.0,0.0,0.0,0.0,0.31898376,0.7536191,0.0,0.0,1.2013173,0.0,0.0,2.0100725,0.0,0.0,0.0,1.102766,0.0,0.0,0.6319004,0.0,0.32030734,0.0,0.2882118,0.0,0.0,0.0,0.0,0.0,1.0112476,0.0,1.3936161,0.0,0.0,0.0,0.0,0.0,1.4549501,0.0,0.0,0.09479899,1.4901607,1.7310913,0.0,1.6394883,0.0,0.0,0.0,0.0,1.1366696,0.50369877,0.0,1.4587997,0.0,0.0,0.0,0.08556338,0.0,1.5925181,0.0,1.1810935,2.6035004,0.6651804,0.89394784,0.554508,0.0,2.0637681,0.0,0.81468105,1.6861366,0.6338106,0.87611187,0.0,1.7167825,1.471335,0.0,2.210265,0.0,0.95785046,0.0,0.6082806,0.0,0.0,0.0,0.06910356,0.0,0.0,2.4810328,0.0,0.0,0.0,0.16272011,0.0,0.0,8,3,0.9596295,reggae,disco
0.0,0.0,0.0,1.2213726,0.0,0.45371497,0.85496134,0.51485616,2.3154519,0.0,0.0,0.5451538,0.0,0.0,0.0,0.43259516,0.0,2.365017,0.0,0.0,0.0,1.0539718,0.0,1.3164793,0.0,0.0,0.7216787,0.03922486,0.0,0.0,0.0,0.0,0.0,0.0,0.0,0.0,0.0,0.0,0.0,0.8637195,0.3186682,0.0,0.0,1.609528,0.0,0.0,1.471076,0.0,0.0,0.0,1.7615228,0.0,0.0,0.9738912,0.0,0.3075223,0.0,0.0,0.0,0.0,0.07925057,0.0,0.088832654,1.3846701,0.0,0.84701616,0.08749458,0.0,0.0,0.0,0.0,1.4375541,0.0,0.0,0.0,1.4257323,1.3861349,0.0,1.4868249,0.0,0.0,0.0,0.0,0.8087198,0.5924598,0.0,1.2059462,0.0,0.0,0.0,0.24358712,0.0,1.6214651,0.0,1.1774307,2.64046,0.27069083,0.8211156,0.26171038,0.0,2.3535383,0.0,1.9800779,2.2532358,1.040099,1.0058613,0.0,1.8291306,1.3782586,0.0,2.9658043,0.0,0.8813167,0.0,0.24543859,0.0,0.0,0.0,0.0,0.0,0.0,2.6885023,0.0,0.0,0.0,0.0,0.0,0.0,8,3,0.9727567,reggae,disco
0.0,0.0,0.0,2.1683836,0.4485922,0.0,0.9788298,0.0,0.0,0.0,0.0,0.8866884,0.0,0.0,0.0,0.0,0.3646265,2.385523,0.0,0.0,1.969354,0.0,0.0,0.035233572,1.218146,0.0,0.0,0.20859492,1.0823779,0.0,0.0,0.0,0.0,0.0,0.2718382,0.0,0.21187826,0.81496745,0.0,0.52931195,0.0,0.032618515,0.7815229,0.0,0.0,0.21233131,0.0,1.7052091,0.0,1.1595256,1.0803372,0.0,0.0,0.0,0.120374724,0.0,0.0,0.098198354,0.0,0.0,0.0,0.76485133,0.0,0.0,0.0,0.0,0.0,0.0,0.0,0.41007861,0.020156374,0.0,0.0,0.0,0.24257067,0.0,0.79930806,0.0,1.847756,0.0,0.0,0.0,0.0,1.581657,1.4925802,0.0,0.100951284,0.0,0.0,0.0,0.0,0.0,0.0,0.0,1.8127763,0.2966571,0.071534894,0.0,0.0,0.0,0.97858834,0.5556732,1.3988197,0.36161935,0.0,2.1082907,0.2421352,0.7924887,0.73358333,0.0,1.0331689,0.0,0.0,1.8671266,0.0,0.0,0.0,0.0,1.1821979,0.0,0.0,0.0,0.0,0.0,0.0,0.52588016,0.40295228,0.0,9,9,0.4110098,rock,rock
0.0,0.0,0.0,2.6718395,0.9509781,0.0,0.99714965,0.0,0.0,0.0,0.0,0.83424485,0.0,0.0,0.0,0.0,0.5255435,2.933763,0.0,0.0,1.1849428,0.0,0.0,0.0,1.0664619,0.0,0.0,0.0,1.3580235,0.33697993,0.0,0.0,0.52186906,0.0,0.12356654,0.0,0.0,0.9292848,0.0,0.5976619,0.0,0.0,0.85957026,0.3242581,0.0,0.56191367,0.0,1.5827005,0.0,1.6079232,0.9083574,0.0,0.0,0.0,0.0,0.0,0.0,0.29759026,0.0,0.0,0.0,0.33889213,0.0,0.01254383,0.0,0.0,0.3524245,0.0,0.0,0.61977494,0.04160198,0.43827704,0.0,0.0,0.0,0.0,0.54452485,0.0,1.9376203,0.0,0.0,0.0,0.0,1.1077491,1.6575288,0.0,0.0,0.0,0.0,0.0,0.0,0.0,0.0,0.0,2.3832688,0.42293882,0.2610503,0.0,0.0,0.0,1.2388796,0.7669199,1.993722,0.22620775,0.0,1.6563901,0.97069395,0.74891794,1.0113747,0.0,1.9102441,0.0,0.0,1.650842,0.0,0.0,0.0,0.0,0.6227566,0.0,0.0,0.0,0.5313231,0.0,0.0,0.34108254,0.30369842,0.0,9,0,0.44752017,rock,blues
0.0,0.0,0.0,2.012329,0.8991754,0.0,0.21929678,0.0,0.33859715,0.0,0.0,1.0641255,0.0,0.0,0.0,0.0,0.078097805,2.1005042,0.0,0.0,0.76537883,0.0,0.0,0.0,0.15688346,0.0,0.0,0.0,1.5395056,0.19492088,0.0,0.0,0.24245054,0.0,0.13718614,0.0,0.0,0.17947346,0.0,0.67918444,0.0,0.0,0.72505695,0.018400494,0.0,0.41848063,0.0,1.4058597,0.0,1.2527498,0.6955768,0.0,0.0,0.31920666,0.0,0.0,0.0,0.7206285,0.0,0.0,0.0,0.7051961,0.0,0.0,0.0,0.0,0.11770102,0.0,0.0,0.50034815,0.009953925,0.84593743,0.0,0.0,0.0,0.0,0.712141,0.0,1.6073424,0.0,0.0,0.0,0.0,1.6805106,1.3873764,0.0,0.06196698,0.0,0.0,0.41860572,0.138314,0.0,0.0,0.0,1.1712645,0.34853315,0.0,0.0,0.0,0.0,1.3837638,0.64830077,1.4036545,0.3387911,0.0,1.2992975,0.34166846,0.977351,0.65599984,0.0,1.4381605,0.0,0.0,1.3369213,0.39508006,0.0,0.0,0.0,0.4808055,0.0,0.0,0.0,0.74585164,0.019548908,0.0,0.4685764,0.44365928,0.0,9,9,0.38662612,rock,rock
0.0,0.0,0.0,2.3182468,1.0820467,0.0,0.7062517,0.0,1.0034814,0.0,0.0,0.65628654,0.0,0.0,0.0,0.0,0.18774062,1.8925533,0.0,0.0,1.1136643,0.0,0.0,0.3839704,0.0,0.0,0.0,0.0,1.4727364,0.0,0.0,0.0,0.0,0.0,0.0,0.0,0.0,0.11979247,0.0,0.42015523,0.0,0.2846824,0.87626356,0.0,0.0,0.868492,0.0,0.98753345,0.0,1.2160575,0.6132779,0.0,0.0,0.21599394,0.06286823,0.0,0.051661644,0.96674436,0.0,0.0,0.0,0.47557107,0.0,0.18068299,0.0,0.0,0.0,0.0,0.0,0.0,0.0,0.15238783,0.0,0.0,0.0,0.0,0.895414,0.0,1.7329615,0.0,0.0,0.0,0.0,1.7614928,1.3458219,0.0,0.0,0.0,0.0,0.04604955,0.5832317,0.0,0.064369366,0.0,0.5731752,0.14658496,0.17053387,0.0,0.0,0.2965171,1.2356875,0.3189692,1.8364207,0.0,0.23286794,1.5540123,0.19716325,1.1929874,1.0719537,0.0,1.3606431,0.0,0.051267058,1.1061229,0.26734188,0.0,0.0,0.0,0.42359227,0.0,0.0,0.0,0.12742436,0.0,0.0,0.9477665,0.098523475,0.0,9,9,0.39533868,rock,rock
0.0,0.0,0.0,1.8126284,0.97262657,0.0,1.4068937,0.0,1.1324443,0.09281427,0.0,0.28753224,0.0,0.0,0.0,0.0,0.1290459,1.5678152,0.0,0.0,0.8941111,0.0,0.0,0.0,0.0,0.0,0.0,0.0,1.354597,0.0,0.0,0.0,0.0,0.0,0.0,0.0,0.0,0.0,0.0,0.0,0.0,0.5352548,1.2182742,0.0,0.0,1.0636466,0.0,0.33389997,0.0,0.9475345,0.4382497,0.0,0.0,0.84528863,0.320156,0.0,0.61618876,0.8653914,0.0,0.06486395,0.0,0.3872331,0.0,0.4754336,0.0,0.0,0.0,0.0,0.0,0.0,0.0,0.52933973,0.1347184,0.0,0.0,0.0,0.2993062,0.0,1.4523722,0.0,0.0,0.0,0.0,1.04537,0.9373329,0.0,0.0,0.0,0.0,0.08975375,0.20308308,0.686257,0.0,0.0,0.08048682,0.2866287,0.19419985,0.0,0.0,0.22967581,1.6506262,0.0,1.9929315,0.0,0.7989132,1.3761172,0.0,1.33284,1.3215561,0.0,0.9902663,0.0,0.0,1.1269219,0.24792351,0.0,0.0,0.0,0.55660695,0.0,0.0,0.0,0.0,0.0,0.0,0.35705522,0.21382324,0.0,9,0,0.55767703,rock,blues
0.0,0.0,0.0,1.0449528,0.8754564,0.0,1.148922,1.0492756,1.3704767,0.0,0.80275124,0.0,0.0,0.0,0.0,0.33443084,0.0,1.109541,0.0,0.0,0.0,1.6637863,0.0,0.0,0.0,0.0,0.17338133,0.0,0.611237,0.0,0.0,0.0,0.0,0.0,0.0,0.0,0.0,0.0,0.99681157,1.0925568,1.2006711,0.0,0.0,0.0,1.1574495,0.0,0.0,0.0,0.0,0.0,0.98179984,0.0,0.0,0.91521406,0.0,1.2087729,0.60343605,0.0,0.0,0.0,0.0,1.2660221,0.032701414,0.0,0.48073134,0.6318416,0.0,0.0,0.0063021136,0.0,1.7494706,0.0,0.39786485,0.0,0.0,1.367489,0.0,0.0,0.6192392,0.0,0.0,0.0,0.0,0.0,0.0,0.0,0.76743054,0.0,0.0,0.0,0.79441476,0.64404523,0.0,1.7367449,0.0,0.7732031,0.0,0.0,0.0,0.0,0.77536273,0.0,1.8431652,0.2966161,0.07924134,0.0,0.944622,0.8108071,0.89518327,0.0,1.8304164,0.0,0.0,1.8657992,0.0,0.0,0.0,0.62198275,1.3394561,0.0,0.0,0.0,1.4355984,0.0,0.0,0.0,0.0,0.0,9,9,0.5880702,rock,rock
0.0,0.0,0.0,0.70301265,0.0,0.0,0.82832044,0.7733264,1.903064,0.0,0.34680638,0.0,0.0,0.0,0.0,0.0,0.0,1.2430418,0.0,0.0,0.07275017,1.817606,0.0,0.36912602,0.0,0.0,0.47856683,0.0,0.070519,0.0,0.0,0.0,0.0,0.0,0.0,0.0,0.0,0.0,0.37273046,0.878685,0.9104904,0.0,0.0,0.0,1.016168,0.0,0.0,0.0,0.0,0.0,0.8911362,0.0,0.0,0.8273622,0.0,0.9432424,0.31597045,0.0,0.0,0.0,0.0,0.43327734,0.0,0.0,0.2677072,0.7361656,0.0,0.0,0.0,0.0,1.3508471,0.6239463,0.16457428,0.0,0.0,1.2942119,0.0,0.0,0.7318073,0.0,0.0,0.0,0.0,0.0,0.031272076,0.0,0.87195843,0.0,0.0,0.0,0.7165556,0.1095832,0.0,0.5061661,0.0,1.3661143,0.0,0.0,0.0,0.0,1.2043911,0.0,2.1512146,0.820639,0.0,0.0,0.51557803,1.0251627,1.0953702,0.0,1.9289645,0.0,0.13388765,1.4804108,0.0,0.0,0.0,0.4955389,0.46237656,0.0,0.0,0.11263263,1.2882186,0.0,0.0,0.0,0.0,0.0,9,9,0.41270202,rock,rock
0.0,0.0,0.0,1.469144,0.71881765,0.0,1.6104261,0.30305144,1.5972008,0.0,0.5871165,0.0,0.0,0.0,0.0,0.0,0.0,1.8125463,0.0,0.0,0.122076616,1.7069012,0.0,0.26400012,0.0,0.0,0.32390562,0.07739587,0.93041015,0.0,0.0,0.0,0.0,0.0,0.0,0.0,0.0,0.0,0.8439779,0.8381714,0.45228028,0.0,0.0,0.0,0.8479153,0.0,0.0,0.0,0.0,0.0,1.0753212,0.0,0.0,1.1348959,0.0,0.72378844,0.8038666,0.1579671,0.0,0.0,0.0,0.94829065,0.0,0.0,0.12778622,0.67847365,0.0,0.0,0.0,0.0,1.7890437,0.16452968,0.6174668,0.0,0.069873184,0.9655344,0.0,0.0,0.8909188,0.0,0.0,0.0,0.0,0.0,0.37233186,0.0,0.6745526,0.0,0.0,0.0,1.209691,0.1412325,0.0,0.9112366,0.0,1.3706783,0.0,0.0,0.0,0.0,1.069066,0.0,2.7080855,0.4200699,0.3633208,0.0,0.88903284,0.76273847,1.0857245,0.0,2.17042,0.0,0.0,1.941218,0.0,0.0,0.0,0.5351525,1.1479665,0.0,0.0,0.2082756,1.2930628,0.0,0.0,0.0,0.0,0.0,9,9,0.7143239,rock,rock
0.0,0.0,0.0,1.7102528,1.0107478,0.0,1.623132,0.37984765,1.3016272,0.0,0.5718149,0.0,0.0,0.0,0.0,0.0,0.0,2.1539223,0.0,0.0,0.46684906,1.7344605,0.0,0.2495825,0.0,0.0,0.0,0.06471664,1.1774821,0.0,0.0,0.0,0.0,0.0,0.0,0.0,0.0,0.0,0.9018147,0.6666065,0.24914466,0.6910295,0.0,0.0,1.030777,0.0,0.0,0.0,0.0,0.0,0.7355565,0.0,0.0,1.3806306,0.0,0.23070261,1.324458,0.55130196,0.0,0.0,0.0,0.9236846,0.0,0.0,0.44208884,0.64993304,0.0,0.0,0.0,0.0,1.7858306,0.20134361,0.7054999,0.0,0.12950338,0.51878905,0.0,0.0,0.7921274,0.0,0.0,0.0,0.0,0.0,0.56260186,0.0,0.4270424,0.0,0.0,0.0,0.73424095,0.0,0.0,1.0395603,0.0,0.9750863,0.0,0.0,0.0,0.0,1.2199905,0.0,3.0589123,0.0,0.8596463,0.0,1.3557371,0.6349766,1.3749207,0.0,1.6909108,0.0,0.0,2.0678163,0.0,0.0,0.0,0.3046934,1.3992552,0.0,0.0,0.09056763,1.43237,0.0,0.0,0.053572863,0.0,0.0,9,9,0.7754432,rock,rock
0.0,0.0,0.0,0.9214254,0.0,0.0,1.3247591,1.1493142,2.1777618,0.0,0.29328507,0.0,0.0,0.0,0.0,0.0,0.0,1.5211828,0.0,0.0,0.4198471,1.9941187,0.0,0.25831804,0.0,0.0,0.9290518,0.25932556,0.3686553,0.0,0.0,0.0,0.09890187,0.0,0.0,0.0,0.0,0.0,0.6488023,0.5094407,1.1133007,0.23061341,0.0,0.0,1.2434663,0.0,0.0,0.0,0.0,0.0,0.26395956,0.0,0.0,1.0185885,0.3773387,1.136515,0.9181339,0.43398535,0.0,0.0,0.0,0.03419256,0.0,0.0,1.0345696,0.7741026,0.0,0.0,0.0,0.0,1.3989494,0.55082214,0.7778443,0.0,0.01154722,1.1032192,0.0,0.0,0.51263183,0.0,0.0,0.0,0.0,0.0,0.464952,0.0,0.6648733,0.0,0.0,0.0,0.52748966,0.0,0.0,0.888409,0.0,1.4984735,0.0,0.0,0.0,0.0,1.6224107,0.0,2.7577462,0.54869044,0.35204244,0.0,0.9095444,0.27856332,0.85029584,0.0,1.4695998,0.0,0.093098655,1.8062413,0.0,0.0,0.0,0.8630731,0.45290992,0.0,0.0,0.42134306,1.7519448,0.0,0.0,0.0,0.0,0.0,9,6,0.44430235,rock,metal
0.0,0.0,0.0,3.180491,2.8752213,0.0,2.8768725,0.0,2.2256367,0.0,0.9614955,0.0,0.0,0.0,0.0,0.0,0.0,3.3124728,0.0,0.0,0.25179246,2.5752048,0.0,1.0709407,0.0,0.0,0.0,0.0,1.6259743,0.0,0.0,0.0,1.0561088,0.0,0.0,0.0,0.0,0.0,0.4187555,1.7555535,0.0,1.0515313,0.0,0.0,0.0,0.112617165,0.0,0.0,0.0,0.0,2.609053,0.0,0.0,2.1428971,0.0,0.04930793,1.3861431,0.21270575,0.0,0.0,0.0,0.0,0.0,0.13690029,0.2623989,0.40281013,0.0,0.0,0.0,0.0,2.806153,0.7309404,0.0,0.0,0.0,0.72487897,0.0,0.0,2.885028,0.0,0.0,0.0,0.0,0.16503029,1.505024,0.0,0.83960533,0.0,0.0,0.0,1.742416,0.0,0.0,1.6653324,0.0,1.8719406,0.0,0.0,0.0,0.0,2.4334078,0.0,5.195437,0.0,1.979815,0.0,1.7695525,1.2583306,2.5161464,0.0,3.3306162,0.0,0.0,2.647931,0.0,0.0,0.0,1.1574997,2.0134156,0.0,0.0,0.52130526,1.1363143,0.0,0.0,0.4084231,0.0,0.0,9,9,0.96530414,rock,rock
0.0,0.0,0.0,3.362205,2.6010664,0.0,2.767511,0.0,2.0146205,0.0,0.7801033,0.0,0.0,0.0,0.0,0.0,0.0,3.2637482,0.0,0.0,0.18695906,2.5616467,0.0,1.0809366,0.0,0.0,0.0,0.0,1.7347368,0.0,0.0,0.0,0.8151151,0.0,0.0,0.0,0.0,0.0,0.34973043,1.8256468,0.0,1.0169206,0.0,0.0,0.0,0.0,0.0,0.0,0.0,0.0,2.3848832,0.0,0.0,2.1749427,0.0,0.27828056,1.5196488,0.21074879,0.0,0.0,0.0,0.15375258,0.0,0.0,0.19681276,0.7824057,0.004221964,0.0,0.0,0.0,3.0539622,0.8673629,0.0,0.0,0.0,0.39481482,0.0,0.0,2.6516113,0.0,0.0,0.0,0.0,0.43221325,1.6065832,0.0,1.3731649,0.0,0.0,0.0,1.6702762,0.0,0.0,1.5227625,0.0,1.8020848,0.0,0.0,0.0,0.0,2.5000796,0.0,4.985663,0.0,1.5442958,0.055863876,1.9813136,0.82702667,2.7494214,0.0,3.5471523,0.0,0.0,2.7590585,0.0,0.0,0.0,1.3059654,2.052394,0.0,0.0,0.31528604,1.1410186,0.0,0.0,0.4021457,0.0,0.0,9,9,0.9696069,rock,rock
0.0,0.0,0.0,2.7197313,2.1232662,0.0,2.5812802,0.0923111,1.8520265,0.0,1.1148654,0.0,0.0,0.0,0.0,0.0,0.0,2.5902107,0.0,0.0,0.055318557,2.3006063,0.0,1.0950174,0.0,0.0,0.15694271,0.0,1.6019919,0.0,0.0,0.0,0.65181273,0.0,0.0,0.0,0.0,0.0,0.32721213,1.9944848,0.08810088,0.4800594,0.0,0.0,0.0,0.0,0.0,0.0,0.0,0.0,2.6996608,0.0,0.0,1.8722067,0.0,0.37161016,1.3668063,0.1237881,0.0,0.0,0.0,0.84779733,0.0,0.0,0.0,0.43242505,0.0,0.0,0.0,0.0,2.8042407,0.8876459,0.0,0.0,0.0,0.955979,0.0,0.0,2.7281287,0.0,0.0,0.0,0.0,0.121058,1.0552437,0.0,1.4672078,0.0,0.0,0.0,1.6941837,0.0,0.0,2.1204135,0.0,1.6909024,0.0,0.0,0.0,0.0,2.2077324,0.0,4.3144593,0.0,1.2744879,0.0,1.3625352,1.5443784,2.7731605,0.0,3.2179427,0.0,0.0,2.4140952,0.0,0.0,0.0,1.1350182,2.5180762,0.0,0.0,0.39279482,0.93437964,0.0,0.0,0.0,0.0,0.0,9,9,0.9773909,rock,rock
0.0,0.0,0.0,2.6888819,2.177731,0.0,2.6625237,0.07372341,2.208107,0.0,0.86931247,0.0,0.0,0.0,0.0,0.0,0.0,2.781716,0.0,0.0,0.06959517,2.5250597,0.0,1.0615094,0.0,0.0,0.0,0.0,1.6531312,0.0,0.0,0.0,0.8385463,0.0,0.0,0.0,0.0,0.0,0.43445805,2.1442375,0.0,0.65887487,0.0,0.0,0.19823334,0.0,0.0,0.0,0.0,0.0,2.5863833,0.0,0.0,1.9977952,0.0,0.4636143,1.1104448,0.34293067,0.0,0.0,0.0,0.22973123,0.0,0.3296977,0.1811358,0.26391533,0.0,0.0,0.0,0.0,2.472356,0.78160566,0.0,0.0,0.0,0.97803265,0.0,0.0,2.594592,0.0,0.0,0.0,0.0,0.0,1.0338073,0.0,1.1432109,0.0,0.0,0.0,1.4503227,0.0,0.0,1.8540964,0.0,1.4606584,0.0,0.0,0.0,0.0,2.403603,0.0,4.2453833,0.0,1.2785147,0.0,1.7233968,1.4887578,2.2084756,0.0,2.9121306,0.0,0.0,2.4328997,0.0,0.0,0.0,1.3170514,2.0643563,0.0,0.0,0.30105588,1.3404233,0.0,0.0,0.0,0.0,0.0,9,9,0.9668975,rock,rock
0.0,0.0,0.0,2.3910704,2.1029682,0.0,2.5748105,0.13263214,1.8886944,0.0,0.898105,0.06397062,0.0,0.0,0.0,0.0,0.040901605,2.7209635,0.0,0.0,0.0,2.4906178,0.0,0.9724521,0.0,0.0,0.0,0.0,1.5916111,0.0,0.0,0.0,0.7965879,0.0,0.0,0.0,0.0,0.0,0.82267547,2.214313,0.0,0.6735193,0.0,0.0,0.13566096,0.0,0.0,0.0,0.0,0.0,2.2269475,0.0,0.0,1.8321964,0.0,0.5943927,1.0743178,0.13871808,0.0,0.0,0.0,0.17076486,0.0,0.22254096,0.3526693,0.060964517,0.05507933,0.0,0.0,0.0,2.60832,0.96685135,0.0,0.0,0.0,0.7944534,0.0,0.0,2.378055,0.0,0.0,0.0,0.0,0.0,1.206645,0.0,1.4870361,0.0,0.0,0.0,1.4315827,0.0,0.0,1.9418151,0.0,1.5115256,0.0,0.0,0.0,0.0,2.3406787,0.0,3.865475,0.0,0.6856257,0.0,1.6902995,1.1091769,2.0089304,0.0,2.9058104,0.0,0.0,2.5107048,0.0,0.0,0.0,1.1932359,1.6604666,0.0,0.0,0.0,1.5085018,0.0,0.0,0.0,0.0,0.0,9,9,0.9631026,rock,rock
0.0,0.0,0.0,1.4773467,1.633631,0.0,2.1570835,0.0,0.20480803,0.0,0.0,0.0,0.0,0.0,0.0,0.0,0.0,1.2213517,0.0,0.0,0.0,0.8174774,0.0,0.4840798,0.0,0.0,0.0,0.0,0.6518256,0.0,0.0,0.0,0.0,0.0,0.2723301,0.0,0.0,0.56974185,0.853692,1.2937243,0.0,0.18045934,0.0,0.0,0.09536343,1.2815331,0.0,0.0,0.0,0.0,1.4998701,0.0,0.0,0.9413164,0.24109705,0.0,1.5509795,0.0,0.0,0.0,0.0,1.1612337,0.0,0.0,0.20499913,0.8661202,0.0,0.0,0.0,0.0,0.34374884,0.0,0.11856579,0.0,0.046426874,0.7431153,0.0,0.17743312,0.8493725,0.0,0.0,0.0,0.0,0.0,1.151834,0.0,0.0,0.0,0.0,0.0,1.0640457,0.0,0.0,0.0,0.0,0.52546734,0.0,0.0,0.0,0.11248733,0.3502672,0.0,3.1065323,0.48266783,1.4188919,0.0,0.58687645,0.29367417,0.6969316,0.0,1.575725,0.0,0.0,0.9052462,0.0,0.0,0.0,0.0,1.0396625,0.0,0.0,0.0,0.07571066,0.0,0.0,0.18165033,0.0,0.0,9,9,0.4253291,rock,rock
0.0,0.0,0.0,1.0430903,0.72385484,0.0,1.3278844,0.0,0.94964755,0.0,0.0,0.0,0.0,0.0,0.0,0.0,0.0,1.4588782,0.0,0.0,0.0,1.2629964,0.0,1.0507052,0.0,0.0,0.0,0.0,0.017557096,0.0,0.0,0.0,0.0,0.0,0.017209698,0.0,0.0,0.09668788,0.008065189,1.140476,0.0,0.0009431678,0.0,0.0,0.0,1.5033275,0.7586802,0.0,0.0,0.0,1.2168065,0.0,0.0,1.0269971,1.0111543,0.0,1.0757079,0.0,0.0,0.0,0.0,0.5020305,0.0,0.0,0.1364673,1.4167581,0.0,0.0,0.0,0.0,0.0,0.6918926,0.38104835,0.0,0.0,0.7869445,0.31121382,0.0,0.8188427,0.0,0.0,0.0,0.0,0.0,1.9251125,0.0,0.052332886,0.0,0.68677056,0.0,0.5441743,0.0,0.0,0.0,0.0,1.1499023,0.0,0.0,0.0,0.22578453,0.84771836,0.0,3.0966403,1.3221714,1.6961019,0.33956048,0.06599026,0.5652181,0.8001804,0.0,1.5882825,0.0,0.35246423,0.39746708,0.0,0.0,0.0,0.0,0.104390405,0.0,0.0,0.5612325,0.16637054,0.0,0.0,0.5512793,0.0,0.0,9,2,0.39565876,rock,country
0.0,0.0,0.0,1.1838781,0.7646495,0.0,1.4048076,0.0,1.007756,0.0,0.0,0.0,0.0,0.0,0.0,0.0,0.0,1.9167875,0.0,0.0,0.0,1.6838855,0.0,1.2469293,0.0,0.0,0.076678924,0.0,0.051086336,0.0,0.0,0.0,0.0,0.0,0.0,0.0,0.0,0.0,0.0,1.0215534,0.0,0.0,0.0,0.18955396,0.0,1.056393,0.6549906,0.0,0.0,0.0,1.3759296,0.0,0.0,1.4843428,0.8717659,0.0,1.583408,0.0,0.0,0.0,0.0,0.2840113,0.0,0.039181452,0.0,1.610525,0.0,0.0,0.0,0.0,0.17526457,0.6406185,0.24277791,0.0,0.0,0.8634274,0.30108872,0.0,1.2123854,0.0,0.0,0.0,0.0,0.0,1.9194907,0.0,0.39020497,0.0,0.4289916,0.0,0.88416904,0.0,0.0,0.0,0.0,1.4331211,0.0,0.0,0.0,0.16613066,1.2630111,0.0,2.8803318,1.5362484,1.7502657,0.09030445,0.14233026,1.1554389,0.773351,0.0,1.9710552,0.0,0.26980457,0.597005,0.0,0.0,0.0,0.0,0.75206155,0.0,0.0,1.149608,0.015725428,0.0,0.0,0.5495671,0.0,0.0,9,2,0.34055534,rock,country
0.0,0.0,0.0,1.4295353,0.9762666,0.0,1.6980587,0.0,1.0752264,0.0,0.0,0.0,0.0,0.0,0.0,0.0,0.0,2.2032485,0.0,0.0,0.0,1.5457796,0.0,0.6013492,0.0,0.0,0.0,0.0,0.0,0.0,0.0,0.0,0.0,0.0,0.031857755,0.0,0.0,0.2196275,0.0,1.3696086,0.0,0.0,0.0,0.0,0.0,0.7144602,0.0,0.0,0.0,0.0,1.5340933,0.0,0.0,1.5038103,0.39336896,0.0,1.1433547,0.0,0.0,0.0,0.0,0.39328113,0.0,0.3473969,0.25404516,1.0035936,0.0,0.0,0.0,0.0,0.17221126,0.33305272,0.26238257,0.0,0.0,0.7142835,0.32300568,0.0,1.2657937,0.0,0.0,0.0,0.0,0.0,1.4592172,0.0,0.18360753,0.0,0.0,0.0,1.1850468,0.0,0.0,0.0,0.21944998,1.4146112,0.0,0.0,0.0,0.1778075,1.1227709,0.0,2.6947203,0.76114863,1.3135561,0.33357304,0.79442006,1.3804749,1.1250366,0.0,2.0133617,0.0,0.0,0.87864757,0.0,0.0,0.0,0.0068269894,1.0807954,0.0,0.0,0.6635068,0.0,0.0,0.0,0.018033894,0.0,0.0,9,9,0.47309765,rock,rock
0.0,0.0,0.0,1.4454839,0.8091247,0.0,2.0976043,0.0,1.5330431,0.0,0.0,0.15643056,0.0,0.0,0.0,0.0,0.0,1.9029825,0.0,0.0,0.0,1.551527,0.0,0.71816427,0.0,0.0,0.0,0.0,0.0,0.0,0.0,0.0,0.17004463,0.0,0.0,0.0,0.0,0.0,0.10502351,1.5459615,0.0,0.0,0.0,0.122525714,0.0,0.5310772,0.062870674,0.0,0.0,0.0,2.1785493,0.0,0.0,1.9040464,0.13556498,0.0,0.88125443,0.0,0.0,0.0,0.33314946,1.2778548,0.0,0.14384986,0.0,0.5900135,0.0,0.0,0.0,0.0,0.0,0.3609749,0.20110007,0.0,0.0,1.2158389,0.3169775,0.0,1.4568727,0.0,0.0,0.0,0.0,0.0,1.3199549,0.0,0.8114567,0.0,0.00075686583,0.0,1.1139816,0.0,0.0,0.0,0.0,1.9107803,0.0,0.0,0.0,0.0,1.5372995,0.0,3.223844,1.4679044,1.3862652,0.15310365,0.5145393,1.6901834,1.395129,0.0,2.2060845,0.0,0.57564974,0.2698425,0.0,0.0,0.0,0.13785546,0.6417899,0.0,0.0,0.93259037,0.0,0.0,0.0,0.0,0.0,0.0,9,3,0.3972116,rock,disco
0.0,0.0,0.0,1.1634426,0.6067344,0.0,2.7751896,0.4533025,1.1005633,0.0,0.0,0.35737243,0.0,0.0,0.0,0.5203596,0.0,1.5365995,0.0,0.0,1.0168414,0.31556386,0.3027887,0.0,0.0,0.0,0.0,0.0,0.18098098,0.0,0.0,0.0,0.6589983,0.0,0.0,0.0,0.0,0.9520406,0.7240315,1.1168419,0.0,0.0,0.0,0.35461405,0.8056277,0.0,0.0,0.0,0.0,0.0,2.3177292,0.0,0.0,0.41707435,0.0,0.6104275,0.15311888,0.076008275,0.0,0.0,0.3021177,0.4535135,0.6946499,0.0,0.0,0.0,0.63693297,0.0,0.0,0.0,0.0,0.0,0.0,0.0,0.0,0.80748653,0.0,0.0,1.513938,0.0,0.0,0.0,0.0,0.0,0.0,0.0,0.0,0.0,0.0,0.0,0.4973328,0.06771019,0.0,0.044117022,0.0,1.5703213,0.0,0.0,0.0,0.0,0.54925704,0.0,4.082886,0.08186386,0.7806126,0.0,0.4869068,1.8449733,0.88806623,0.0,1.9178617,0.0,0.0,0.74673796,0.0,0.0,0.0,1.1080803,1.1912363,0.0,0.0,0.7327091,0.0,0.0,0.0,0.0,0.0,0.0,9,0,0.30260426,rock,blues
0.0,0.0,0.0,1.0543281,0.0,0.0,2.7834358,0.6664714,1.6429724,0.0,0.0,0.35596433,0.0,0.0,0.0,0.64417607,0.0,1.2975795,0.0,0.0,1.018885,0.22039779,0.0,0.0,0.0,0.0,0.0,0.0,0.3688873,0.0,0.0,0.0,0.6800682,0.0,0.0,0.0,0.0,0.808777,0.51765573,1.16601,0.0,0.0,0.0,0.55550176,0.8111457,0.0,0.0,0.0,0.0,0.0,2.085397,0.0,0.0,0.52314514,0.0,1.0083756,0.031859938,0.17521259,0.0,0.0,0.51519275,0.2606274,0.6733266,0.14611503,0.21929002,0.0,0.58497655,0.0,0.0,0.0,0.0,0.0,0.02784326,0.0,0.0,1.0982671,0.0,0.0,1.6462547,0.0,0.41111577,0.0,0.0,0.0,0.12231148,0.0,0.0,0.0,0.0,0.0,0.0,0.0,0.0,0.0,0.0,2.218619,0.0,0.14127912,0.0,0.0,0.98737615,0.0,3.9212925,0.3983982,0.6995085,0.0,0.48114377,1.6899912,1.2386993,0.0,1.7063057,0.0,0.0,0.6422213,0.0,0.0,0.0,1.5211722,0.82479686,0.0,0.0,0.37640283,0.3610097,0.0,0.0,0.0,0.0,0.0,9,0,0.3030426,rock,blues
0.0,0.0,0.0,1.3495787,0.0,0.0,3.1536758,0.62707955,2.085971,0.0,0.0,0.6061898,0.0,0.0,0.0,0.76327765,0.0,1.6214628,0.0,0.0,0.53303397,0.5774775,0.045627147,0.0,0.0,0.0,0.0,0.0,0.1998178,0.0,0.0,0.0,0.6001981,0.0,0.0,0.0,0.0,0.8180049,0.71872866,1.4652522,0.12819384,0.0,0.0,0.5716994,0.86402416,0.0,0.0,0.0,0.0,0.0,2.7015843,0.0,0.0,0.6570468,0.0,0.92138803,0.11254941,0.0,0.0,0.0,0.7226767,0.64145195,0.6048668,0.38618773,0.0,0.0,0.735176,0.0,0.0,0.0,0.0,0.0,0.0,0.0,0.0,1.2453362,0.14644785,0.0,2.0493917,0.0,0.20615634,0.0,0.0,0.0,0.0,0.0,0.00250365,0.0,0.0,0.0,0.31630048,0.0,0.0,0.0,0.0,2.5814915,0.0,0.29375347,0.0,0.0,1.1350381,0.0,3.7109725,0.29555246,0.531778,0.0,0.14794677,2.266554,1.6284798,0.0,2.3253024,0.0,0.0,0.6454468,0.0,0.0,0.0,1.5129192,0.9308507,0.0,0.0,1.0473454,0.13569607,0.0,0.0,0.0,0.0,0.0,9,3,0.45373464,rock,disco
0.0,0.0,0.0,1.8441185,0.007363512,0.0,3.4529326,0.77577025,2.116773,0.0,0.0,0.620911,0.0,0.0,0.0,0.947307,0.0,2.310191,0.0,0.0,0.46893772,1.088566,0.22423838,0.0,0.0,0.0,0.03241227,0.0,0.0,0.0,0.0,0.0,0.20764937,0.0,0.0,0.0,0.0,0.9164559,0.15818392,1.5340323,0.20369337,0.0,0.0,1.063539,0.7688978,0.0,0.092877805,0.0,0.0,0.0,2.817659,0.0,0.0,1.0937568,0.0,0.665874,0.7023145,0.0,0.0,0.0,0.91649765,1.0966742,1.2241558,0.6175258,0.0,0.3884966,0.5650614,0.0,0.0,0.0,0.0,0.14263855,0.0,0.0,0.0,1.1484643,0.70021725,0.0,1.5919431,0.0,0.3163212,0.0,0.0,0.0,0.027261145,0.0,0.32945132,0.0,0.0,0.0,0.104987144,0.0,0.0,0.0,0.0,2.652982,0.0,0.42351994,0.0,0.0,0.91865873,0.0,4.2823205,0.81735283,1.4160969,0.0,0.0,2.2076356,1.519398,0.0,2.599347,0.0,0.0,0.30343074,0.0,0.0,0.0,1.1601365,0.80931544,0.0,0.0,1.326545,0.0,0.0,0.0,0.0,0.09465768,0.0,9,3,0.49918908,rock,disco
0.0,0.0,0.0,1.9486642,0.0,0.0,3.377898,0.48973057,2.0808465,0.0,0.0,0.5746777,0.0,0.0,0.0,1.0326961,0.0,2.5414093,0.0,0.0,0.34821326,1.4157513,0.34193835,0.039518245,0.0,0.0,0.12617303,0.0,0.0,0.0,0.0,0.0,0.0,0.0,0.0,0.0,0.0,0.6533939,0.0,1.4881026,0.0,0.0,0.0,1.5214963,0.088740684,0.0,0.42774126,0.0,0.0,0.0,3.0859618,0.0,0.0,1.3981445,0.0,0.41224828,0.7861456,0.0,0.0,0.0,0.9058983,1.0651824,1.1080657,0.7931153,0.0,0.61799157,0.06008787,0.0,0.11077239,0.0,0.0,0.9438003,0.0,0.0,0.0,0.92964506,0.7922363,0.0,1.5177982,0.0,0.35478684,0.0,0.0,0.0,0.48642448,0.0,0.6654592,0.0,0.0,0.0,0.33557615,0.0,0.0,0.0,0.0,2.5864253,0.0,0.42529795,0.0,0.0,1.2258527,0.0,4.5673323,1.0948169,2.220372,0.0,0.0,1.9863334,1.7219459,0.0,2.9820733,0.0,0.15837081,0.20905226,0.0,0.0,0.0,0.7958474,0.18422164,0.0,0.0,1.4083601,0.0,0.0,0.0,0.0,0.29085225,0.0,9,3,0.5302672,rock,disco
0.0,0.0,0.0,1.9818825,1.8257961,0.0,1.1823944,0.0,0.6374129,0.0,0.025077643,0.0,0.0,0.0,0.0,0.0,0.0,2.4646466,0.0,0.0,1.0327549,1.1374357,0.0,0.45597324,0.0,0.0,0.0,0.0,1.0712161,0.0,0.0,0.0,0.0,0.0,0.0,0.0,0.0,0.0,0.15307812,0.1239141,0.0,0.7861625,0.4999737,0.0,0.13845181,0.08974401,0.0,0.011041462,0.0,0.0,0.4026884,0.0,0.08854356,1.0459889,0.0754489,0.3319835,1.3743328,0.6721859,0.0,0.0,0.0,0.4287814,0.0,0.0,0.0,0.54561776,0.0,0.0,0.0,0.0,1.6906652,0.0,0.0,0.0,0.49341092,0.54629654,0.0,0.35882002,1.7223614,0.0,0.0,0.0,0.0,0.194849,0.23373286,0.0,0.0,0.0,0.0,0.51805085,1.9314226,0.7301624,0.0,0.8350034,0.40396303,0.27663457,0.0,0.0,0.0,0.14553587,0.8226436,0.0,2.4510183,0.0,1.2988458,0.0,0.2005462,1.086724,1.1585385,0.0,1.5685922,0.0,0.0,2.4594576,0.0,0.0,0.0,0.0,2.287427,0.0,0.0,0.47865316,0.37216738,0.0,0.0,0.20734107,0.0,0.0,9,9,0.9261984,rock,rock
0.0,0.0,0.0,1.8920574,1.5464165,0.0,1.0166531,0.0,1.0399655,0.0,0.0,0.0,0.0,0.0,0.0,0.0,0.0,2.34245,0.0,0.0,0.62457734,1.2763392,0.0,0.69897455,0.0,0.0,0.0,0.0,0.79059404,0.0,0.0,0.0,0.0,0.0,0.015998691,0.0,0.0,0.0,0.0,0.0,0.0,1.2280422,0.0,0.0,0.14840245,0.37117228,0.0,0.0,0.0,0.0,0.26345554,0.0,0.0,1.3223021,0.6977978,0.0,1.451364,0.5255115,0.0,0.0,0.0,0.2659381,0.0,0.0,0.0,0.6200161,0.0,0.0,0.0,0.0,1.2265823,0.0,0.0,0.0,0.23364624,0.5531289,0.0,0.3658899,1.866076,0.0,0.0,0.0,0.0,0.5998053,1.1058033,0.0,0.0,0.0,0.0,0.61172473,1.2815627,0.46369383,0.0,0.809741,0.5319382,0.62078756,0.0,0.0,0.0,0.13110591,1.1553148,0.03496158,2.3738441,0.21933976,1.5316107,0.16029344,0.041419376,1.2815552,0.9129054,0.0,1.6690092,0.0,0.0,1.9459063,0.0,0.0,0.0,0.0,1.4569091,0.0,0.0,0.495332,0.45209318,0.0,0.0,0.40901828,0.028118141,0.0,9,9,0.8484745,rock,rock
0.0,0.0,0.0,1.6298494,1.1895428,0.0,1.0348864,0.0,0.90643984,0.0,0.2840121,0.0,0.0,0.0,0.0,0.0,0.0,2.456893,0.0,0.0,0.8877028,1.2178222,0.0,0.6093969,0.0,0.0,0.0,0.0,0.55948544,0.0,0.0,0.0,0.0,0.0,0.0,0.0,0.0,0.0,0.0,0.5307644,0.0,0.6422223,0.31023428,0.0,0.0,0.0,0.0,0.0,0.0,0.0,0.74666405,0.0,0.0,0.809388,0.0,0.38473192,0.79445255,0.2322485,0.0,0.0,0.0,0.90085393,0.0,0.0,0.0,0.29402766,0.0,0.0,0.0,0.0,0.96100295,0.0,0.0,0.0,0.013998118,0.8915623,0.0,0.08019826,1.9759685,0.0,0.0,0.0,0.0,0.27661324,0.04989267,0.0,0.6774814,0.0,0.0,0.66480196,1.8237157,0.5801493,0.0,0.85516423,0.64460343,0.67832243,0.0,0.0,0.0,0.0994338,0.772988,0.0,1.7112421,0.0,0.7308968,0.0,0.0,1.7315751,1.4609522,0.0,1.8308421,0.0,0.0,2.1754072,0.0,0.0,0.0,0.0,2.239897,0.0,0.0,0.3865748,0.0,0.0,0.0,0.026848735,0.21750246,0.0,9,9,0.9189394,rock,rock
0.0,0.0,0.24531762,2.3998322,1.5246961,0.0,1.6436068,0.0,0.93162936,0.0,1.1633551,0.0,0.0,0.0,0.0,0.053394757,0.0,2.5142016,0.0,0.0,1.4960921,1.4005865,0.0,0.47744888,0.0,0.0,0.0,0.0,1.2025115,0.0,0.0,0.0,0.0,0.0,0.0,0.0,0.0,0.0,0.29216716,1.3120176,0.654078,0.5631435,1.0066139,0.0,0.49345464,0.0,0.0,0.0,0.0,0.0,1.4245597,0.0,0.0,1.1435211,0.0,0.26466325,0.936663,0.27770042,0.0,0.0,0.0,1.8356888,0.0,0.0,0.0,0.3208952,0.0,0.0,0.0,0.0,1.1155605,0.0,0.0,0.0,0.5618165,1.135095,0.0,0.0,2.212301,0.0,0.0,0.0,0.0,0.0,0.0,0.0,1.0424371,0.0,0.0,0.0,2.1706765,0.97260034,0.0,1.3084286,0.0,1.0030344,0.0,0.0,0.0,0.0,0.8776235,0.0,2.295339,0.0,0.74934256,0.0,0.0,1.9941648,2.566627,0.0,1.8928329,0.0,0.0,2.570922,0.0,0.0,0.0,0.0,3.1458623,0.0,0.0,0.6458001,0.0,0.0,0.0,0.0,0.106167175,0.0,9,9,0.9745849,rock,rock
0.0,0.0,0.0,2.475275,1.8848243,0.0,1.8650948,0.0,0.687027,0.0,0.96619314,0.0,0.0,0.0,0.0,0.0,0.0,2.3772266,0.0,0.0,1.4385564,1.4287707,0.0,0.13757633,0.0,0.0,0.0,0.0,1.2864931,0.0,0.0,0.0,0.0,0.0,0.0,0.0,0.0,0.0,0.41763663,1.1705195,0.3582934,0.8252956,0.81308997,0.0,0.33294857,0.0,0.0,0.020312013,0.0,0.0,1.0632212,0.0,0.0,1.0060923,0.0,0.24202606,1.2101947,0.44383225,0.0,0.0,0.0,1.2088901,0.0,0.0,0.24014464,0.39212942,0.0,0.0,0.0,0.0,1.3371371,0.0,0.0,0.0,0.49942747,0.913386,0.0,0.0500937,1.6116366,0.0,0.0,0.0,0.0,0.0,0.0,0.0,0.557765,0.0,0.0,0.0,1.751187,0.91287684,0.0,1.3925093,0.0,1.098757,0.0,0.0,0.0,0.0,0.790048,0.0,2.4720464,0.0,1.0677071,0.0,0.10111739,1.6308182,2.1577733,0.0,1.7536421,0.0,0.0,2.4822445,0.0,0.0,0.0,0.0,2.7933998,0.0,0.0,0.39845222,0.0,0.0,0.0,0.0,0.04728173,0.0,9,9,0.95195895,rock,rock
0.0,0.0,0.0,1.0954859,1.666905,0.0,2.4103231,0.0,0.0,0.0,0.5645894,0.0,0.0,0.0,0.0,0.0,0.0,1.1763142,0.0,0.006799948,0.0,1.1590871,0.0,0.35954022,0.0,0.0,0.0,0.0,0.8205413,0.0,0.0,0.0,0.4893188,0.0,0.018691871,0.0,0.0,0.3972715,1.6434681,0.36281195,0.0,0.046764143,0.0,0.0,0.04286271,0.54792964,0.0,0.0,0.0,0.0,1.5799577,0.0,0.0,0.7442124,0.0,0.0,0.955731,0.029479906,0.0,0.0,0.068190195,1.3742977,0.0,0.0,0.11984375,0.72132444,0.0,0.0,0.0,0.0,1.5834179,0.0,0.0,0.0,0.47170362,1.7135023,0.0,0.20027195,1.2361437,0.0,0.0,0.0,0.0,0.0,1.0923169,0.0,0.099743605,0.0,0.14656457,0.09483583,1.8622745,0.0,0.0,1.279225,0.0,0.10078712,0.0,0.0,0.0,0.6294948,0.0,0.7083124,2.9656644,0.0,0.4893919,0.0,0.52553487,0.12647529,0.2919715,0.0,0.97252214,0.0,0.22459202,1.5845445,0.0,0.0,0.0,0.0,1.7378031,0.0,0.0,0.51527125,0.0,0.0,0.065184176,0.6721477,0.0,0.0,9,9,0.8250054,rock,rock
0.0,0.0,0.0,1.8182371,0.959817,0.0,1.5441028,0.0,1.0065271,0.0,0.10121378,0.0,0.0,0.0,0.0,0.0,0.0,2.2052147,0.0,0.0,0.0,1.9510155,0.0,0.5181362,0.0,0.0,0.0,0.0,0.3389155,0.0,0.0,0.0,0.3793963,0.0,0.0,0.0,0.0,0.0,0.5819536,1.144659,0.0,0.47539648,0.0,0.0,0.0,0.19878595,0.0,0.0,0.0,0.0,1.5191083,0.0,0.0,1.2300141,0.0,0.0,0.7893519,0.5557124,0.0,0.0,0.0,0.5194005,0.0,0.0,0.0,0.53797925,0.0,0.0,0.0,0.0,1.3886261,0.18348421,0.0,0.0,0.0,1.541454,0.0,0.0,1.6375194,0.0,0.0,0.0,0.0,0.0,1.5390244,0.0,0.8352033,0.0,0.0,0.0,1.4217899,0.0,0.0,0.8742196,0.0,1.4696498,0.0,0.0,0.0,0.17563774,1.3599429,0.085572734,2.687323,0.0,0.87482935,0.0,0.6152426,1.0948586,1.4901881,0.0,1.746538,0.0,0.1262752,1.4805396,0.0,0.0,0.0,0.0,1.695248,0.0,0.0,1.041378,0.06923432,0.0,0.0,0.7994203,0.0,0.0,9,9,0.8586426,rock,rock
0.0,0.0,0.0,2.6512873,0.90973073,0.0,1.893088,0.0,1.8755598,0.0,0.0,0.0,0.0,0.1145014,0.0,0.0,0.0,3.061251,0.0,0.0,0.700933,2.258864,0.0,0.26417914,0.0,0.0,0.0,0.0,0.4867636,0.0,0.0,0.0,0.15764576,0.0,0.0,0.0,0.0,0.0,0.0,1.2892586,0.0,1.050277,0.0,0.15529208,0.0,0.4901886,0.0,0.0,0.0,0.0,1.2416085,0.0,0.0,1.3447881,0.0,0.0,1.3801296,0.75547516,0.0,0.0,0.0,0.0,0.0,0.0,0.45013002,0.61906016,0.0,0.0,0.0,0.0,1.4273993,0.90488076,0.0,0.0,0.0,0.6347772,0.0,0.0,1.9186903,0.0,0.0,0.0,0.0,0.0,1.9585958,0.0,0.7211097,0.0,0.0,0.0,0.8045035,0.0,0.0,0.28138107,0.0,2.4988532,0.0,0.0,0.0,0.0,1.8484335,0.0,3.9674878,0.048710234,2.0151443,0.0,0.59313595,1.4364762,2.2451465,0.0,2.119898,0.0,0.0,1.6363704,0.0,0.0,0.0,0.5280875,0.99821293,0.0,0.0,1.5475961,0.3766448,0.0,0.0,0.5176371,0.0,0.0,9,9,0.55996746,rock,rock
0.0,0.0,0.0,2.9011717,1.2788749,0.0,2.5034513,0.0,0.8490139,0.0,0.25214225,0.10021331,0.0,0.059434697,0.0,0.0,0.0,2.8348064,0.0,0.0,0.9210555,2.186534,0.0,0.69773287,0.0,0.0,0.0,0.0,0.56468076,0.0,0.0,0.0,0.42808145,0.0,0.0,0.0,0.0,0.114707164,0.17507789,1.7821882,0.0,0.98618364,0.0,0.082423486,0.0,0.50233716,0.0,0.0,0.0,0.0,1.9500104,0.0,0.0,1.0074407,0.0,0.0,1.1048518,0.049929127,0.0,0.0,0.0,0.1438039,0.0,0.0,0.0,0.25918332,0.0,0.0,0.0,0.0,1.1115355,0.88646156,0.0,0.0,0.0,0.5672634,0.261502,0.0,2.6154466,0.0,0.0,0.0,0.0,0.0,2.071366,0.0,0.7614186,0.0,0.0,0.0,1.2021787,0.0,0.0,0.0,0.0,2.1342287,0.0,0.0,0.0,0.0,1.37308,0.0,3.65829,0.10284989,1.8637938,0.4900766,0.14018467,1.9592836,2.5375485,0.0,2.2793634,0.0,0.0,1.553522,0.0,0.0,0.0,0.64088523,1.9332247,0.0,0.0,1.4992635,0.0,0.0,0.0,0.0,0.0,0.0,9,9,0.71158093,rock,rock
0.0,0.0,0.0,2.5847392,1.0380113,0.0,2.047997,0.0,0.8035922,0.0,0.2806869,0.0,0.0,0.113639414,0.0,0.0,0.0,2.7145896,0.0,0.0,0.65128934,2.0354779,0.0,0.295214,0.0,0.0,0.0,0.0,0.3102245,0.0,0.0,0.0,0.45491946,0.0,0.0,0.0,0.0,0.11029405,0.25388142,1.5955653,0.0,0.71015406,0.0,0.37871778,0.0,0.58347595,0.0,0.0,0.0,0.0,1.7789638,0.0,0.0,1.2706363,0.0,0.0,1.0324174,0.0,0.0,0.0,0.0,0.5094114,0.0,0.0,0.2423518,0.2806688,0.0,0.0,0.0,0.0,1.2828853,0.82751656,0.0,0.0,0.0,0.74137515,0.08706267,0.0,2.3612692,0.0,0.0,0.0,0.0,0.0,2.0045083,0.0,0.75835997,0.0,0.0,0.0,1.2426817,0.0,0.0,0.20753688,0.0,1.9941254,0.0,0.0,0.0,0.0,0.9115576,0.0,3.4412987,0.0,1.5194317,0.20889702,0.24622077,1.7053235,2.1630564,0.0,2.1060421,0.0,0.0,1.5074556,0.0,0.0,0.0,0.687441,1.651921,0.0,0.0,1.1389717,0.0,0.0,0.0,0.0,0.0,0.0,9,9,0.72173756,rock,rock
0.0,0.0,0.0,2.360116,0.47937697,0.0,2.3114073,0.0,2.7003844,0.0,0.0,0.0,0.0,0.0,0.0,0.0,0.0,2.4859889,0.0,0.0,1.0173737,1.627284,0.0,0.52743405,0.0,0.0,0.0,0.0,0.9500525,0.0,0.0,0.0,0.19385627,0.0,0.0,0.0,0.0,0.0,0.02939577,1.6273017,0.0,1.0454363,0.0,0.6564975,0.0,0.9991484,0.4060501,0.0,0.0,0.0,1.7990059,0.0,0.0,1.3229266,0.37081295,0.0,0.8452719,0.45373267,0.0,0.0,0.38771588,0.0,0.0,0.21333842,0.6801402,0.33714435,0.0,0.0,0.0,0.0,0.0,1.0047174,0.0,0.0,0.0,0.7046925,0.049192283,0.0,1.7959177,0.0,0.0,0.0,0.0,0.0,1.4797587,0.0,0.5564874,0.0,0.0,0.0,0.47805798,0.0,0.0,0.0,0.0,2.4186068,0.0,0.070951544,0.0,0.0,1.8819486,0.0,3.7657762,0.50006634,1.6288574,0.80865216,0.76725966,1.5935462,1.8966981,0.0,1.7517005,0.0,0.0,0.87949896,0.0,0.0,0.0,0.12934263,0.0,0.0,0.0,0.8857363,0.19977692,0.0,0.0,0.0,0.0,0.0,9,0,0.53865427,rock,blues
0.0,0.0,0.0,2.069126,0.38261583,0.0,2.7662172,0.0,2.701884,0.0,0.0,0.0,0.0,0.0,0.0,0.0,0.0,2.8495548,0.0,0.0,0.6280604,2.08032,0.0,0.19254933,0.3559244,0.0,0.8025488,0.0,0.9684823,0.0,0.0,0.0,0.2411066,0.0,0.0,0.0,0.0,0.0,0.0,1.1558208,0.0,0.85853726,0.0,0.7347399,0.0,0.8996001,0.12149649,0.0,0.0,0.0,1.701476,0.0,0.0,2.1746974,0.54842144,0.020103706,1.6685307,0.4630312,0.0,0.0,0.0,0.0,0.0,0.7987592,0.716222,0.65063053,0.0,0.0,0.0,0.0,0.0,1.7943754,0.5077488,0.0,0.0,0.31929678,0.0,0.0,1.2424029,0.0,0.0,0.0,0.0,0.0,1.4556024,0.0,0.2743799,0.0,0.0,0.0,0.2823843,0.0,0.0,0.0,0.0,2.6852434,0.0,0.0,0.0,0.0,2.4091077,0.0,4.4830446,1.0767764,2.276397,0.20174678,1.5472264,1.1053814,1.467833,0.0,2.126905,0.0,0.0,1.0426401,0.0,0.0,0.0,0.008501872,0.0,0.0,0.0,1.0791084,0.80355376,0.0,0.0,0.2531295,0.0,0.0,9,0,0.6521408,rock,blues
0.0,0.0,0.0,2.46832,0.63884926,0.0,2.7465358,0.0,2.6191518,0.0,0.0,0.0,0.0,0.0,0.0,0.0,0.0,2.8556693,0.0,0.0,0.2949316,2.1233225,0.0,0.4833213,0.0,0.0,0.52234584,0.0,0.93433124,0.0,0.0,0.0,0.07555789,0.0,0.0,0.0,0.0,0.0,0.3165601,1.8307968,0.0,0.6776592,0.0,0.4396431,0.0,0.4150653,0.0,0.0,0.0,0.0,2.0060034,0.0,0.0,1.8400416,0.024052182,0.30034387,1.1666793,0.4870094,0.0,0.0,0.0,0.29618767,0.40807813,1.0922949,0.9059934,0.686105,0.0,0.0,0.0,0.0,0.33777475,0.9763171,0.12471175,0.0,0.0,0.9478232,0.0,0.0,1.4490083,0.0,0.0,0.0,0.0,0.0,1.2316988,0.0,0.75870883,0.0,0.0,0.0,0.78746134,0.0,0.0,0.0,0.0,2.5467577,0.0,0.0,0.0,0.0,1.8012378,0.0,4.2331824,0.5114216,1.6437315,0.0,1.5387598,1.346341,1.7573874,0.0,2.5654824,0.0,0.0,1.1301404,0.0,0.0,0.0,0.36910143,0.12486191,0.0,0.0,0.84764224,0.92643774,0.0,0.0,0.057988882,0.0,0.0,9,0,0.3998714,rock,blues
0.0,0.0,0.0,2.0424595,0.58469844,0.0,2.2527606,0.2312773,2.403955,0.0,0.0,0.0,0.0,0.0,0.0,0.0,0.0,2.0294666,0.0,0.0,0.0,2.1556063,0.0,0.87199575,0.0,0.0,0.6474938,0.0,0.89177334,0.0,0.0,0.0,0.16852161,0.0,0.0,0.0,0.0,0.0,0.8660328,1.8388214,0.4578118,0.0,0.0,0.0,0.0,0.0,0.0,0.0,0.0,0.0,1.9265174,0.0,0.0,1.5825351,0.0,0.8821677,0.85238737,0.36959365,0.0,0.0,0.0,1.1682391,0.07647334,1.0528845,0.87945837,1.0108738,0.0,0.0,0.0,0.0,1.3151082,0.18791609,0.0,0.0,0.0,1.8184865,0.0,0.0,1.7885627,0.0,0.0,0.0,0.0,0.0,0.94357616,0.0,1.283455,0.0,0.0,0.0,1.4514866,0.0,0.0,0.57105273,0.0,2.4100657,0.0,0.0,0.0,0.0,1.1910322,0.0,3.3617399,0.2042035,0.7228939,0.0,1.303935,1.3434125,1.5472803,0.0,2.6616938,0.0,0.0,1.5305392,0.0,0.0,0.0,1.0909896,0.77490675,0.0,0.0,0.6556309,1.173843,0.0,0.0,0.0,0.0,0.0,9,9,0.74232745,rock,rock
0.0,0.0,0.0,1.9464914,0.74510497,0.0,2.244366,0.18946804,2.1829941,0.0,0.0,0.12915505,0.0,0.0,0.0,0.0,0.0,1.8895658,0.0,0.0,0.0,1.865096,0.0,0.9862735,0.0,0.0,0.31799996,0.0,0.83082193,0.0,0.0,0.0,0.6662733,0.0,0.0,0.0,0.0,0.24610364,1.3308619,1.8075937,0.16708983,0.0,0.0,0.0,0.117247276,0.0,0.0,0.0,0.0,0.0,2.4144185,0.0,0.0,1.3118281,0.0,1.3351985,1.1959242,0.1274236,0.0,0.0,0.0,0.76180834,0.0,0.9209851,0.60158885,0.48166212,0.0036027958,0.0,0.0,0.0,1.8173844,0.53060436,0.0,0.0,0.0,1.6829282,0.0,0.0,2.295082,0.0,0.0,0.0,0.0,0.0,0.6696299,0.0,0.9161509,0.0,0.0,0.0,1.3241315,0.0,0.0,0.9805259,0.0,2.1360946,0.0,0.0,0.0,0.0,1.3064555,0.0,3.756248,0.25684282,0.6733056,0.0,1.3670752,1.2314739,2.0367336,0.0,2.806874,0.0,0.0,1.560634,0.0,0.0,0.0,1.9534415,1.1480237,0.0,0.0,0.71972567,1.2934263,0.0,0.0,0.0,0.0,0.0,9,9,0.78904253,rock,rock
0.0,0.0,0.0,1.7385877,2.4486673,0.13322005,1.9741482,0.0,0.3917743,0.0,0.0,0.0,0.0,0.0,0.0,0.0,0.0,2.3058164,0.0,0.0,0.47999373,0.73230004,0.0,0.6246398,0.29923674,0.0,0.0,0.0,1.2634556,0.0,0.0,0.0,0.16271953,0.0,0.123006016,0.0,0.0,0.38897943,0.49437478,0.0,0.0,0.9720739,0.40276814,0.0,0.0,1.3267828,0.0,0.25680888,0.0,0.0,0.20278664,0.0,0.0,1.1528444,0.0,0.0,1.5630902,0.3107784,0.0,0.0,0.0,0.26874468,0.0,0.0,0.41054186,1.0126482,0.0,0.0,0.0,0.0,1.3964232,0.53744066,0.43826702,0.0,0.8481045,0.0,0.0,0.13277149,1.025123,0.0,0.0,0.0,0.0,0.79749364,1.5208929,0.0,0.0,0.0,0.0,0.17540608,1.2442039,0.0,0.0,0.4649139,1.2697482,0.16990547,0.2932524,0.0,0.0,0.7063645,0.25393727,0.45173264,3.116374,0.0,1.6666884,1.2352593,0.9319614,0.0,0.61794615,0.0,1.864572,0.0,0.0,2.1810808,0.0,0.0,0.0,0.0,0.90844744,0.0,0.0,0.24663949,0.18535055,0.0,0.0,0.31302503,0.33042842,0.0,9,9,0.5970687,rock,rock
0.0,0.0,0.0,2.4242759,2.2534382,0.0,1.3171883,0.0,0.82800066,0.0,0.49209762,0.0,0.0,0.0,0.0,0.0,0.0,2.77198,0.0,0.0,0.93614095,1.0208343,0.0,1.0533867,0.6246127,0.0,0.0,0.0,1.4841404,0.0,0.0,0.0,0.0,0.0,0.0,0.0,0.0,0.0,0.0,0.0,0.0,1.8278732,0.6253759,0.0,0.0,1.1506658,0.0,0.4458279,0.0,0.042477574,0.06465228,0.0,0.025282972,1.332148,0.052355286,0.0,1.5317858,1.080644,0.0,0.0,0.0,0.29246983,0.0,0.0,0.25636074,0.6660166,0.0,0.0,0.0,0.0,1.8956943,0.10526905,0.0,0.0,1.1483331,0.0,0.054815773,0.0,1.3038545,0.0,0.0,0.0,0.0,1.0843432,1.2169464,0.0,0.0,0.0,0.0,0.6128992,1.1893404,0.0,0.0,0.9954877,1.1129507,0.026307313,0.39379802,0.0,0.0,0.62442005,1.342533,0.6293077,2.6656864,0.0,1.2851743,1.5863093,0.84588015,0.27590442,0.80760926,0.0,1.7491438,0.0,0.0,2.8175707,0.0,0.0,0.0,0.0,1.3506294,0.0,0.0,0.0,0.14755714,0.0,0.0,0.989122,0.6201343,0.0,9,9,0.87955445,rock,rock
0.0,0.0,0.0,2.124161,2.257081,0.0,1.2755972,0.0,0.9263474,0.0,0.5755942,0.0,0.0,0.0,0.0,0.0,0.0,2.2364419,0.0,0.0,0.65162605,1.3428153,0.0,1.1289028,0.49969646,0.0,0.0,0.0,1.2262837,0.0,0.0,0.0,0.0,0.0,0.0,0.0,0.0,0.0,0.213296,0.12692946,0.0,1.6374259,0.6082817,0.0,0.27039388,0.98156995,0.0,0.45627838,0.0,0.021551894,0.28409427,0.0,0.31442273,1.3425305,0.0,0.0,1.5500764,0.9835796,0.0,0.0,0.0,0.04099952,0.0,0.0,0.36749688,0.7866366,0.0,0.0,0.0,0.0,2.0213537,0.24419181,0.0,0.0,1.16953,0.0020899402,0.0,0.0,1.2592958,0.0,0.0,0.0,0.0,0.91228324,1.2451872,0.0,0.0,0.0,0.0,0.5517842,1.3876116,0.0,0.0,1.3180398,0.73755366,0.3278141,0.4772514,0.0,0.0,0.7302049,0.99152356,0.5579486,2.2579246,0.0,0.829878,1.1633214,0.8522902,0.2321342,0.9035316,0.0,1.7452995,0.0,0.0,2.473388,0.0,0.0,0.0,0.0,1.2700609,0.0,0.0,0.41252896,0.23701833,0.0,0.0,1.265269,0.43946788,0.0,9,9,0.91821617,rock,rock
0.0,0.0,0.0,1.0665876,1.8746359,0.10550579,1.2395513,0.0,0.0,0.24328424,0.023445059,0.0,0.0,0.0,0.0,0.0,0.0,2.5523634,0.0,0.0,0.93362755,0.63207144,0.0,0.0,0.22244653,0.0,0.0,0.0,1.2379416,0.0,0.0,0.0,0.36812127,0.0,0.0,0.0,0.0,0.92385304,0.0,0.0,0.0,0.11489758,1.0006456,0.23267597,0.0,1.1202505,0.1692994,0.47485328,0.0,1.0449488,0.3680513,0.0,0.0,0.20630087,0.0,0.0,1.4479403,0.100689285,0.0,0.0,0.0,0.689828,0.0,0.0,0.0,0.20630375,0.0,0.0,0.0,0.0,0.6814515,0.8261596,0.14764404,0.0,0.93697566,0.0,0.3653273,0.0,0.29586816,0.0,0.0,0.0,0.0,0.3713776,1.3980817,0.0,0.0,0.0,0.0,0.25945237,0.83853775,0.0,0.0,0.2430016,1.0923139,0.0,1.1192188,0.0,0.0,0.74243134,0.0,0.50344056,2.9865758,0.0,0.7171788,0.97889566,0.76358294,0.0,1.0397258,0.0,1.390921,0.0,0.0,1.71561,0.0,0.08467844,0.0,0.0,0.39890584,0.0,0.0,0.0,0.0,0.0,0.0,0.0,0.7522346,0.0,9,0,0.67118865,rock,blues
0.0,0.0,0.0,1.0458311,2.0821853,0.0,1.2914284,0.0,0.0,0.303623,0.506731,0.0,0.0,0.0,0.0,0.0,0.0,2.6035929,0.0,0.0,1.1377302,0.9014069,0.0,0.0,0.0,0.0,0.0,0.0,1.6118357,0.0,0.0,0.0,0.25014383,0.0,0.0,0.0,0.0,1.3858954,0.0,0.6049686,0.0,0.0,0.6673834,0.7574323,0.0,0.2556545,0.0,0.0,0.0,0.13430275,0.30507866,0.0,0.0,0.0,0.0,0.0,1.3772408,0.86065435,0.0,0.0,0.0,0.93023795,0.45366454,0.0,0.0,0.32686344,0.33730268,0.0,0.0,0.06502203,0.710522,0.0,0.0,0.0,0.7525368,0.0,0.0,0.07965471,0.50949085,0.0,0.0,0.0,0.36804646,0.53846735,0.8253024,0.0,0.0,0.0,0.0,0.28930166,0.89627033,0.0,0.0,0.82389194,1.381687,0.0,0.70292777,0.0,0.0,0.46909907,0.0,0.69205004,2.163274,0.0,0.0,0.19355126,1.3776939,0.0,1.4624435,0.0,1.9535761,0.0,0.0,1.8980197,0.0,0.3661682,0.0,0.0,0.8511848,0.0,0.0,0.00035959497,0.0,0.0,0.0,0.0,0.5148157,0.0,9,9,0.4921038,rock,rock
0.44300556,0.0,0.0,0.0,0.39002773,0.0,0.99836123,0.0,0.0,0.0,0.049481273,0.0,0.0,0.0,0.0,0.0,0.0,0.0,0.0,0.0,0.0,0.35943943,0.0,0.49099824,0.0,0.0,0.0,0.0,0.0,0.0,0.0,0.0,0.31003165,0.0,0.2369338,0.0,0.26192945,0.048888605,0.69215566,0.0,0.0,0.56962144,0.19461748,0.0,0.8974149,0.50903064,0.9356317,0.0,0.0,0.0,0.13567895,0.0,0.06590255,0.0,0.87646776,0.0,0.4905448,0.0,0.0,0.0,0.6188327,0.25867724,0.0,0.0,0.0,0.0,0.0,0.0,0.0,0.0,0.059238777,0.23611164,0.0,0.0,0.118779555,1.2052675,0.0,0.0,1.4561112,0.0,0.0,0.0,0.016933465,0.0,0.4724676,0.04773856,0.0,0.0,0.7327596,0.02398946,0.651434,0.7421417,0.0,1.1265005,0.0,0.12530844,0.0,0.0,0.0,0.69704896,0.33398598,0.0,1.4928026,0.8615962,0.20982657,0.0,0.0,0.9788453,0.0,0.0,0.0,0.0,0.7421929,0.0,0.0,0.110839725,0.0,0.0,1.2460173,0.0,0.0,0.3223747,0.0,0.0,0.0,0.0,0.0,0.0,9,1,0.23326835,rock,classical
0.0,0.0,0.0,0.27146104,1.0909381,0.0,0.9204083,0.0,0.0,0.0,0.45326054,0.0,0.0,0.0,0.0,0.0,0.0,0.4333278,0.0,0.0,0.10882592,1.0816008,0.0,0.5709591,0.0,0.0,0.0,0.0,0.52145344,0.0,0.0,0.0,0.0,0.0,0.80380404,0.0,0.0,0.0,0.40398088,0.50253433,0.0,0.9871659,0.59098536,0.0,0.24354145,0.93168795,0.36850408,0.0,0.0,0.06748224,0.5890121,0.0,0.03476098,0.10956488,0.30862007,0.0,0.026957726,0.0,0.0,0.0,0.0,0.8120092,0.0,0.0,0.0,0.2055204,0.0,0.0,0.0,0.0,0.6879267,0.0,0.0,0.0,0.3257743,1.5758678,0.0,0.1898879,2.164252,0.0,0.0,0.0,0.060065284,0.0,0.4706854,0.17633662,0.0,0.0,0.0,0.54228425,0.6254642,0.67995024,0.0,0.7830647,0.0,0.11117058,0.0,0.0,0.0,0.41604868,0.5842142,0.0,1.3551862,0.41317144,0.35640547,0.029067144,0.0,1.892378,0.28238252,0.0,0.0,0.0,0.51018035,0.89238954,0.0,0.0,0.0,0.0,1.7270931,0.0,0.0,0.0,0.0,0.0,0.0,0.0,0.0,0.0,9,9,0.64899385,rock,rock
0.40459543,0.0,0.0,0.4028323,1.0435168,0.0,1.219376,0.0,0.0,0.0,0.0,0.009483904,0.0,0.0,0.0,0.0,0.0,0.59757614,0.0,0.0,0.0,1.4015099,0.0,1.1681674,0.0,0.0,0.0,0.0,0.8176271,0.0,0.0,0.0,0.0,0.0,1.3418294,0.0,0.0,0.07768762,0.0,0.0,0.0,0.9761955,0.54720527,0.0,0.39444908,1.850935,0.59741515,0.0,0.0,0.84722805,0.12909716,0.0,0.7149943,0.69424707,0.69527864,0.0,0.8456799,0.0,0.0,0.0,0.26962537,0.3928881,0.0,0.0,0.0,0.7267253,0.0,0.0,0.0,0.0,0.87525827,0.7348461,0.0,0.0,0.7342937,1.502122,0.0,0.225923,2.2714264,0.0,0.0,0.0,0.1039313,0.0,0.9942698,0.0,0.0,0.0,0.38014787,0.4823707,0.23294926,0.81314325,0.0,0.08627792,0.0,0.0,0.1143424,0.0,0.0,0.19434232,0.83327967,0.2963379,1.8523995,0.25850084,1.1897843,0.6063673,0.0,1.1121962,0.0,0.0,0.0,0.0,0.4802321,0.6885646,0.0,0.22812954,0.0,0.0,1.9019334,0.0,0.0,0.0,0.0,0.0,0.0,0.85373807,0.30333766,0.0,9,9,0.47944382,rock,rock
0.09490181,0.0,0.0,0.017835,1.4380904,0.0,1.3760504,0.0,0.0,0.0,0.49546006,0.09162108,0.0,0.0,0.0,0.0,0.0,0.2699642,0.0,0.0021692798,0.0,1.49429,0.0,1.2008325,0.0,0.0,0.0,0.0,0.76504946,0.0,0.0,0.0,0.0,0.0,0.68914866,0.0,0.0,0.15193221,0.7531608,0.25802937,0.0,0.4615399,0.03929666,0.0,0.37758148,0.70465344,0.06295828,0.0,0.0,0.0,0.744861,0.0,0.6348769,0.14622022,0.0,0.0,0.009947097,0.0,0.0,0.0,0.41428888,1.1189388,0.0,0.0,0.0,0.3305437,0.0,0.0,0.0,0.0,0.88875586,0.0,0.0,0.0,0.41464627,1.7247779,0.0,0.25022376,1.8197683,0.0,0.0,0.0,0.0,0.0,0.48114523,0.0,0.027194051,0.0,0.156847,0.30292675,1.1453221,0.39773577,0.0,0.8195517,0.0,0.11341193,0.0,0.0,0.0,0.60080713,0.57199293,0.0,1.6219617,0.03082215,0.123879015,0.0,0.0,1.4967872,0.0076220473,0.0,0.0,0.0,0.33461607,0.48089275,0.0,0.048581712,0.0,0.0,2.2228167,0.0,0.0,0.0,0.0,0.0,0.0,0.0,0.37200996,0.0,9,9,0.72003895,rock,rock
0.0,0.0,0.0,0.0,1.2849069,0.0,0.9911317,0.07549014,0.0,0.0,0.8179463,0.1939402,0.0,0.0,0.0,0.0,0.0,0.07144789,0.0,0.0,0.0,1.2257411,0.0,0.384457,0.0,0.0,0.0,0.0,0.41346288,0.0,0.0,0.0,0.16447644,0.0,1.2834404,0.0,0.08205514,0.21220925,0.48130217,0.6453944,0.0,0.06707121,0.61212784,0.0,0.6352314,0.5741594,0.6716314,0.0,0.0,0.0,0.8866044,0.0,0.36220974,0.0,0.0,0.0,0.22914238,0.0,0.0,0.0,0.03189602,0.87268543,0.0,0.0,0.0,0.30058107,0.0,0.0,0.0,0.0,0.3696852,0.0,0.0,0.0,0.70413524,1.7664613,0.0,0.47245228,1.4168261,0.0,0.0,0.0,0.56530756,0.0,0.6119165,0.0,0.0,0.0,0.35236162,0.26016483,1.3095523,0.3728618,0.0,0.318962,0.0,0.0,0.0,0.0,0.0,0.36759296,0.1436081,0.0,0.5918522,0.7302501,0.098716475,0.0,0.34617603,1.6480961,0.0,0.0,0.0,0.0,0.22535454,0.4557741,0.0,0.007044416,0.0,0.0,1.9823415,0.0,0.0,0.0,0.0,0.0,0.0,0.0,0.0,0.0,9,9,0.4766112,rock,rock
